image_id,target,image_path
ISIC_5221415,0.0,../../../data/ISIC_2024_Permissive_Training_Input/ISIC_5221415.jpg
ISIC_5602331,0.0,../../../data/ISIC_2024_Permissive_Training_Input/ISIC_5602331.jpg
melanoma_5704,1.0,../../../data/hand_filtered_dataset/malignant/mel_train/melanoma_5704.jpg
ISIC_9151818,0.0,../../../data/ISIC_2024_Permissive_Training_Input/ISIC_9151818.jpg
melanoma_9462,1.0,../../../data/hand_filtered_dataset/malignant/mel_train/melanoma_9462.jpg
melanoma_7359,1.0,../../../data/hand_filtered_dataset/malignant/mel_train/melanoma_7359.jpg
ISIC_6446280,0.0,../../../data/ISIC_2024_Permissive_Training_Input/ISIC_6446280.jpg
ISIC_8285712,0.0,../../../data/ISIC_2024_Permissive_Training_Input/ISIC_8285712.jpg
ISIC_0666439,0.0,../../../data/ISIC_2024_Permissive_Training_Input/ISIC_0666439.jpg
ISIC_0829105,0.0,../../../data/ISIC_2024_Permissive_Training_Input/ISIC_0829105.jpg
ISIC_8764637,0.0,../../../data/ISIC_2024_Permissive_Training_Input/ISIC_8764637.jpg
melanoma_9285,1.0,../../../data/hand_filtered_dataset/malignant/mel_train/melanoma_9285.jpg
melanoma_5768,1.0,../../../data/hand_filtered_dataset/malignant/mel_train/melanoma_5768.jpg
ISIC_7855559,0.0,../../../data/ISIC_2024_Permissive_Training_Input/ISIC_7855559.jpg
melanoma_7004,1.0,../../../data/hand_filtered_dataset/malignant/mel_train/melanoma_7004.jpg
ISIC_4146040,0.0,../../../data/ISIC_2024_Permissive_Training_Input/ISIC_4146040.jpg
melanoma_7790,1.0,../../../data/hand_filtered_dataset/malignant/mel_train/melanoma_7790.jpg
ISIC_7698111,0.0,../../../data/ISIC_2024_Permissive_Training_Input/ISIC_7698111.jpg
melanoma_9181,1.0,../../../data/hand_filtered_dataset/malignant/mel_train/melanoma_9181.jpg
melanoma_8706,1.0,../../../data/hand_filtered_dataset/malignant/mel_train/melanoma_8706.jpg
melanoma_8216,1.0,../../../data/hand_filtered_dataset/malignant/mel_train/melanoma_8216.jpg
melanoma_7560,1.0,../../../data/hand_filtered_dataset/malignant/mel_train/melanoma_7560.jpg
ISIC_8271932,0.0,../../../data/ISIC_2024_Permissive_Training_Input/ISIC_8271932.jpg
ISIC_3552580,0.0,../../../data/ISIC_2024_Permissive_Training_Input/ISIC_3552580.jpg
ISIC_4890581,0.0,../../../data/ISIC_2024_Permissive_Training_Input/ISIC_4890581.jpg
melanoma_9519,1.0,../../../data/hand_filtered_dataset/malignant/mel_train/melanoma_9519.jpg
melanoma_9151,1.0,../../../data/hand_filtered_dataset/malignant/mel_train/melanoma_9151.jpg
ISIC_5077618,1.0,../../../data/ISIC_2024_Permissive_Training_Input/ISIC_5077618.jpg
melanoma_5945,1.0,../../../data/hand_filtered_dataset/malignant/mel_train/melanoma_5945.jpg
ISIC_5243490,0.0,../../../data/ISIC_2024_Permissive_Training_Input/ISIC_5243490.jpg
ISIC_9962209,0.0,../../../data/ISIC_2024_Permissive_Training_Input/ISIC_9962209.jpg
ISIC_2520525,0.0,../../../data/ISIC_2024_Permissive_Training_Input/ISIC_2520525.jpg
melanoma_7199,1.0,../../../data/hand_filtered_dataset/malignant/mel_train/melanoma_7199.jpg
ISIC_9701330,0.0,../../../data/ISIC_2024_Permissive_Training_Input/ISIC_9701330.jpg
ISIC_2289420,0.0,../../../data/ISIC_2024_Permissive_Training_Input/ISIC_2289420.jpg
ISIC_9202066,0.0,../../../data/ISIC_2024_Permissive_Training_Input/ISIC_9202066.jpg
ISIC_0549395,0.0,../../../data/ISIC_2024_Permissive_Training_Input/ISIC_0549395.jpg
ISIC_0443252,0.0,../../../data/ISIC_2024_Permissive_Training_Input/ISIC_0443252.jpg
melanoma_5952,1.0,../../../data/hand_filtered_dataset/malignant/mel_train/melanoma_5952.jpg
ISIC_3582327,0.0,../../../data/ISIC_2024_Permissive_Training_Input/ISIC_3582327.jpg
melanoma_9573,1.0,../../../data/hand_filtered_dataset/malignant/mel_train/melanoma_9573.jpg
ISIC_5601445,0.0,../../../data/ISIC_2024_Permissive_Training_Input/ISIC_5601445.jpg
melanoma_6630,1.0,../../../data/hand_filtered_dataset/malignant/mel_train/melanoma_6630.jpg
ISIC_1159151,0.0,../../../data/ISIC_2024_Permissive_Training_Input/ISIC_1159151.jpg
ISIC_4207812,0.0,../../../data/ISIC_2024_Permissive_Training_Input/ISIC_4207812.jpg
melanoma_6345,1.0,../../../data/hand_filtered_dataset/malignant/mel_train/melanoma_6345.jpg
ISIC_9541591,0.0,../../../data/ISIC_2024_Permissive_Training_Input/ISIC_9541591.jpg
ISIC_2286573,0.0,../../../data/ISIC_2024_Permissive_Training_Input/ISIC_2286573.jpg
ISIC_9152373,1.0,../../../data/ISIC_2024_Permissive_Training_Input/ISIC_9152373.jpg
ISIC_0394705,0.0,../../../data/ISIC_2024_Permissive_Training_Input/ISIC_0394705.jpg
ISIC_3343286,0.0,../../../data/ISIC_2024_Permissive_Training_Input/ISIC_3343286.jpg
melanoma_5435,1.0,../../../data/hand_filtered_dataset/malignant/mel_train/melanoma_5435.jpg
melanoma_7703,1.0,../../../data/hand_filtered_dataset/malignant/mel_train/melanoma_7703.jpg
ISIC_9250066,0.0,../../../data/ISIC_2024_Permissive_Training_Input/ISIC_9250066.jpg
melanoma_5584,1.0,../../../data/hand_filtered_dataset/malignant/mel_train/melanoma_5584.jpg
ISIC_6960640,0.0,../../../data/ISIC_2024_Permissive_Training_Input/ISIC_6960640.jpg
ISIC_9901708,0.0,../../../data/ISIC_2024_Permissive_Training_Input/ISIC_9901708.jpg
melanoma_7262,1.0,../../../data/hand_filtered_dataset/malignant/mel_train/melanoma_7262.jpg
melanoma_9514,1.0,../../../data/hand_filtered_dataset/malignant/mel_train/melanoma_9514.jpg
ISIC_7470544,0.0,../../../data/ISIC_2024_Permissive_Training_Input/ISIC_7470544.jpg
ISIC_0917246,0.0,../../../data/ISIC_2024_Permissive_Training_Input/ISIC_0917246.jpg
melanoma_5657,1.0,../../../data/hand_filtered_dataset/malignant/mel_train/melanoma_5657.jpg
ISIC_7323467,1.0,../../../data/ISIC_2024_Permissive_Training_Input/ISIC_7323467.jpg
ISIC_7121605,0.0,../../../data/ISIC_2024_Permissive_Training_Input/ISIC_7121605.jpg
melanoma_5899,1.0,../../../data/hand_filtered_dataset/malignant/mel_train/melanoma_5899.jpg
ISIC_0238502,0.0,../../../data/ISIC_2024_Permissive_Training_Input/ISIC_0238502.jpg
ISIC_8930018,0.0,../../../data/ISIC_2024_Permissive_Training_Input/ISIC_8930018.jpg
ISIC_0516656,0.0,../../../data/ISIC_2024_Permissive_Training_Input/ISIC_0516656.jpg
melanoma_6703,1.0,../../../data/hand_filtered_dataset/malignant/mel_train/melanoma_6703.jpg
melanoma_6035,1.0,../../../data/hand_filtered_dataset/malignant/mel_train/melanoma_6035.jpg
melanoma_9320,1.0,../../../data/hand_filtered_dataset/malignant/mel_train/melanoma_9320.jpg
ISIC_9593843,0.0,../../../data/ISIC_2024_Permissive_Training_Input/ISIC_9593843.jpg
ISIC_2570973,0.0,../../../data/ISIC_2024_Permissive_Training_Input/ISIC_2570973.jpg
ISIC_0177742,0.0,../../../data/ISIC_2024_Permissive_Training_Input/ISIC_0177742.jpg
ISIC_5995573,0.0,../../../data/ISIC_2024_Permissive_Training_Input/ISIC_5995573.jpg
melanoma_8705,1.0,../../../data/hand_filtered_dataset/malignant/mel_train/melanoma_8705.jpg
melanoma_6257,1.0,../../../data/hand_filtered_dataset/malignant/mel_train/melanoma_6257.jpg
ISIC_7834756,0.0,../../../data/ISIC_2024_Permissive_Training_Input/ISIC_7834756.jpg
ISIC_2025601,0.0,../../../data/ISIC_2024_Permissive_Training_Input/ISIC_2025601.jpg
melanoma_7228,1.0,../../../data/hand_filtered_dataset/malignant/mel_train/melanoma_7228.jpg
ISIC_0279457,0.0,../../../data/ISIC_2024_Permissive_Training_Input/ISIC_0279457.jpg
melanoma_9100,1.0,../../../data/hand_filtered_dataset/malignant/mel_train/melanoma_9100.jpg
melanoma_8601,1.0,../../../data/hand_filtered_dataset/malignant/mel_train/melanoma_8601.jpg
ISIC_9776229,0.0,../../../data/ISIC_2024_Permissive_Training_Input/ISIC_9776229.jpg
melanoma_5447,1.0,../../../data/hand_filtered_dataset/malignant/mel_train/melanoma_5447.jpg
melanoma_8450,1.0,../../../data/hand_filtered_dataset/malignant/mel_train/melanoma_8450.jpg
ISIC_4722425,0.0,../../../data/ISIC_2024_Permissive_Training_Input/ISIC_4722425.jpg
melanoma_8602,1.0,../../../data/hand_filtered_dataset/malignant/mel_train/melanoma_8602.jpg
melanoma_8558,1.0,../../../data/hand_filtered_dataset/malignant/mel_train/melanoma_8558.jpg
ISIC_9539401,0.0,../../../data/ISIC_2024_Permissive_Training_Input/ISIC_9539401.jpg
melanoma_5177,1.0,../../../data/hand_filtered_dataset/malignant/mel_train/melanoma_5177.jpg
ISIC_3039686,1.0,../../../data/ISIC_2024_Permissive_Training_Input/ISIC_3039686.jpg
ISIC_4160565,0.0,../../../data/ISIC_2024_Permissive_Training_Input/ISIC_4160565.jpg
ISIC_8628897,0.0,../../../data/ISIC_2024_Permissive_Training_Input/ISIC_8628897.jpg
ISIC_9073602,0.0,../../../data/ISIC_2024_Permissive_Training_Input/ISIC_9073602.jpg
ISIC_7398957,0.0,../../../data/ISIC_2024_Permissive_Training_Input/ISIC_7398957.jpg
ISIC_6269100,1.0,../../../data/ISIC_2024_Permissive_Training_Input/ISIC_6269100.jpg
ISIC_5618110,0.0,../../../data/ISIC_2024_Permissive_Training_Input/ISIC_5618110.jpg
ISIC_0341080,0.0,../../../data/ISIC_2024_Permissive_Training_Input/ISIC_0341080.jpg
ISIC_2404575,0.0,../../../data/ISIC_2024_Permissive_Training_Input/ISIC_2404575.jpg
melanoma_7278,1.0,../../../data/hand_filtered_dataset/malignant/mel_train/melanoma_7278.jpg
ISIC_6106723,0.0,../../../data/ISIC_2024_Permissive_Training_Input/ISIC_6106723.jpg
ISIC_8078515,1.0,../../../data/ISIC_2024_Permissive_Training_Input/ISIC_8078515.jpg
ISIC_6849577,0.0,../../../data/ISIC_2024_Permissive_Training_Input/ISIC_6849577.jpg
ISIC_7846670,0.0,../../../data/ISIC_2024_Permissive_Training_Input/ISIC_7846670.jpg
ISIC_6504468,0.0,../../../data/ISIC_2024_Permissive_Training_Input/ISIC_6504468.jpg
ISIC_8682779,0.0,../../../data/ISIC_2024_Permissive_Training_Input/ISIC_8682779.jpg
ISIC_9188054,0.0,../../../data/ISIC_2024_Permissive_Training_Input/ISIC_9188054.jpg
melanoma_5886,1.0,../../../data/hand_filtered_dataset/malignant/mel_train/melanoma_5886.jpg
melanoma_7585,1.0,../../../data/hand_filtered_dataset/malignant/mel_train/melanoma_7585.jpg
ISIC_5999106,0.0,../../../data/ISIC_2024_Permissive_Training_Input/ISIC_5999106.jpg
melanoma_6712,1.0,../../../data/hand_filtered_dataset/malignant/mel_train/melanoma_6712.jpg
ISIC_1916544,0.0,../../../data/ISIC_2024_Permissive_Training_Input/ISIC_1916544.jpg
ISIC_0837857,0.0,../../../data/ISIC_2024_Permissive_Training_Input/ISIC_0837857.jpg
ISIC_1064607,0.0,../../../data/ISIC_2024_Permissive_Training_Input/ISIC_1064607.jpg
ISIC_5333918,0.0,../../../data/ISIC_2024_Permissive_Training_Input/ISIC_5333918.jpg
ISIC_7793499,0.0,../../../data/ISIC_2024_Permissive_Training_Input/ISIC_7793499.jpg
ISIC_1940338,0.0,../../../data/ISIC_2024_Permissive_Training_Input/ISIC_1940338.jpg
melanoma_8239,1.0,../../../data/hand_filtered_dataset/malignant/mel_train/melanoma_8239.jpg
ISIC_5383255,0.0,../../../data/ISIC_2024_Permissive_Training_Input/ISIC_5383255.jpg
melanoma_5573,1.0,../../../data/hand_filtered_dataset/malignant/mel_train/melanoma_5573.jpg
melanoma_5695,1.0,../../../data/hand_filtered_dataset/malignant/mel_train/melanoma_5695.jpg
melanoma_7723,1.0,../../../data/hand_filtered_dataset/malignant/mel_train/melanoma_7723.jpg
melanoma_7976,1.0,../../../data/hand_filtered_dataset/malignant/mel_train/melanoma_7976.jpg
melanoma_9570,1.0,../../../data/hand_filtered_dataset/malignant/mel_train/melanoma_9570.jpg
ISIC_9459274,0.0,../../../data/ISIC_2024_Permissive_Training_Input/ISIC_9459274.jpg
ISIC_3324085,0.0,../../../data/ISIC_2024_Permissive_Training_Input/ISIC_3324085.jpg
ISIC_8576291,0.0,../../../data/ISIC_2024_Permissive_Training_Input/ISIC_8576291.jpg
melanoma_6238,1.0,../../../data/hand_filtered_dataset/malignant/mel_train/melanoma_6238.jpg
melanoma_5132,1.0,../../../data/hand_filtered_dataset/malignant/mel_train/melanoma_5132.jpg
melanoma_6844,1.0,../../../data/hand_filtered_dataset/malignant/mel_train/melanoma_6844.jpg
ISIC_8852993,1.0,../../../data/ISIC_2024_Permissive_Training_Input/ISIC_8852993.jpg
ISIC_2957552,0.0,../../../data/ISIC_2024_Permissive_Training_Input/ISIC_2957552.jpg
melanoma_5014,1.0,../../../data/hand_filtered_dataset/malignant/mel_train/melanoma_5014.jpg
melanoma_7508,1.0,../../../data/hand_filtered_dataset/malignant/mel_train/melanoma_7508.jpg
melanoma_9327,1.0,../../../data/hand_filtered_dataset/malignant/mel_train/melanoma_9327.jpg
ISIC_3068116,0.0,../../../data/ISIC_2024_Permissive_Training_Input/ISIC_3068116.jpg
melanoma_7623,1.0,../../../data/hand_filtered_dataset/malignant/mel_train/melanoma_7623.jpg
melanoma_5509,1.0,../../../data/hand_filtered_dataset/malignant/mel_train/melanoma_5509.jpg
melanoma_8079,1.0,../../../data/hand_filtered_dataset/malignant/mel_train/melanoma_8079.jpg
ISIC_3650832,0.0,../../../data/ISIC_2024_Permissive_Training_Input/ISIC_3650832.jpg
ISIC_0638180,1.0,../../../data/ISIC_2024_Permissive_Training_Input/ISIC_0638180.jpg
ISIC_4760142,0.0,../../../data/ISIC_2024_Permissive_Training_Input/ISIC_4760142.jpg
melanoma_7643,1.0,../../../data/hand_filtered_dataset/malignant/mel_train/melanoma_7643.jpg
melanoma_7155,1.0,../../../data/hand_filtered_dataset/malignant/mel_train/melanoma_7155.jpg
ISIC_9338577,0.0,../../../data/ISIC_2024_Permissive_Training_Input/ISIC_9338577.jpg
melanoma_6827,1.0,../../../data/hand_filtered_dataset/malignant/mel_train/melanoma_6827.jpg
ISIC_1329090,0.0,../../../data/ISIC_2024_Permissive_Training_Input/ISIC_1329090.jpg
melanoma_5585,1.0,../../../data/hand_filtered_dataset/malignant/mel_train/melanoma_5585.jpg
ISIC_0814829,1.0,../../../data/ISIC_2024_Permissive_Training_Input/ISIC_0814829.jpg
ISIC_5150630,0.0,../../../data/ISIC_2024_Permissive_Training_Input/ISIC_5150630.jpg
ISIC_5515788,0.0,../../../data/ISIC_2024_Permissive_Training_Input/ISIC_5515788.jpg
ISIC_0541627,0.0,../../../data/ISIC_2024_Permissive_Training_Input/ISIC_0541627.jpg
melanoma_8324,1.0,../../../data/hand_filtered_dataset/malignant/mel_train/melanoma_8324.jpg
ISIC_8491357,0.0,../../../data/ISIC_2024_Permissive_Training_Input/ISIC_8491357.jpg
melanoma_6022,1.0,../../../data/hand_filtered_dataset/malignant/mel_train/melanoma_6022.jpg
ISIC_3354707,0.0,../../../data/ISIC_2024_Permissive_Training_Input/ISIC_3354707.jpg
melanoma_9251,1.0,../../../data/hand_filtered_dataset/malignant/mel_train/melanoma_9251.jpg
ISIC_9646636,0.0,../../../data/ISIC_2024_Permissive_Training_Input/ISIC_9646636.jpg
ISIC_6707559,0.0,../../../data/ISIC_2024_Permissive_Training_Input/ISIC_6707559.jpg
ISIC_7334395,0.0,../../../data/ISIC_2024_Permissive_Training_Input/ISIC_7334395.jpg
melanoma_9221,1.0,../../../data/hand_filtered_dataset/malignant/mel_train/melanoma_9221.jpg
melanoma_7188,1.0,../../../data/hand_filtered_dataset/malignant/mel_train/melanoma_7188.jpg
ISIC_3832733,1.0,../../../data/ISIC_2024_Permissive_Training_Input/ISIC_3832733.jpg
ISIC_6662027,0.0,../../../data/ISIC_2024_Permissive_Training_Input/ISIC_6662027.jpg
ISIC_8134933,0.0,../../../data/ISIC_2024_Permissive_Training_Input/ISIC_8134933.jpg
melanoma_7445,1.0,../../../data/hand_filtered_dataset/malignant/mel_train/melanoma_7445.jpg
melanoma_6444,1.0,../../../data/hand_filtered_dataset/malignant/mel_train/melanoma_6444.jpg
ISIC_7578091,0.0,../../../data/ISIC_2024_Permissive_Training_Input/ISIC_7578091.jpg
ISIC_6782470,0.0,../../../data/ISIC_2024_Permissive_Training_Input/ISIC_6782470.jpg
ISIC_7989726,1.0,../../../data/ISIC_2024_Permissive_Training_Input/ISIC_7989726.jpg
melanoma_7752,1.0,../../../data/hand_filtered_dataset/malignant/mel_train/melanoma_7752.jpg
melanoma_6829,1.0,../../../data/hand_filtered_dataset/malignant/mel_train/melanoma_6829.jpg
melanoma_6224,1.0,../../../data/hand_filtered_dataset/malignant/mel_train/melanoma_6224.jpg
melanoma_5822,1.0,../../../data/hand_filtered_dataset/malignant/mel_train/melanoma_5822.jpg
melanoma_6499,1.0,../../../data/hand_filtered_dataset/malignant/mel_train/melanoma_6499.jpg
ISIC_0679715,0.0,../../../data/ISIC_2024_Permissive_Training_Input/ISIC_0679715.jpg
ISIC_0621405,0.0,../../../data/ISIC_2024_Permissive_Training_Input/ISIC_0621405.jpg
melanoma_5848,1.0,../../../data/hand_filtered_dataset/malignant/mel_train/melanoma_5848.jpg
ISIC_8116966,0.0,../../../data/ISIC_2024_Permissive_Training_Input/ISIC_8116966.jpg
ISIC_3800484,0.0,../../../data/ISIC_2024_Permissive_Training_Input/ISIC_3800484.jpg
melanoma_6702,1.0,../../../data/hand_filtered_dataset/malignant/mel_train/melanoma_6702.jpg
ISIC_5551304,0.0,../../../data/ISIC_2024_Permissive_Training_Input/ISIC_5551304.jpg
ISIC_3235511,0.0,../../../data/ISIC_2024_Permissive_Training_Input/ISIC_3235511.jpg
melanoma_6726,1.0,../../../data/hand_filtered_dataset/malignant/mel_train/melanoma_6726.jpg
ISIC_7413005,1.0,../../../data/ISIC_2024_Permissive_Training_Input/ISIC_7413005.jpg
melanoma_9289,1.0,../../../data/hand_filtered_dataset/malignant/mel_train/melanoma_9289.jpg
melanoma_8177,1.0,../../../data/hand_filtered_dataset/malignant/mel_train/melanoma_8177.jpg
ISIC_1442910,0.0,../../../data/ISIC_2024_Permissive_Training_Input/ISIC_1442910.jpg
melanoma_5288,1.0,../../../data/hand_filtered_dataset/malignant/mel_train/melanoma_5288.jpg
melanoma_6972,1.0,../../../data/hand_filtered_dataset/malignant/mel_train/melanoma_6972.jpg
melanoma_9199,1.0,../../../data/hand_filtered_dataset/malignant/mel_train/melanoma_9199.jpg
melanoma_6176,1.0,../../../data/hand_filtered_dataset/malignant/mel_train/melanoma_6176.jpg
melanoma_6233,1.0,../../../data/hand_filtered_dataset/malignant/mel_train/melanoma_6233.jpg
ISIC_1694963,1.0,../../../data/ISIC_2024_Permissive_Training_Input/ISIC_1694963.jpg
ISIC_1761215,0.0,../../../data/ISIC_2024_Permissive_Training_Input/ISIC_1761215.jpg
ISIC_1130301,0.0,../../../data/ISIC_2024_Permissive_Training_Input/ISIC_1130301.jpg
melanoma_7973,1.0,../../../data/hand_filtered_dataset/malignant/mel_train/melanoma_7973.jpg
melanoma_6172,1.0,../../../data/hand_filtered_dataset/malignant/mel_train/melanoma_6172.jpg
melanoma_7272,1.0,../../../data/hand_filtered_dataset/malignant/mel_train/melanoma_7272.jpg
ISIC_7741951,0.0,../../../data/ISIC_2024_Permissive_Training_Input/ISIC_7741951.jpg
ISIC_3346892,0.0,../../../data/ISIC_2024_Permissive_Training_Input/ISIC_3346892.jpg
ISIC_7590767,0.0,../../../data/ISIC_2024_Permissive_Training_Input/ISIC_7590767.jpg
ISIC_1603019,0.0,../../../data/ISIC_2024_Permissive_Training_Input/ISIC_1603019.jpg
ISIC_6258805,0.0,../../../data/ISIC_2024_Permissive_Training_Input/ISIC_6258805.jpg
melanoma_9404,1.0,../../../data/hand_filtered_dataset/malignant/mel_train/melanoma_9404.jpg
ISIC_9252061,0.0,../../../data/ISIC_2024_Permissive_Training_Input/ISIC_9252061.jpg
ISIC_8842114,0.0,../../../data/ISIC_2024_Permissive_Training_Input/ISIC_8842114.jpg
ISIC_1789998,0.0,../../../data/ISIC_2024_Permissive_Training_Input/ISIC_1789998.jpg
melanoma_8211,1.0,../../../data/hand_filtered_dataset/malignant/mel_train/melanoma_8211.jpg
melanoma_8267,1.0,../../../data/hand_filtered_dataset/malignant/mel_train/melanoma_8267.jpg
melanoma_7602,1.0,../../../data/hand_filtered_dataset/malignant/mel_train/melanoma_7602.jpg
ISIC_3270613,0.0,../../../data/ISIC_2024_Permissive_Training_Input/ISIC_3270613.jpg
ISIC_8130255,0.0,../../../data/ISIC_2024_Permissive_Training_Input/ISIC_8130255.jpg
ISIC_8305876,0.0,../../../data/ISIC_2024_Permissive_Training_Input/ISIC_8305876.jpg
ISIC_3797340,0.0,../../../data/ISIC_2024_Permissive_Training_Input/ISIC_3797340.jpg
melanoma_9276,1.0,../../../data/hand_filtered_dataset/malignant/mel_train/melanoma_9276.jpg
ISIC_7382653,0.0,../../../data/ISIC_2024_Permissive_Training_Input/ISIC_7382653.jpg
ISIC_7234369,0.0,../../../data/ISIC_2024_Permissive_Training_Input/ISIC_7234369.jpg
ISIC_8034146,0.0,../../../data/ISIC_2024_Permissive_Training_Input/ISIC_8034146.jpg
ISIC_1405705,0.0,../../../data/ISIC_2024_Permissive_Training_Input/ISIC_1405705.jpg
melanoma_7123,1.0,../../../data/hand_filtered_dataset/malignant/mel_train/melanoma_7123.jpg
melanoma_6841,1.0,../../../data/hand_filtered_dataset/malignant/mel_train/melanoma_6841.jpg
ISIC_1786961,1.0,../../../data/ISIC_2024_Permissive_Training_Input/ISIC_1786961.jpg
melanoma_5298,1.0,../../../data/hand_filtered_dataset/malignant/mel_train/melanoma_5298.jpg
ISIC_6708491,0.0,../../../data/ISIC_2024_Permissive_Training_Input/ISIC_6708491.jpg
ISIC_4037227,0.0,../../../data/ISIC_2024_Permissive_Training_Input/ISIC_4037227.jpg
melanoma_6203,1.0,../../../data/hand_filtered_dataset/malignant/mel_train/melanoma_6203.jpg
ISIC_7527547,0.0,../../../data/ISIC_2024_Permissive_Training_Input/ISIC_7527547.jpg
ISIC_7156669,0.0,../../../data/ISIC_2024_Permissive_Training_Input/ISIC_7156669.jpg
ISIC_1906054,0.0,../../../data/ISIC_2024_Permissive_Training_Input/ISIC_1906054.jpg
ISIC_3216622,0.0,../../../data/ISIC_2024_Permissive_Training_Input/ISIC_3216622.jpg
ISIC_5540168,0.0,../../../data/ISIC_2024_Permissive_Training_Input/ISIC_5540168.jpg
melanoma_5623,1.0,../../../data/hand_filtered_dataset/malignant/mel_train/melanoma_5623.jpg
ISIC_5805934,0.0,../../../data/ISIC_2024_Permissive_Training_Input/ISIC_5805934.jpg
ISIC_3137703,0.0,../../../data/ISIC_2024_Permissive_Training_Input/ISIC_3137703.jpg
ISIC_2708149,0.0,../../../data/ISIC_2024_Permissive_Training_Input/ISIC_2708149.jpg
ISIC_6827243,0.0,../../../data/ISIC_2024_Permissive_Training_Input/ISIC_6827243.jpg
ISIC_4322195,0.0,../../../data/ISIC_2024_Permissive_Training_Input/ISIC_4322195.jpg
ISIC_9310934,0.0,../../../data/ISIC_2024_Permissive_Training_Input/ISIC_9310934.jpg
melanoma_9524,1.0,../../../data/hand_filtered_dataset/malignant/mel_train/melanoma_9524.jpg
ISIC_5425935,0.0,../../../data/ISIC_2024_Permissive_Training_Input/ISIC_5425935.jpg
melanoma_5764,1.0,../../../data/hand_filtered_dataset/malignant/mel_train/melanoma_5764.jpg
melanoma_9280,1.0,../../../data/hand_filtered_dataset/malignant/mel_train/melanoma_9280.jpg
ISIC_8386743,1.0,../../../data/ISIC_2024_Permissive_Training_Input/ISIC_8386743.jpg
ISIC_4204924,0.0,../../../data/ISIC_2024_Permissive_Training_Input/ISIC_4204924.jpg
melanoma_9455,1.0,../../../data/hand_filtered_dataset/malignant/mel_train/melanoma_9455.jpg
melanoma_7548,1.0,../../../data/hand_filtered_dataset/malignant/mel_train/melanoma_7548.jpg
melanoma_9113,1.0,../../../data/hand_filtered_dataset/malignant/mel_train/melanoma_9113.jpg
ISIC_6068699,1.0,../../../data/ISIC_2024_Permissive_Training_Input/ISIC_6068699.jpg
ISIC_0248513,0.0,../../../data/ISIC_2024_Permissive_Training_Input/ISIC_0248513.jpg
ISIC_2938080,0.0,../../../data/ISIC_2024_Permissive_Training_Input/ISIC_2938080.jpg
ISIC_8984686,0.0,../../../data/ISIC_2024_Permissive_Training_Input/ISIC_8984686.jpg
melanoma_7132,1.0,../../../data/hand_filtered_dataset/malignant/mel_train/melanoma_7132.jpg
ISIC_2583387,0.0,../../../data/ISIC_2024_Permissive_Training_Input/ISIC_2583387.jpg
melanoma_9437,1.0,../../../data/hand_filtered_dataset/malignant/mel_train/melanoma_9437.jpg
melanoma_9476,1.0,../../../data/hand_filtered_dataset/malignant/mel_train/melanoma_9476.jpg
ISIC_8532653,0.0,../../../data/ISIC_2024_Permissive_Training_Input/ISIC_8532653.jpg
melanoma_6710,1.0,../../../data/hand_filtered_dataset/malignant/mel_train/melanoma_6710.jpg
melanoma_5681,1.0,../../../data/hand_filtered_dataset/malignant/mel_train/melanoma_5681.jpg
melanoma_6054,1.0,../../../data/hand_filtered_dataset/malignant/mel_train/melanoma_6054.jpg
ISIC_9781440,0.0,../../../data/ISIC_2024_Permissive_Training_Input/ISIC_9781440.jpg
ISIC_2139963,0.0,../../../data/ISIC_2024_Permissive_Training_Input/ISIC_2139963.jpg
ISIC_5364855,0.0,../../../data/ISIC_2024_Permissive_Training_Input/ISIC_5364855.jpg
ISIC_6265480,0.0,../../../data/ISIC_2024_Permissive_Training_Input/ISIC_6265480.jpg
ISIC_8695462,0.0,../../../data/ISIC_2024_Permissive_Training_Input/ISIC_8695462.jpg
melanoma_5308,1.0,../../../data/hand_filtered_dataset/malignant/mel_train/melanoma_5308.jpg
ISIC_2190259,0.0,../../../data/ISIC_2024_Permissive_Training_Input/ISIC_2190259.jpg
ISIC_5225628,0.0,../../../data/ISIC_2024_Permissive_Training_Input/ISIC_5225628.jpg
ISIC_4848837,0.0,../../../data/ISIC_2024_Permissive_Training_Input/ISIC_4848837.jpg
ISIC_2281961,0.0,../../../data/ISIC_2024_Permissive_Training_Input/ISIC_2281961.jpg
melanoma_5570,1.0,../../../data/hand_filtered_dataset/malignant/mel_train/melanoma_5570.jpg
ISIC_3328819,0.0,../../../data/ISIC_2024_Permissive_Training_Input/ISIC_3328819.jpg
melanoma_8145,1.0,../../../data/hand_filtered_dataset/malignant/mel_train/melanoma_8145.jpg
ISIC_9146384,0.0,../../../data/ISIC_2024_Permissive_Training_Input/ISIC_9146384.jpg
ISIC_1251297,0.0,../../../data/ISIC_2024_Permissive_Training_Input/ISIC_1251297.jpg
ISIC_1849158,0.0,../../../data/ISIC_2024_Permissive_Training_Input/ISIC_1849158.jpg
melanoma_7751,1.0,../../../data/hand_filtered_dataset/malignant/mel_train/melanoma_7751.jpg
melanoma_5548,1.0,../../../data/hand_filtered_dataset/malignant/mel_train/melanoma_5548.jpg
melanoma_5620,1.0,../../../data/hand_filtered_dataset/malignant/mel_train/melanoma_5620.jpg
ISIC_8092945,0.0,../../../data/ISIC_2024_Permissive_Training_Input/ISIC_8092945.jpg
ISIC_5046277,0.0,../../../data/ISIC_2024_Permissive_Training_Input/ISIC_5046277.jpg
ISIC_8525640,0.0,../../../data/ISIC_2024_Permissive_Training_Input/ISIC_8525640.jpg
ISIC_9534786,0.0,../../../data/ISIC_2024_Permissive_Training_Input/ISIC_9534786.jpg
ISIC_4867539,1.0,../../../data/ISIC_2024_Permissive_Training_Input/ISIC_4867539.jpg
melanoma_9156,1.0,../../../data/hand_filtered_dataset/malignant/mel_train/melanoma_9156.jpg
ISIC_7702173,0.0,../../../data/ISIC_2024_Permissive_Training_Input/ISIC_7702173.jpg
ISIC_7733594,1.0,../../../data/ISIC_2024_Permissive_Training_Input/ISIC_7733594.jpg
ISIC_8521796,1.0,../../../data/ISIC_2024_Permissive_Training_Input/ISIC_8521796.jpg
ISIC_1774775,0.0,../../../data/ISIC_2024_Permissive_Training_Input/ISIC_1774775.jpg
melanoma_5874,1.0,../../../data/hand_filtered_dataset/malignant/mel_train/melanoma_5874.jpg
ISIC_8614100,1.0,../../../data/ISIC_2024_Permissive_Training_Input/ISIC_8614100.jpg
ISIC_3030109,0.0,../../../data/ISIC_2024_Permissive_Training_Input/ISIC_3030109.jpg
melanoma_7990,1.0,../../../data/hand_filtered_dataset/malignant/mel_train/melanoma_7990.jpg
melanoma_5964,1.0,../../../data/hand_filtered_dataset/malignant/mel_train/melanoma_5964.jpg
ISIC_1630765,0.0,../../../data/ISIC_2024_Permissive_Training_Input/ISIC_1630765.jpg
ISIC_9655597,0.0,../../../data/ISIC_2024_Permissive_Training_Input/ISIC_9655597.jpg
melanoma_7169,1.0,../../../data/hand_filtered_dataset/malignant/mel_train/melanoma_7169.jpg
melanoma_9143,1.0,../../../data/hand_filtered_dataset/malignant/mel_train/melanoma_9143.jpg
melanoma_8214,1.0,../../../data/hand_filtered_dataset/malignant/mel_train/melanoma_8214.jpg
ISIC_5805028,0.0,../../../data/ISIC_2024_Permissive_Training_Input/ISIC_5805028.jpg
melanoma_9153,1.0,../../../data/hand_filtered_dataset/malignant/mel_train/melanoma_9153.jpg
ISIC_9168123,0.0,../../../data/ISIC_2024_Permissive_Training_Input/ISIC_9168123.jpg
melanoma_5251,1.0,../../../data/hand_filtered_dataset/malignant/mel_train/melanoma_5251.jpg
melanoma_8491,1.0,../../../data/hand_filtered_dataset/malignant/mel_train/melanoma_8491.jpg
ISIC_3856641,0.0,../../../data/ISIC_2024_Permissive_Training_Input/ISIC_3856641.jpg
ISIC_7998913,0.0,../../../data/ISIC_2024_Permissive_Training_Input/ISIC_7998913.jpg
ISIC_7951144,0.0,../../../data/ISIC_2024_Permissive_Training_Input/ISIC_7951144.jpg
ISIC_1317907,0.0,../../../data/ISIC_2024_Permissive_Training_Input/ISIC_1317907.jpg
melanoma_9179,1.0,../../../data/hand_filtered_dataset/malignant/mel_train/melanoma_9179.jpg
melanoma_7315,1.0,../../../data/hand_filtered_dataset/malignant/mel_train/melanoma_7315.jpg
ISIC_4608389,0.0,../../../data/ISIC_2024_Permissive_Training_Input/ISIC_4608389.jpg
ISIC_0219760,0.0,../../../data/ISIC_2024_Permissive_Training_Input/ISIC_0219760.jpg
ISIC_7501665,0.0,../../../data/ISIC_2024_Permissive_Training_Input/ISIC_7501665.jpg
melanoma_5586,1.0,../../../data/hand_filtered_dataset/malignant/mel_train/melanoma_5586.jpg
ISIC_8768227,0.0,../../../data/ISIC_2024_Permissive_Training_Input/ISIC_8768227.jpg
ISIC_5779978,0.0,../../../data/ISIC_2024_Permissive_Training_Input/ISIC_5779978.jpg
ISIC_1566406,0.0,../../../data/ISIC_2024_Permissive_Training_Input/ISIC_1566406.jpg
ISIC_5891804,0.0,../../../data/ISIC_2024_Permissive_Training_Input/ISIC_5891804.jpg
melanoma_8232,1.0,../../../data/hand_filtered_dataset/malignant/mel_train/melanoma_8232.jpg
melanoma_6012,1.0,../../../data/hand_filtered_dataset/malignant/mel_train/melanoma_6012.jpg
ISIC_7649263,0.0,../../../data/ISIC_2024_Permissive_Training_Input/ISIC_7649263.jpg
melanoma_9193,1.0,../../../data/hand_filtered_dataset/malignant/mel_train/melanoma_9193.jpg
ISIC_2237496,0.0,../../../data/ISIC_2024_Permissive_Training_Input/ISIC_2237496.jpg
ISIC_4545562,0.0,../../../data/ISIC_2024_Permissive_Training_Input/ISIC_4545562.jpg
melanoma_7469,1.0,../../../data/hand_filtered_dataset/malignant/mel_train/melanoma_7469.jpg
ISIC_0132938,0.0,../../../data/ISIC_2024_Permissive_Training_Input/ISIC_0132938.jpg
melanoma_5528,1.0,../../../data/hand_filtered_dataset/malignant/mel_train/melanoma_5528.jpg
melanoma_9513,1.0,../../../data/hand_filtered_dataset/malignant/mel_train/melanoma_9513.jpg
melanoma_9215,1.0,../../../data/hand_filtered_dataset/malignant/mel_train/melanoma_9215.jpg
melanoma_8182,1.0,../../../data/hand_filtered_dataset/malignant/mel_train/melanoma_8182.jpg
ISIC_8195275,1.0,../../../data/ISIC_2024_Permissive_Training_Input/ISIC_8195275.jpg
ISIC_8510669,0.0,../../../data/ISIC_2024_Permissive_Training_Input/ISIC_8510669.jpg
melanoma_9237,1.0,../../../data/hand_filtered_dataset/malignant/mel_train/melanoma_9237.jpg
ISIC_6726492,0.0,../../../data/ISIC_2024_Permissive_Training_Input/ISIC_6726492.jpg
melanoma_7734,1.0,../../../data/hand_filtered_dataset/malignant/mel_train/melanoma_7734.jpg
melanoma_6246,1.0,../../../data/hand_filtered_dataset/malignant/mel_train/melanoma_6246.jpg
ISIC_8421263,0.0,../../../data/ISIC_2024_Permissive_Training_Input/ISIC_8421263.jpg
ISIC_2901540,0.0,../../../data/ISIC_2024_Permissive_Training_Input/ISIC_2901540.jpg
ISIC_1635290,0.0,../../../data/ISIC_2024_Permissive_Training_Input/ISIC_1635290.jpg
melanoma_6580,1.0,../../../data/hand_filtered_dataset/malignant/mel_train/melanoma_6580.jpg
melanoma_6872,1.0,../../../data/hand_filtered_dataset/malignant/mel_train/melanoma_6872.jpg
ISIC_5831186,0.0,../../../data/ISIC_2024_Permissive_Training_Input/ISIC_5831186.jpg
ISIC_2323790,0.0,../../../data/ISIC_2024_Permissive_Training_Input/ISIC_2323790.jpg
ISIC_5579991,0.0,../../../data/ISIC_2024_Permissive_Training_Input/ISIC_5579991.jpg
melanoma_9254,1.0,../../../data/hand_filtered_dataset/malignant/mel_train/melanoma_9254.jpg
melanoma_7306,1.0,../../../data/hand_filtered_dataset/malignant/mel_train/melanoma_7306.jpg
ISIC_8330473,0.0,../../../data/ISIC_2024_Permissive_Training_Input/ISIC_8330473.jpg
ISIC_1896666,0.0,../../../data/ISIC_2024_Permissive_Training_Input/ISIC_1896666.jpg
ISIC_3204251,0.0,../../../data/ISIC_2024_Permissive_Training_Input/ISIC_3204251.jpg
melanoma_9197,1.0,../../../data/hand_filtered_dataset/malignant/mel_train/melanoma_9197.jpg
melanoma_6227,1.0,../../../data/hand_filtered_dataset/malignant/mel_train/melanoma_6227.jpg
ISIC_2234614,0.0,../../../data/ISIC_2024_Permissive_Training_Input/ISIC_2234614.jpg
melanoma_5025,1.0,../../../data/hand_filtered_dataset/malignant/mel_train/melanoma_5025.jpg
ISIC_6882672,0.0,../../../data/ISIC_2024_Permissive_Training_Input/ISIC_6882672.jpg
ISIC_0372628,0.0,../../../data/ISIC_2024_Permissive_Training_Input/ISIC_0372628.jpg
melanoma_8466,1.0,../../../data/hand_filtered_dataset/malignant/mel_train/melanoma_8466.jpg
ISIC_8822990,0.0,../../../data/ISIC_2024_Permissive_Training_Input/ISIC_8822990.jpg
ISIC_1105843,1.0,../../../data/ISIC_2024_Permissive_Training_Input/ISIC_1105843.jpg
melanoma_7922,1.0,../../../data/hand_filtered_dataset/malignant/mel_train/melanoma_7922.jpg
melanoma_5976,1.0,../../../data/hand_filtered_dataset/malignant/mel_train/melanoma_5976.jpg
melanoma_6696,1.0,../../../data/hand_filtered_dataset/malignant/mel_train/melanoma_6696.jpg
ISIC_6149388,1.0,../../../data/ISIC_2024_Permissive_Training_Input/ISIC_6149388.jpg
melanoma_5269,1.0,../../../data/hand_filtered_dataset/malignant/mel_train/melanoma_5269.jpg
ISIC_3733361,0.0,../../../data/ISIC_2024_Permissive_Training_Input/ISIC_3733361.jpg
melanoma_9578,1.0,../../../data/hand_filtered_dataset/malignant/mel_train/melanoma_9578.jpg
melanoma_6434,1.0,../../../data/hand_filtered_dataset/malignant/mel_train/melanoma_6434.jpg
melanoma_5789,1.0,../../../data/hand_filtered_dataset/malignant/mel_train/melanoma_5789.jpg
melanoma_5336,1.0,../../../data/hand_filtered_dataset/malignant/mel_train/melanoma_5336.jpg
ISIC_3186233,0.0,../../../data/ISIC_2024_Permissive_Training_Input/ISIC_3186233.jpg
ISIC_6526733,1.0,../../../data/ISIC_2024_Permissive_Training_Input/ISIC_6526733.jpg
ISIC_6095295,1.0,../../../data/ISIC_2024_Permissive_Training_Input/ISIC_6095295.jpg
ISIC_3279042,0.0,../../../data/ISIC_2024_Permissive_Training_Input/ISIC_3279042.jpg
melanoma_6146,1.0,../../../data/hand_filtered_dataset/malignant/mel_train/melanoma_6146.jpg
ISIC_0174880,0.0,../../../data/ISIC_2024_Permissive_Training_Input/ISIC_0174880.jpg
ISIC_7702259,0.0,../../../data/ISIC_2024_Permissive_Training_Input/ISIC_7702259.jpg
melanoma_7490,1.0,../../../data/hand_filtered_dataset/malignant/mel_train/melanoma_7490.jpg
melanoma_5596,1.0,../../../data/hand_filtered_dataset/malignant/mel_train/melanoma_5596.jpg
melanoma_7645,1.0,../../../data/hand_filtered_dataset/malignant/mel_train/melanoma_7645.jpg
ISIC_8662001,1.0,../../../data/ISIC_2024_Permissive_Training_Input/ISIC_8662001.jpg
ISIC_4789936,0.0,../../../data/ISIC_2024_Permissive_Training_Input/ISIC_4789936.jpg
melanoma_7067,1.0,../../../data/hand_filtered_dataset/malignant/mel_train/melanoma_7067.jpg
ISIC_9467348,0.0,../../../data/ISIC_2024_Permissive_Training_Input/ISIC_9467348.jpg
melanoma_6505,1.0,../../../data/hand_filtered_dataset/malignant/mel_train/melanoma_6505.jpg
ISIC_0410109,0.0,../../../data/ISIC_2024_Permissive_Training_Input/ISIC_0410109.jpg
melanoma_6708,1.0,../../../data/hand_filtered_dataset/malignant/mel_train/melanoma_6708.jpg
melanoma_7940,1.0,../../../data/hand_filtered_dataset/malignant/mel_train/melanoma_7940.jpg
ISIC_3521698,1.0,../../../data/ISIC_2024_Permissive_Training_Input/ISIC_3521698.jpg
ISIC_2087227,0.0,../../../data/ISIC_2024_Permissive_Training_Input/ISIC_2087227.jpg
melanoma_5672,1.0,../../../data/hand_filtered_dataset/malignant/mel_train/melanoma_5672.jpg
ISIC_5536448,1.0,../../../data/ISIC_2024_Permissive_Training_Input/ISIC_5536448.jpg
ISIC_4345907,0.0,../../../data/ISIC_2024_Permissive_Training_Input/ISIC_4345907.jpg
ISIC_7196494,0.0,../../../data/ISIC_2024_Permissive_Training_Input/ISIC_7196494.jpg
ISIC_7869140,0.0,../../../data/ISIC_2024_Permissive_Training_Input/ISIC_7869140.jpg
ISIC_6792471,0.0,../../../data/ISIC_2024_Permissive_Training_Input/ISIC_6792471.jpg
melanoma_6357,1.0,../../../data/hand_filtered_dataset/malignant/mel_train/melanoma_6357.jpg
melanoma_5518,1.0,../../../data/hand_filtered_dataset/malignant/mel_train/melanoma_5518.jpg
ISIC_5933162,0.0,../../../data/ISIC_2024_Permissive_Training_Input/ISIC_5933162.jpg
melanoma_7217,1.0,../../../data/hand_filtered_dataset/malignant/mel_train/melanoma_7217.jpg
ISIC_2926373,0.0,../../../data/ISIC_2024_Permissive_Training_Input/ISIC_2926373.jpg
ISIC_5285823,0.0,../../../data/ISIC_2024_Permissive_Training_Input/ISIC_5285823.jpg
melanoma_7285,1.0,../../../data/hand_filtered_dataset/malignant/mel_train/melanoma_7285.jpg
ISIC_8558714,0.0,../../../data/ISIC_2024_Permissive_Training_Input/ISIC_8558714.jpg
melanoma_6039,1.0,../../../data/hand_filtered_dataset/malignant/mel_train/melanoma_6039.jpg
melanoma_6312,1.0,../../../data/hand_filtered_dataset/malignant/mel_train/melanoma_6312.jpg
ISIC_4755728,0.0,../../../data/ISIC_2024_Permissive_Training_Input/ISIC_4755728.jpg
melanoma_9490,1.0,../../../data/hand_filtered_dataset/malignant/mel_train/melanoma_9490.jpg
ISIC_5425438,0.0,../../../data/ISIC_2024_Permissive_Training_Input/ISIC_5425438.jpg
ISIC_5481209,0.0,../../../data/ISIC_2024_Permissive_Training_Input/ISIC_5481209.jpg
melanoma_9400,1.0,../../../data/hand_filtered_dataset/malignant/mel_train/melanoma_9400.jpg
ISIC_3880595,0.0,../../../data/ISIC_2024_Permissive_Training_Input/ISIC_3880595.jpg
ISIC_7781078,0.0,../../../data/ISIC_2024_Permissive_Training_Input/ISIC_7781078.jpg
melanoma_6282,1.0,../../../data/hand_filtered_dataset/malignant/mel_train/melanoma_6282.jpg
ISIC_8511561,0.0,../../../data/ISIC_2024_Permissive_Training_Input/ISIC_8511561.jpg
ISIC_5749672,0.0,../../../data/ISIC_2024_Permissive_Training_Input/ISIC_5749672.jpg
melanoma_8063,1.0,../../../data/hand_filtered_dataset/malignant/mel_train/melanoma_8063.jpg
melanoma_5343,1.0,../../../data/hand_filtered_dataset/malignant/mel_train/melanoma_5343.jpg
ISIC_9570566,0.0,../../../data/ISIC_2024_Permissive_Training_Input/ISIC_9570566.jpg
melanoma_9544,1.0,../../../data/hand_filtered_dataset/malignant/mel_train/melanoma_9544.jpg
melanoma_9441,1.0,../../../data/hand_filtered_dataset/malignant/mel_train/melanoma_9441.jpg
melanoma_5038,1.0,../../../data/hand_filtered_dataset/malignant/mel_train/melanoma_5038.jpg
melanoma_9433,1.0,../../../data/hand_filtered_dataset/malignant/mel_train/melanoma_9433.jpg
melanoma_9488,1.0,../../../data/hand_filtered_dataset/malignant/mel_train/melanoma_9488.jpg
ISIC_4283031,0.0,../../../data/ISIC_2024_Permissive_Training_Input/ISIC_4283031.jpg
ISIC_2292724,0.0,../../../data/ISIC_2024_Permissive_Training_Input/ISIC_2292724.jpg
melanoma_9336,1.0,../../../data/hand_filtered_dataset/malignant/mel_train/melanoma_9336.jpg
ISIC_6148645,0.0,../../../data/ISIC_2024_Permissive_Training_Input/ISIC_6148645.jpg
ISIC_9644856,0.0,../../../data/ISIC_2024_Permissive_Training_Input/ISIC_9644856.jpg
ISIC_8876511,0.0,../../../data/ISIC_2024_Permissive_Training_Input/ISIC_8876511.jpg
melanoma_7157,1.0,../../../data/hand_filtered_dataset/malignant/mel_train/melanoma_7157.jpg
ISIC_9428138,0.0,../../../data/ISIC_2024_Permissive_Training_Input/ISIC_9428138.jpg
melanoma_5580,1.0,../../../data/hand_filtered_dataset/malignant/mel_train/melanoma_5580.jpg
melanoma_9172,1.0,../../../data/hand_filtered_dataset/malignant/mel_train/melanoma_9172.jpg
ISIC_9535268,0.0,../../../data/ISIC_2024_Permissive_Training_Input/ISIC_9535268.jpg
ISIC_8322712,0.0,../../../data/ISIC_2024_Permissive_Training_Input/ISIC_8322712.jpg
melanoma_7335,1.0,../../../data/hand_filtered_dataset/malignant/mel_train/melanoma_7335.jpg
ISIC_3149287,0.0,../../../data/ISIC_2024_Permissive_Training_Input/ISIC_3149287.jpg
ISIC_2183492,0.0,../../../data/ISIC_2024_Permissive_Training_Input/ISIC_2183492.jpg
melanoma_8407,1.0,../../../data/hand_filtered_dataset/malignant/mel_train/melanoma_8407.jpg
ISIC_2546609,0.0,../../../data/ISIC_2024_Permissive_Training_Input/ISIC_2546609.jpg
melanoma_6967,1.0,../../../data/hand_filtered_dataset/malignant/mel_train/melanoma_6967.jpg
ISIC_6330218,0.0,../../../data/ISIC_2024_Permissive_Training_Input/ISIC_6330218.jpg
ISIC_0173360,0.0,../../../data/ISIC_2024_Permissive_Training_Input/ISIC_0173360.jpg
ISIC_8775087,0.0,../../../data/ISIC_2024_Permissive_Training_Input/ISIC_8775087.jpg
ISIC_5178904,0.0,../../../data/ISIC_2024_Permissive_Training_Input/ISIC_5178904.jpg
melanoma_8315,1.0,../../../data/hand_filtered_dataset/malignant/mel_train/melanoma_8315.jpg
ISIC_2643449,0.0,../../../data/ISIC_2024_Permissive_Training_Input/ISIC_2643449.jpg
melanoma_8703,1.0,../../../data/hand_filtered_dataset/malignant/mel_train/melanoma_8703.jpg
ISIC_8290872,0.0,../../../data/ISIC_2024_Permissive_Training_Input/ISIC_8290872.jpg
ISIC_5495912,0.0,../../../data/ISIC_2024_Permissive_Training_Input/ISIC_5495912.jpg
melanoma_9396,1.0,../../../data/hand_filtered_dataset/malignant/mel_train/melanoma_9396.jpg
melanoma_9170,1.0,../../../data/hand_filtered_dataset/malignant/mel_train/melanoma_9170.jpg
melanoma_9597,1.0,../../../data/hand_filtered_dataset/malignant/mel_train/melanoma_9597.jpg
melanoma_5248,1.0,../../../data/hand_filtered_dataset/malignant/mel_train/melanoma_5248.jpg
ISIC_1357775,0.0,../../../data/ISIC_2024_Permissive_Training_Input/ISIC_1357775.jpg
ISIC_2745913,0.0,../../../data/ISIC_2024_Permissive_Training_Input/ISIC_2745913.jpg
ISIC_0372586,0.0,../../../data/ISIC_2024_Permissive_Training_Input/ISIC_0372586.jpg
melanoma_8481,1.0,../../../data/hand_filtered_dataset/malignant/mel_train/melanoma_8481.jpg
ISIC_2973060,0.0,../../../data/ISIC_2024_Permissive_Training_Input/ISIC_2973060.jpg
ISIC_1096940,1.0,../../../data/ISIC_2024_Permissive_Training_Input/ISIC_1096940.jpg
ISIC_2626707,0.0,../../../data/ISIC_2024_Permissive_Training_Input/ISIC_2626707.jpg
ISIC_7227375,0.0,../../../data/ISIC_2024_Permissive_Training_Input/ISIC_7227375.jpg
ISIC_5796420,0.0,../../../data/ISIC_2024_Permissive_Training_Input/ISIC_5796420.jpg
ISIC_5640158,0.0,../../../data/ISIC_2024_Permissive_Training_Input/ISIC_5640158.jpg
ISIC_4629763,0.0,../../../data/ISIC_2024_Permissive_Training_Input/ISIC_4629763.jpg
ISIC_7316504,1.0,../../../data/ISIC_2024_Permissive_Training_Input/ISIC_7316504.jpg
melanoma_9561,1.0,../../../data/hand_filtered_dataset/malignant/mel_train/melanoma_9561.jpg
ISIC_8420419,0.0,../../../data/ISIC_2024_Permissive_Training_Input/ISIC_8420419.jpg
melanoma_9533,1.0,../../../data/hand_filtered_dataset/malignant/mel_train/melanoma_9533.jpg
ISIC_0620411,0.0,../../../data/ISIC_2024_Permissive_Training_Input/ISIC_0620411.jpg
melanoma_9260,1.0,../../../data/hand_filtered_dataset/malignant/mel_train/melanoma_9260.jpg
melanoma_8787,1.0,../../../data/hand_filtered_dataset/malignant/mel_train/melanoma_8787.jpg
ISIC_6606750,0.0,../../../data/ISIC_2024_Permissive_Training_Input/ISIC_6606750.jpg
melanoma_9427,1.0,../../../data/hand_filtered_dataset/malignant/mel_train/melanoma_9427.jpg
melanoma_7999,1.0,../../../data/hand_filtered_dataset/malignant/mel_train/melanoma_7999.jpg
ISIC_4907011,1.0,../../../data/ISIC_2024_Permissive_Training_Input/ISIC_4907011.jpg
ISIC_7729731,0.0,../../../data/ISIC_2024_Permissive_Training_Input/ISIC_7729731.jpg
ISIC_1545738,0.0,../../../data/ISIC_2024_Permissive_Training_Input/ISIC_1545738.jpg
melanoma_9390,1.0,../../../data/hand_filtered_dataset/malignant/mel_train/melanoma_9390.jpg
ISIC_1516055,0.0,../../../data/ISIC_2024_Permissive_Training_Input/ISIC_1516055.jpg
ISIC_4015326,0.0,../../../data/ISIC_2024_Permissive_Training_Input/ISIC_4015326.jpg
ISIC_7538535,0.0,../../../data/ISIC_2024_Permissive_Training_Input/ISIC_7538535.jpg
melanoma_9301,1.0,../../../data/hand_filtered_dataset/malignant/mel_train/melanoma_9301.jpg
ISIC_2693172,0.0,../../../data/ISIC_2024_Permissive_Training_Input/ISIC_2693172.jpg
melanoma_9105,1.0,../../../data/hand_filtered_dataset/malignant/mel_train/melanoma_9105.jpg
melanoma_6641,1.0,../../../data/hand_filtered_dataset/malignant/mel_train/melanoma_6641.jpg
ISIC_0500412,0.0,../../../data/ISIC_2024_Permissive_Training_Input/ISIC_0500412.jpg
ISIC_1660400,0.0,../../../data/ISIC_2024_Permissive_Training_Input/ISIC_1660400.jpg
melanoma_7298,1.0,../../../data/hand_filtered_dataset/malignant/mel_train/melanoma_7298.jpg
melanoma_6451,1.0,../../../data/hand_filtered_dataset/malignant/mel_train/melanoma_6451.jpg
melanoma_9541,1.0,../../../data/hand_filtered_dataset/malignant/mel_train/melanoma_9541.jpg
melanoma_9010,1.0,../../../data/hand_filtered_dataset/malignant/mel_train/melanoma_9010.jpg
melanoma_7968,1.0,../../../data/hand_filtered_dataset/malignant/mel_train/melanoma_7968.jpg
melanoma_5154,1.0,../../../data/hand_filtered_dataset/malignant/mel_train/melanoma_5154.jpg
melanoma_9485,1.0,../../../data/hand_filtered_dataset/malignant/mel_train/melanoma_9485.jpg
melanoma_5338,1.0,../../../data/hand_filtered_dataset/malignant/mel_train/melanoma_5338.jpg
melanoma_8824,1.0,../../../data/hand_filtered_dataset/malignant/mel_train/melanoma_8824.jpg
ISIC_7020318,0.0,../../../data/ISIC_2024_Permissive_Training_Input/ISIC_7020318.jpg
ISIC_2637251,0.0,../../../data/ISIC_2024_Permissive_Training_Input/ISIC_2637251.jpg
melanoma_7529,1.0,../../../data/hand_filtered_dataset/malignant/mel_train/melanoma_7529.jpg
ISIC_8878291,0.0,../../../data/ISIC_2024_Permissive_Training_Input/ISIC_8878291.jpg
melanoma_6626,1.0,../../../data/hand_filtered_dataset/malignant/mel_train/melanoma_6626.jpg
ISIC_7417402,1.0,../../../data/ISIC_2024_Permissive_Training_Input/ISIC_7417402.jpg
ISIC_2112771,0.0,../../../data/ISIC_2024_Permissive_Training_Input/ISIC_2112771.jpg
ISIC_5331922,0.0,../../../data/ISIC_2024_Permissive_Training_Input/ISIC_5331922.jpg
melanoma_5359,1.0,../../../data/hand_filtered_dataset/malignant/mel_train/melanoma_5359.jpg
ISIC_5067536,0.0,../../../data/ISIC_2024_Permissive_Training_Input/ISIC_5067536.jpg
melanoma_9526,1.0,../../../data/hand_filtered_dataset/malignant/mel_train/melanoma_9526.jpg
ISIC_7137150,0.0,../../../data/ISIC_2024_Permissive_Training_Input/ISIC_7137150.jpg
melanoma_5016,1.0,../../../data/hand_filtered_dataset/malignant/mel_train/melanoma_5016.jpg
ISIC_2194941,0.0,../../../data/ISIC_2024_Permissive_Training_Input/ISIC_2194941.jpg
melanoma_6044,1.0,../../../data/hand_filtered_dataset/malignant/mel_train/melanoma_6044.jpg
ISIC_0749428,0.0,../../../data/ISIC_2024_Permissive_Training_Input/ISIC_0749428.jpg
melanoma_6521,1.0,../../../data/hand_filtered_dataset/malignant/mel_train/melanoma_6521.jpg
ISIC_9891094,0.0,../../../data/ISIC_2024_Permissive_Training_Input/ISIC_9891094.jpg
melanoma_9522,1.0,../../../data/hand_filtered_dataset/malignant/mel_train/melanoma_9522.jpg
ISIC_7520589,0.0,../../../data/ISIC_2024_Permissive_Training_Input/ISIC_7520589.jpg
ISIC_2969051,0.0,../../../data/ISIC_2024_Permissive_Training_Input/ISIC_2969051.jpg
melanoma_9456,1.0,../../../data/hand_filtered_dataset/malignant/mel_train/melanoma_9456.jpg
melanoma_9268,1.0,../../../data/hand_filtered_dataset/malignant/mel_train/melanoma_9268.jpg
melanoma_9468,1.0,../../../data/hand_filtered_dataset/malignant/mel_train/melanoma_9468.jpg
melanoma_7180,1.0,../../../data/hand_filtered_dataset/malignant/mel_train/melanoma_7180.jpg
melanoma_9421,1.0,../../../data/hand_filtered_dataset/malignant/mel_train/melanoma_9421.jpg
melanoma_8377,1.0,../../../data/hand_filtered_dataset/malignant/mel_train/melanoma_8377.jpg
ISIC_7203560,0.0,../../../data/ISIC_2024_Permissive_Training_Input/ISIC_7203560.jpg
ISIC_3804056,0.0,../../../data/ISIC_2024_Permissive_Training_Input/ISIC_3804056.jpg
ISIC_5606367,0.0,../../../data/ISIC_2024_Permissive_Training_Input/ISIC_5606367.jpg
melanoma_9478,1.0,../../../data/hand_filtered_dataset/malignant/mel_train/melanoma_9478.jpg
melanoma_6230,1.0,../../../data/hand_filtered_dataset/malignant/mel_train/melanoma_6230.jpg
ISIC_7070218,0.0,../../../data/ISIC_2024_Permissive_Training_Input/ISIC_7070218.jpg
ISIC_6150815,0.0,../../../data/ISIC_2024_Permissive_Training_Input/ISIC_6150815.jpg
ISIC_3091180,1.0,../../../data/ISIC_2024_Permissive_Training_Input/ISIC_3091180.jpg
melanoma_7727,1.0,../../../data/hand_filtered_dataset/malignant/mel_train/melanoma_7727.jpg
ISIC_8384200,0.0,../../../data/ISIC_2024_Permissive_Training_Input/ISIC_8384200.jpg
ISIC_9667723,0.0,../../../data/ISIC_2024_Permissive_Training_Input/ISIC_9667723.jpg
ISIC_2703312,0.0,../../../data/ISIC_2024_Permissive_Training_Input/ISIC_2703312.jpg
ISIC_2819199,0.0,../../../data/ISIC_2024_Permissive_Training_Input/ISIC_2819199.jpg
ISIC_6744974,0.0,../../../data/ISIC_2024_Permissive_Training_Input/ISIC_6744974.jpg
ISIC_4477341,0.0,../../../data/ISIC_2024_Permissive_Training_Input/ISIC_4477341.jpg
melanoma_5568,1.0,../../../data/hand_filtered_dataset/malignant/mel_train/melanoma_5568.jpg
ISIC_8504751,0.0,../../../data/ISIC_2024_Permissive_Training_Input/ISIC_8504751.jpg
melanoma_5064,1.0,../../../data/hand_filtered_dataset/malignant/mel_train/melanoma_5064.jpg
melanoma_5186,1.0,../../../data/hand_filtered_dataset/malignant/mel_train/melanoma_5186.jpg
melanoma_7525,1.0,../../../data/hand_filtered_dataset/malignant/mel_train/melanoma_7525.jpg
melanoma_8455,1.0,../../../data/hand_filtered_dataset/malignant/mel_train/melanoma_8455.jpg
melanoma_6609,1.0,../../../data/hand_filtered_dataset/malignant/mel_train/melanoma_6609.jpg
ISIC_6779160,0.0,../../../data/ISIC_2024_Permissive_Training_Input/ISIC_6779160.jpg
ISIC_4229632,0.0,../../../data/ISIC_2024_Permissive_Training_Input/ISIC_4229632.jpg
ISIC_4866789,0.0,../../../data/ISIC_2024_Permissive_Training_Input/ISIC_4866789.jpg
ISIC_5487084,0.0,../../../data/ISIC_2024_Permissive_Training_Input/ISIC_5487084.jpg
melanoma_9279,1.0,../../../data/hand_filtered_dataset/malignant/mel_train/melanoma_9279.jpg
ISIC_5750254,0.0,../../../data/ISIC_2024_Permissive_Training_Input/ISIC_5750254.jpg
ISIC_3847457,0.0,../../../data/ISIC_2024_Permissive_Training_Input/ISIC_3847457.jpg
melanoma_5241,1.0,../../../data/hand_filtered_dataset/malignant/mel_train/melanoma_5241.jpg
melanoma_5650,1.0,../../../data/hand_filtered_dataset/malignant/mel_train/melanoma_5650.jpg
ISIC_0208240,0.0,../../../data/ISIC_2024_Permissive_Training_Input/ISIC_0208240.jpg
ISIC_2389547,0.0,../../../data/ISIC_2024_Permissive_Training_Input/ISIC_2389547.jpg
ISIC_2966504,0.0,../../../data/ISIC_2024_Permissive_Training_Input/ISIC_2966504.jpg
ISIC_4915020,0.0,../../../data/ISIC_2024_Permissive_Training_Input/ISIC_4915020.jpg
ISIC_1020240,1.0,../../../data/ISIC_2024_Permissive_Training_Input/ISIC_1020240.jpg
melanoma_9063,1.0,../../../data/hand_filtered_dataset/malignant/mel_train/melanoma_9063.jpg
melanoma_5429,1.0,../../../data/hand_filtered_dataset/malignant/mel_train/melanoma_5429.jpg
ISIC_8411515,0.0,../../../data/ISIC_2024_Permissive_Training_Input/ISIC_8411515.jpg
melanoma_7938,1.0,../../../data/hand_filtered_dataset/malignant/mel_train/melanoma_7938.jpg
melanoma_9512,1.0,../../../data/hand_filtered_dataset/malignant/mel_train/melanoma_9512.jpg
melanoma_5869,1.0,../../../data/hand_filtered_dataset/malignant/mel_train/melanoma_5869.jpg
ISIC_8566622,0.0,../../../data/ISIC_2024_Permissive_Training_Input/ISIC_8566622.jpg
ISIC_1177492,0.0,../../../data/ISIC_2024_Permissive_Training_Input/ISIC_1177492.jpg
ISIC_8478314,0.0,../../../data/ISIC_2024_Permissive_Training_Input/ISIC_8478314.jpg
ISIC_3499423,0.0,../../../data/ISIC_2024_Permissive_Training_Input/ISIC_3499423.jpg
melanoma_6668,1.0,../../../data/hand_filtered_dataset/malignant/mel_train/melanoma_6668.jpg
ISIC_4021860,0.0,../../../data/ISIC_2024_Permissive_Training_Input/ISIC_4021860.jpg
melanoma_8335,1.0,../../../data/hand_filtered_dataset/malignant/mel_train/melanoma_8335.jpg
ISIC_6427059,0.0,../../../data/ISIC_2024_Permissive_Training_Input/ISIC_6427059.jpg
ISIC_6641179,0.0,../../../data/ISIC_2024_Permissive_Training_Input/ISIC_6641179.jpg
ISIC_3676200,0.0,../../../data/ISIC_2024_Permissive_Training_Input/ISIC_3676200.jpg
ISIC_7103248,0.0,../../../data/ISIC_2024_Permissive_Training_Input/ISIC_7103248.jpg
melanoma_6045,1.0,../../../data/hand_filtered_dataset/malignant/mel_train/melanoma_6045.jpg
melanoma_5245,1.0,../../../data/hand_filtered_dataset/malignant/mel_train/melanoma_5245.jpg
ISIC_3629176,0.0,../../../data/ISIC_2024_Permissive_Training_Input/ISIC_3629176.jpg
ISIC_6741478,0.0,../../../data/ISIC_2024_Permissive_Training_Input/ISIC_6741478.jpg
ISIC_7452401,0.0,../../../data/ISIC_2024_Permissive_Training_Input/ISIC_7452401.jpg
melanoma_6963,1.0,../../../data/hand_filtered_dataset/malignant/mel_train/melanoma_6963.jpg
ISIC_5473829,0.0,../../../data/ISIC_2024_Permissive_Training_Input/ISIC_5473829.jpg
melanoma_5350,1.0,../../../data/hand_filtered_dataset/malignant/mel_train/melanoma_5350.jpg
ISIC_6348435,0.0,../../../data/ISIC_2024_Permissive_Training_Input/ISIC_6348435.jpg
melanoma_5531,1.0,../../../data/hand_filtered_dataset/malignant/mel_train/melanoma_5531.jpg
melanoma_7521,1.0,../../../data/hand_filtered_dataset/malignant/mel_train/melanoma_7521.jpg
ISIC_8619045,0.0,../../../data/ISIC_2024_Permissive_Training_Input/ISIC_8619045.jpg
ISIC_1704073,0.0,../../../data/ISIC_2024_Permissive_Training_Input/ISIC_1704073.jpg
melanoma_9547,1.0,../../../data/hand_filtered_dataset/malignant/mel_train/melanoma_9547.jpg
melanoma_6634,1.0,../../../data/hand_filtered_dataset/malignant/mel_train/melanoma_6634.jpg
ISIC_2288915,0.0,../../../data/ISIC_2024_Permissive_Training_Input/ISIC_2288915.jpg
ISIC_9910669,0.0,../../../data/ISIC_2024_Permissive_Training_Input/ISIC_9910669.jpg
melanoma_7464,1.0,../../../data/hand_filtered_dataset/malignant/mel_train/melanoma_7464.jpg
melanoma_8402,1.0,../../../data/hand_filtered_dataset/malignant/mel_train/melanoma_8402.jpg
melanoma_7651,1.0,../../../data/hand_filtered_dataset/malignant/mel_train/melanoma_7651.jpg
ISIC_8532842,0.0,../../../data/ISIC_2024_Permissive_Training_Input/ISIC_8532842.jpg
melanoma_7060,1.0,../../../data/hand_filtered_dataset/malignant/mel_train/melanoma_7060.jpg
melanoma_6523,1.0,../../../data/hand_filtered_dataset/malignant/mel_train/melanoma_6523.jpg
ISIC_9185044,0.0,../../../data/ISIC_2024_Permissive_Training_Input/ISIC_9185044.jpg
melanoma_7662,1.0,../../../data/hand_filtered_dataset/malignant/mel_train/melanoma_7662.jpg
melanoma_7230,1.0,../../../data/hand_filtered_dataset/malignant/mel_train/melanoma_7230.jpg
melanoma_8770,1.0,../../../data/hand_filtered_dataset/malignant/mel_train/melanoma_8770.jpg
ISIC_7449636,0.0,../../../data/ISIC_2024_Permissive_Training_Input/ISIC_7449636.jpg
melanoma_6457,1.0,../../../data/hand_filtered_dataset/malignant/mel_train/melanoma_6457.jpg
ISIC_7299835,0.0,../../../data/ISIC_2024_Permissive_Training_Input/ISIC_7299835.jpg
melanoma_9454,1.0,../../../data/hand_filtered_dataset/malignant/mel_train/melanoma_9454.jpg
melanoma_7127,1.0,../../../data/hand_filtered_dataset/malignant/mel_train/melanoma_7127.jpg
melanoma_9593,1.0,../../../data/hand_filtered_dataset/malignant/mel_train/melanoma_9593.jpg
melanoma_8534,1.0,../../../data/hand_filtered_dataset/malignant/mel_train/melanoma_8534.jpg
ISIC_3043244,0.0,../../../data/ISIC_2024_Permissive_Training_Input/ISIC_3043244.jpg
ISIC_7647494,1.0,../../../data/ISIC_2024_Permissive_Training_Input/ISIC_7647494.jpg
melanoma_7059,1.0,../../../data/hand_filtered_dataset/malignant/mel_train/melanoma_7059.jpg
melanoma_6056,1.0,../../../data/hand_filtered_dataset/malignant/mel_train/melanoma_6056.jpg
ISIC_6646188,0.0,../../../data/ISIC_2024_Permissive_Training_Input/ISIC_6646188.jpg
ISIC_2283524,0.0,../../../data/ISIC_2024_Permissive_Training_Input/ISIC_2283524.jpg
melanoma_8727,1.0,../../../data/hand_filtered_dataset/malignant/mel_train/melanoma_8727.jpg
melanoma_7356,1.0,../../../data/hand_filtered_dataset/malignant/mel_train/melanoma_7356.jpg
ISIC_7630612,0.0,../../../data/ISIC_2024_Permissive_Training_Input/ISIC_7630612.jpg
ISIC_0622905,0.0,../../../data/ISIC_2024_Permissive_Training_Input/ISIC_0622905.jpg
melanoma_9235,1.0,../../../data/hand_filtered_dataset/malignant/mel_train/melanoma_9235.jpg
ISIC_8509643,0.0,../../../data/ISIC_2024_Permissive_Training_Input/ISIC_8509643.jpg
ISIC_4768665,0.0,../../../data/ISIC_2024_Permissive_Training_Input/ISIC_4768665.jpg
ISIC_2582645,0.0,../../../data/ISIC_2024_Permissive_Training_Input/ISIC_2582645.jpg
ISIC_9044897,0.0,../../../data/ISIC_2024_Permissive_Training_Input/ISIC_9044897.jpg
ISIC_5748143,0.0,../../../data/ISIC_2024_Permissive_Training_Input/ISIC_5748143.jpg
melanoma_9125,1.0,../../../data/hand_filtered_dataset/malignant/mel_train/melanoma_9125.jpg
ISIC_5520064,0.0,../../../data/ISIC_2024_Permissive_Training_Input/ISIC_5520064.jpg
melanoma_5825,1.0,../../../data/hand_filtered_dataset/malignant/mel_train/melanoma_5825.jpg
melanoma_5073,1.0,../../../data/hand_filtered_dataset/malignant/mel_train/melanoma_5073.jpg
melanoma_5574,1.0,../../../data/hand_filtered_dataset/malignant/mel_train/melanoma_5574.jpg
ISIC_8800250,1.0,../../../data/ISIC_2024_Permissive_Training_Input/ISIC_8800250.jpg
melanoma_6606,1.0,../../../data/hand_filtered_dataset/malignant/mel_train/melanoma_6606.jpg
ISIC_8224877,0.0,../../../data/ISIC_2024_Permissive_Training_Input/ISIC_8224877.jpg
ISIC_2696498,0.0,../../../data/ISIC_2024_Permissive_Training_Input/ISIC_2696498.jpg
melanoma_7567,1.0,../../../data/hand_filtered_dataset/malignant/mel_train/melanoma_7567.jpg
melanoma_5801,1.0,../../../data/hand_filtered_dataset/malignant/mel_train/melanoma_5801.jpg
melanoma_9190,1.0,../../../data/hand_filtered_dataset/malignant/mel_train/melanoma_9190.jpg
melanoma_7223,1.0,../../../data/hand_filtered_dataset/malignant/mel_train/melanoma_7223.jpg
melanoma_8147,1.0,../../../data/hand_filtered_dataset/malignant/mel_train/melanoma_8147.jpg
ISIC_0869910,0.0,../../../data/ISIC_2024_Permissive_Training_Input/ISIC_0869910.jpg
melanoma_6918,1.0,../../../data/hand_filtered_dataset/malignant/mel_train/melanoma_6918.jpg
melanoma_6124,1.0,../../../data/hand_filtered_dataset/malignant/mel_train/melanoma_6124.jpg
melanoma_7092,1.0,../../../data/hand_filtered_dataset/malignant/mel_train/melanoma_7092.jpg
ISIC_3798737,0.0,../../../data/ISIC_2024_Permissive_Training_Input/ISIC_3798737.jpg
ISIC_0766126,0.0,../../../data/ISIC_2024_Permissive_Training_Input/ISIC_0766126.jpg
ISIC_4325971,0.0,../../../data/ISIC_2024_Permissive_Training_Input/ISIC_4325971.jpg
ISIC_3292194,0.0,../../../data/ISIC_2024_Permissive_Training_Input/ISIC_3292194.jpg
melanoma_8537,1.0,../../../data/hand_filtered_dataset/malignant/mel_train/melanoma_8537.jpg
melanoma_8684,1.0,../../../data/hand_filtered_dataset/malignant/mel_train/melanoma_8684.jpg
melanoma_8205,1.0,../../../data/hand_filtered_dataset/malignant/mel_train/melanoma_8205.jpg
ISIC_6238430,0.0,../../../data/ISIC_2024_Permissive_Training_Input/ISIC_6238430.jpg
ISIC_3955383,0.0,../../../data/ISIC_2024_Permissive_Training_Input/ISIC_3955383.jpg
melanoma_5331,1.0,../../../data/hand_filtered_dataset/malignant/mel_train/melanoma_5331.jpg
melanoma_8326,1.0,../../../data/hand_filtered_dataset/malignant/mel_train/melanoma_8326.jpg
melanoma_8774,1.0,../../../data/hand_filtered_dataset/malignant/mel_train/melanoma_8774.jpg
ISIC_6524442,0.0,../../../data/ISIC_2024_Permissive_Training_Input/ISIC_6524442.jpg
melanoma_6856,1.0,../../../data/hand_filtered_dataset/malignant/mel_train/melanoma_6856.jpg
melanoma_8546,1.0,../../../data/hand_filtered_dataset/malignant/mel_train/melanoma_8546.jpg
ISIC_0473663,0.0,../../../data/ISIC_2024_Permissive_Training_Input/ISIC_0473663.jpg
ISIC_3249800,0.0,../../../data/ISIC_2024_Permissive_Training_Input/ISIC_3249800.jpg
melanoma_6468,1.0,../../../data/hand_filtered_dataset/malignant/mel_train/melanoma_6468.jpg
ISIC_5398508,0.0,../../../data/ISIC_2024_Permissive_Training_Input/ISIC_5398508.jpg
ISIC_0837238,0.0,../../../data/ISIC_2024_Permissive_Training_Input/ISIC_0837238.jpg
melanoma_6917,1.0,../../../data/hand_filtered_dataset/malignant/mel_train/melanoma_6917.jpg
melanoma_7112,1.0,../../../data/hand_filtered_dataset/malignant/mel_train/melanoma_7112.jpg
melanoma_5131,1.0,../../../data/hand_filtered_dataset/malignant/mel_train/melanoma_5131.jpg
ISIC_9274407,0.0,../../../data/ISIC_2024_Permissive_Training_Input/ISIC_9274407.jpg
melanoma_5683,1.0,../../../data/hand_filtered_dataset/malignant/mel_train/melanoma_5683.jpg
melanoma_7316,1.0,../../../data/hand_filtered_dataset/malignant/mel_train/melanoma_7316.jpg
ISIC_9332187,0.0,../../../data/ISIC_2024_Permissive_Training_Input/ISIC_9332187.jpg
melanoma_9259,1.0,../../../data/hand_filtered_dataset/malignant/mel_train/melanoma_9259.jpg
ISIC_1786125,0.0,../../../data/ISIC_2024_Permissive_Training_Input/ISIC_1786125.jpg
ISIC_0447318,0.0,../../../data/ISIC_2024_Permissive_Training_Input/ISIC_0447318.jpg
melanoma_9107,1.0,../../../data/hand_filtered_dataset/malignant/mel_train/melanoma_9107.jpg
ISIC_0093210,0.0,../../../data/ISIC_2024_Permissive_Training_Input/ISIC_0093210.jpg
melanoma_7215,1.0,../../../data/hand_filtered_dataset/malignant/mel_train/melanoma_7215.jpg
ISIC_6725644,0.0,../../../data/ISIC_2024_Permissive_Training_Input/ISIC_6725644.jpg
ISIC_9572307,0.0,../../../data/ISIC_2024_Permissive_Training_Input/ISIC_9572307.jpg
melanoma_8971,1.0,../../../data/hand_filtered_dataset/malignant/mel_train/melanoma_8971.jpg
ISIC_8310505,1.0,../../../data/ISIC_2024_Permissive_Training_Input/ISIC_8310505.jpg
ISIC_9993803,0.0,../../../data/ISIC_2024_Permissive_Training_Input/ISIC_9993803.jpg
melanoma_8060,1.0,../../../data/hand_filtered_dataset/malignant/mel_train/melanoma_8060.jpg
ISIC_0129780,0.0,../../../data/ISIC_2024_Permissive_Training_Input/ISIC_0129780.jpg
ISIC_0113773,0.0,../../../data/ISIC_2024_Permissive_Training_Input/ISIC_0113773.jpg
ISIC_4607663,0.0,../../../data/ISIC_2024_Permissive_Training_Input/ISIC_4607663.jpg
melanoma_9586,1.0,../../../data/hand_filtered_dataset/malignant/mel_train/melanoma_9586.jpg
melanoma_9195,1.0,../../../data/hand_filtered_dataset/malignant/mel_train/melanoma_9195.jpg
ISIC_5929933,0.0,../../../data/ISIC_2024_Permissive_Training_Input/ISIC_5929933.jpg
ISIC_3363245,0.0,../../../data/ISIC_2024_Permissive_Training_Input/ISIC_3363245.jpg
melanoma_7248,1.0,../../../data/hand_filtered_dataset/malignant/mel_train/melanoma_7248.jpg
ISIC_9846949,0.0,../../../data/ISIC_2024_Permissive_Training_Input/ISIC_9846949.jpg
ISIC_0082517,0.0,../../../data/ISIC_2024_Permissive_Training_Input/ISIC_0082517.jpg
ISIC_6996980,0.0,../../../data/ISIC_2024_Permissive_Training_Input/ISIC_6996980.jpg
melanoma_5263,1.0,../../../data/hand_filtered_dataset/malignant/mel_train/melanoma_5263.jpg
melanoma_5524,1.0,../../../data/hand_filtered_dataset/malignant/mel_train/melanoma_5524.jpg
ISIC_3453888,0.0,../../../data/ISIC_2024_Permissive_Training_Input/ISIC_3453888.jpg
ISIC_7530555,0.0,../../../data/ISIC_2024_Permissive_Training_Input/ISIC_7530555.jpg
ISIC_8178046,0.0,../../../data/ISIC_2024_Permissive_Training_Input/ISIC_8178046.jpg
ISIC_4234631,0.0,../../../data/ISIC_2024_Permissive_Training_Input/ISIC_4234631.jpg
melanoma_7678,1.0,../../../data/hand_filtered_dataset/malignant/mel_train/melanoma_7678.jpg
ISIC_3373926,0.0,../../../data/ISIC_2024_Permissive_Training_Input/ISIC_3373926.jpg
ISIC_9427179,0.0,../../../data/ISIC_2024_Permissive_Training_Input/ISIC_9427179.jpg
ISIC_3251498,0.0,../../../data/ISIC_2024_Permissive_Training_Input/ISIC_3251498.jpg
melanoma_6927,1.0,../../../data/hand_filtered_dataset/malignant/mel_train/melanoma_6927.jpg
melanoma_5742,1.0,../../../data/hand_filtered_dataset/malignant/mel_train/melanoma_5742.jpg
ISIC_7274674,0.0,../../../data/ISIC_2024_Permissive_Training_Input/ISIC_7274674.jpg
melanoma_5737,1.0,../../../data/hand_filtered_dataset/malignant/mel_train/melanoma_5737.jpg
melanoma_5307,1.0,../../../data/hand_filtered_dataset/malignant/mel_train/melanoma_5307.jpg
ISIC_9520319,0.0,../../../data/ISIC_2024_Permissive_Training_Input/ISIC_9520319.jpg
melanoma_7844,1.0,../../../data/hand_filtered_dataset/malignant/mel_train/melanoma_7844.jpg
ISIC_8875203,0.0,../../../data/ISIC_2024_Permissive_Training_Input/ISIC_8875203.jpg
ISIC_1529102,0.0,../../../data/ISIC_2024_Permissive_Training_Input/ISIC_1529102.jpg
ISIC_3374114,1.0,../../../data/ISIC_2024_Permissive_Training_Input/ISIC_3374114.jpg
melanoma_5543,1.0,../../../data/hand_filtered_dataset/malignant/mel_train/melanoma_5543.jpg
ISIC_5477285,0.0,../../../data/ISIC_2024_Permissive_Training_Input/ISIC_5477285.jpg
ISIC_9019373,0.0,../../../data/ISIC_2024_Permissive_Training_Input/ISIC_9019373.jpg
ISIC_7857293,0.0,../../../data/ISIC_2024_Permissive_Training_Input/ISIC_7857293.jpg
ISIC_3510312,0.0,../../../data/ISIC_2024_Permissive_Training_Input/ISIC_3510312.jpg
ISIC_9639838,0.0,../../../data/ISIC_2024_Permissive_Training_Input/ISIC_9639838.jpg
ISIC_0589332,0.0,../../../data/ISIC_2024_Permissive_Training_Input/ISIC_0589332.jpg
ISIC_4956200,0.0,../../../data/ISIC_2024_Permissive_Training_Input/ISIC_4956200.jpg
melanoma_7827,1.0,../../../data/hand_filtered_dataset/malignant/mel_train/melanoma_7827.jpg
ISIC_3665489,0.0,../../../data/ISIC_2024_Permissive_Training_Input/ISIC_3665489.jpg
ISIC_1601187,0.0,../../../data/ISIC_2024_Permissive_Training_Input/ISIC_1601187.jpg
ISIC_0809477,0.0,../../../data/ISIC_2024_Permissive_Training_Input/ISIC_0809477.jpg
ISIC_1857756,0.0,../../../data/ISIC_2024_Permissive_Training_Input/ISIC_1857756.jpg
melanoma_9557,1.0,../../../data/hand_filtered_dataset/malignant/mel_train/melanoma_9557.jpg
ISIC_3685624,0.0,../../../data/ISIC_2024_Permissive_Training_Input/ISIC_3685624.jpg
ISIC_7724566,0.0,../../../data/ISIC_2024_Permissive_Training_Input/ISIC_7724566.jpg
ISIC_5701746,0.0,../../../data/ISIC_2024_Permissive_Training_Input/ISIC_5701746.jpg
ISIC_7074027,1.0,../../../data/ISIC_2024_Permissive_Training_Input/ISIC_7074027.jpg
ISIC_1948884,0.0,../../../data/ISIC_2024_Permissive_Training_Input/ISIC_1948884.jpg
ISIC_6631460,0.0,../../../data/ISIC_2024_Permissive_Training_Input/ISIC_6631460.jpg
melanoma_6601,1.0,../../../data/hand_filtered_dataset/malignant/mel_train/melanoma_6601.jpg
melanoma_9559,1.0,../../../data/hand_filtered_dataset/malignant/mel_train/melanoma_9559.jpg
ISIC_9681301,0.0,../../../data/ISIC_2024_Permissive_Training_Input/ISIC_9681301.jpg
ISIC_4186734,0.0,../../../data/ISIC_2024_Permissive_Training_Input/ISIC_4186734.jpg
melanoma_7400,1.0,../../../data/hand_filtered_dataset/malignant/mel_train/melanoma_7400.jpg
ISIC_7846896,0.0,../../../data/ISIC_2024_Permissive_Training_Input/ISIC_7846896.jpg
melanoma_8262,1.0,../../../data/hand_filtered_dataset/malignant/mel_train/melanoma_8262.jpg
ISIC_3936824,0.0,../../../data/ISIC_2024_Permissive_Training_Input/ISIC_3936824.jpg
ISIC_5273221,0.0,../../../data/ISIC_2024_Permissive_Training_Input/ISIC_5273221.jpg
ISIC_8735994,0.0,../../../data/ISIC_2024_Permissive_Training_Input/ISIC_8735994.jpg
ISIC_6296165,0.0,../../../data/ISIC_2024_Permissive_Training_Input/ISIC_6296165.jpg
melanoma_8322,1.0,../../../data/hand_filtered_dataset/malignant/mel_train/melanoma_8322.jpg
ISIC_7834123,0.0,../../../data/ISIC_2024_Permissive_Training_Input/ISIC_7834123.jpg
melanoma_7017,1.0,../../../data/hand_filtered_dataset/malignant/mel_train/melanoma_7017.jpg
ISIC_5609822,1.0,../../../data/ISIC_2024_Permissive_Training_Input/ISIC_5609822.jpg
ISIC_5127700,0.0,../../../data/ISIC_2024_Permissive_Training_Input/ISIC_5127700.jpg
melanoma_7777,1.0,../../../data/hand_filtered_dataset/malignant/mel_train/melanoma_7777.jpg
melanoma_8639,1.0,../../../data/hand_filtered_dataset/malignant/mel_train/melanoma_8639.jpg
ISIC_9023926,0.0,../../../data/ISIC_2024_Permissive_Training_Input/ISIC_9023926.jpg
ISIC_6364442,0.0,../../../data/ISIC_2024_Permissive_Training_Input/ISIC_6364442.jpg
ISIC_8333431,1.0,../../../data/ISIC_2024_Permissive_Training_Input/ISIC_8333431.jpg
melanoma_8180,1.0,../../../data/hand_filtered_dataset/malignant/mel_train/melanoma_8180.jpg
ISIC_5559864,0.0,../../../data/ISIC_2024_Permissive_Training_Input/ISIC_5559864.jpg
melanoma_6108,1.0,../../../data/hand_filtered_dataset/malignant/mel_train/melanoma_6108.jpg
ISIC_2836387,0.0,../../../data/ISIC_2024_Permissive_Training_Input/ISIC_2836387.jpg
ISIC_0160905,0.0,../../../data/ISIC_2024_Permissive_Training_Input/ISIC_0160905.jpg
melanoma_5327,1.0,../../../data/hand_filtered_dataset/malignant/mel_train/melanoma_5327.jpg
ISIC_5905737,0.0,../../../data/ISIC_2024_Permissive_Training_Input/ISIC_5905737.jpg
melanoma_7858,1.0,../../../data/hand_filtered_dataset/malignant/mel_train/melanoma_7858.jpg
melanoma_6729,1.0,../../../data/hand_filtered_dataset/malignant/mel_train/melanoma_6729.jpg
ISIC_6334256,0.0,../../../data/ISIC_2024_Permissive_Training_Input/ISIC_6334256.jpg
melanoma_5102,1.0,../../../data/hand_filtered_dataset/malignant/mel_train/melanoma_5102.jpg
melanoma_7538,1.0,../../../data/hand_filtered_dataset/malignant/mel_train/melanoma_7538.jpg
ISIC_2042288,0.0,../../../data/ISIC_2024_Permissive_Training_Input/ISIC_2042288.jpg
ISIC_5749372,0.0,../../../data/ISIC_2024_Permissive_Training_Input/ISIC_5749372.jpg
ISIC_3006568,0.0,../../../data/ISIC_2024_Permissive_Training_Input/ISIC_3006568.jpg
ISIC_4531481,0.0,../../../data/ISIC_2024_Permissive_Training_Input/ISIC_4531481.jpg
ISIC_0301644,0.0,../../../data/ISIC_2024_Permissive_Training_Input/ISIC_0301644.jpg
melanoma_8005,1.0,../../../data/hand_filtered_dataset/malignant/mel_train/melanoma_8005.jpg
ISIC_8952768,0.0,../../../data/ISIC_2024_Permissive_Training_Input/ISIC_8952768.jpg
ISIC_6403521,0.0,../../../data/ISIC_2024_Permissive_Training_Input/ISIC_6403521.jpg
ISIC_1556099,0.0,../../../data/ISIC_2024_Permissive_Training_Input/ISIC_1556099.jpg
ISIC_3491189,0.0,../../../data/ISIC_2024_Permissive_Training_Input/ISIC_3491189.jpg
ISIC_1875974,0.0,../../../data/ISIC_2024_Permissive_Training_Input/ISIC_1875974.jpg
melanoma_6574,1.0,../../../data/hand_filtered_dataset/malignant/mel_train/melanoma_6574.jpg
ISIC_5071651,0.0,../../../data/ISIC_2024_Permissive_Training_Input/ISIC_5071651.jpg
ISIC_0222212,0.0,../../../data/ISIC_2024_Permissive_Training_Input/ISIC_0222212.jpg
melanoma_9429,1.0,../../../data/hand_filtered_dataset/malignant/mel_train/melanoma_9429.jpg
ISIC_8784014,0.0,../../../data/ISIC_2024_Permissive_Training_Input/ISIC_8784014.jpg
melanoma_8067,1.0,../../../data/hand_filtered_dataset/malignant/mel_train/melanoma_8067.jpg
ISIC_3781345,0.0,../../../data/ISIC_2024_Permissive_Training_Input/ISIC_3781345.jpg
melanoma_5699,1.0,../../../data/hand_filtered_dataset/malignant/mel_train/melanoma_5699.jpg
melanoma_8737,1.0,../../../data/hand_filtered_dataset/malignant/mel_train/melanoma_8737.jpg
ISIC_5486622,0.0,../../../data/ISIC_2024_Permissive_Training_Input/ISIC_5486622.jpg
ISIC_5043386,1.0,../../../data/ISIC_2024_Permissive_Training_Input/ISIC_5043386.jpg
ISIC_7490839,0.0,../../../data/ISIC_2024_Permissive_Training_Input/ISIC_7490839.jpg
melanoma_9169,1.0,../../../data/hand_filtered_dataset/malignant/mel_train/melanoma_9169.jpg
melanoma_6155,1.0,../../../data/hand_filtered_dataset/malignant/mel_train/melanoma_6155.jpg
ISIC_0134329,0.0,../../../data/ISIC_2024_Permissive_Training_Input/ISIC_0134329.jpg
melanoma_5978,1.0,../../../data/hand_filtered_dataset/malignant/mel_train/melanoma_5978.jpg
ISIC_5987936,1.0,../../../data/ISIC_2024_Permissive_Training_Input/ISIC_5987936.jpg
melanoma_5654,1.0,../../../data/hand_filtered_dataset/malignant/mel_train/melanoma_5654.jpg
ISIC_1257488,1.0,../../../data/ISIC_2024_Permissive_Training_Input/ISIC_1257488.jpg
melanoma_8272,1.0,../../../data/hand_filtered_dataset/malignant/mel_train/melanoma_8272.jpg
ISIC_0884419,0.0,../../../data/ISIC_2024_Permissive_Training_Input/ISIC_0884419.jpg
melanoma_7009,1.0,../../../data/hand_filtered_dataset/malignant/mel_train/melanoma_7009.jpg
ISIC_6969532,0.0,../../../data/ISIC_2024_Permissive_Training_Input/ISIC_6969532.jpg
melanoma_8453,1.0,../../../data/hand_filtered_dataset/malignant/mel_train/melanoma_8453.jpg
ISIC_2136349,0.0,../../../data/ISIC_2024_Permissive_Training_Input/ISIC_2136349.jpg
melanoma_8358,1.0,../../../data/hand_filtered_dataset/malignant/mel_train/melanoma_8358.jpg
ISIC_0479337,0.0,../../../data/ISIC_2024_Permissive_Training_Input/ISIC_0479337.jpg
ISIC_9757564,0.0,../../../data/ISIC_2024_Permissive_Training_Input/ISIC_9757564.jpg
melanoma_6323,1.0,../../../data/hand_filtered_dataset/malignant/mel_train/melanoma_6323.jpg
melanoma_8183,1.0,../../../data/hand_filtered_dataset/malignant/mel_train/melanoma_8183.jpg
melanoma_6607,1.0,../../../data/hand_filtered_dataset/malignant/mel_train/melanoma_6607.jpg
ISIC_0287900,1.0,../../../data/ISIC_2024_Permissive_Training_Input/ISIC_0287900.jpg
ISIC_1563916,0.0,../../../data/ISIC_2024_Permissive_Training_Input/ISIC_1563916.jpg
melanoma_5659,1.0,../../../data/hand_filtered_dataset/malignant/mel_train/melanoma_5659.jpg
ISIC_7586538,0.0,../../../data/ISIC_2024_Permissive_Training_Input/ISIC_7586538.jpg
ISIC_3597013,0.0,../../../data/ISIC_2024_Permissive_Training_Input/ISIC_3597013.jpg
ISIC_7690204,0.0,../../../data/ISIC_2024_Permissive_Training_Input/ISIC_7690204.jpg
ISIC_4411411,0.0,../../../data/ISIC_2024_Permissive_Training_Input/ISIC_4411411.jpg
melanoma_7902,1.0,../../../data/hand_filtered_dataset/malignant/mel_train/melanoma_7902.jpg
melanoma_9457,1.0,../../../data/hand_filtered_dataset/malignant/mel_train/melanoma_9457.jpg
ISIC_9002964,0.0,../../../data/ISIC_2024_Permissive_Training_Input/ISIC_9002964.jpg
ISIC_8120324,0.0,../../../data/ISIC_2024_Permissive_Training_Input/ISIC_8120324.jpg
melanoma_7244,1.0,../../../data/hand_filtered_dataset/malignant/mel_train/melanoma_7244.jpg
melanoma_5480,1.0,../../../data/hand_filtered_dataset/malignant/mel_train/melanoma_5480.jpg
ISIC_0204248,0.0,../../../data/ISIC_2024_Permissive_Training_Input/ISIC_0204248.jpg
ISIC_7022580,0.0,../../../data/ISIC_2024_Permissive_Training_Input/ISIC_7022580.jpg
ISIC_2716187,0.0,../../../data/ISIC_2024_Permissive_Training_Input/ISIC_2716187.jpg
melanoma_7880,1.0,../../../data/hand_filtered_dataset/malignant/mel_train/melanoma_7880.jpg
melanoma_6680,1.0,../../../data/hand_filtered_dataset/malignant/mel_train/melanoma_6680.jpg
ISIC_6798805,0.0,../../../data/ISIC_2024_Permissive_Training_Input/ISIC_6798805.jpg
melanoma_6514,1.0,../../../data/hand_filtered_dataset/malignant/mel_train/melanoma_6514.jpg
ISIC_9780217,0.0,../../../data/ISIC_2024_Permissive_Training_Input/ISIC_9780217.jpg
ISIC_4820306,1.0,../../../data/ISIC_2024_Permissive_Training_Input/ISIC_4820306.jpg
ISIC_4607587,0.0,../../../data/ISIC_2024_Permissive_Training_Input/ISIC_4607587.jpg
ISIC_3022435,0.0,../../../data/ISIC_2024_Permissive_Training_Input/ISIC_3022435.jpg
ISIC_2064189,0.0,../../../data/ISIC_2024_Permissive_Training_Input/ISIC_2064189.jpg
ISIC_7200148,0.0,../../../data/ISIC_2024_Permissive_Training_Input/ISIC_7200148.jpg
melanoma_9432,1.0,../../../data/hand_filtered_dataset/malignant/mel_train/melanoma_9432.jpg
ISIC_3790081,0.0,../../../data/ISIC_2024_Permissive_Training_Input/ISIC_3790081.jpg
ISIC_5358157,0.0,../../../data/ISIC_2024_Permissive_Training_Input/ISIC_5358157.jpg
ISIC_4974987,0.0,../../../data/ISIC_2024_Permissive_Training_Input/ISIC_4974987.jpg
ISIC_5151148,0.0,../../../data/ISIC_2024_Permissive_Training_Input/ISIC_5151148.jpg
ISIC_1016064,0.0,../../../data/ISIC_2024_Permissive_Training_Input/ISIC_1016064.jpg
melanoma_5567,1.0,../../../data/hand_filtered_dataset/malignant/mel_train/melanoma_5567.jpg
ISIC_4648693,0.0,../../../data/ISIC_2024_Permissive_Training_Input/ISIC_4648693.jpg
melanoma_7898,1.0,../../../data/hand_filtered_dataset/malignant/mel_train/melanoma_7898.jpg
ISIC_7786726,0.0,../../../data/ISIC_2024_Permissive_Training_Input/ISIC_7786726.jpg
melanoma_9160,1.0,../../../data/hand_filtered_dataset/malignant/mel_train/melanoma_9160.jpg
melanoma_7565,1.0,../../../data/hand_filtered_dataset/malignant/mel_train/melanoma_7565.jpg
ISIC_3965334,0.0,../../../data/ISIC_2024_Permissive_Training_Input/ISIC_3965334.jpg
ISIC_7747140,0.0,../../../data/ISIC_2024_Permissive_Training_Input/ISIC_7747140.jpg
ISIC_0674804,0.0,../../../data/ISIC_2024_Permissive_Training_Input/ISIC_0674804.jpg
melanoma_9176,1.0,../../../data/hand_filtered_dataset/malignant/mel_train/melanoma_9176.jpg
ISIC_8108962,0.0,../../../data/ISIC_2024_Permissive_Training_Input/ISIC_8108962.jpg
ISIC_3926122,0.0,../../../data/ISIC_2024_Permissive_Training_Input/ISIC_3926122.jpg
ISIC_4646552,0.0,../../../data/ISIC_2024_Permissive_Training_Input/ISIC_4646552.jpg
melanoma_8010,1.0,../../../data/hand_filtered_dataset/malignant/mel_train/melanoma_8010.jpg
melanoma_6867,1.0,../../../data/hand_filtered_dataset/malignant/mel_train/melanoma_6867.jpg
melanoma_5955,1.0,../../../data/hand_filtered_dataset/malignant/mel_train/melanoma_5955.jpg
melanoma_8673,1.0,../../../data/hand_filtered_dataset/malignant/mel_train/melanoma_8673.jpg
melanoma_5767,1.0,../../../data/hand_filtered_dataset/malignant/mel_train/melanoma_5767.jpg
ISIC_4603466,1.0,../../../data/ISIC_2024_Permissive_Training_Input/ISIC_4603466.jpg
ISIC_5742688,0.0,../../../data/ISIC_2024_Permissive_Training_Input/ISIC_5742688.jpg
ISIC_5999336,1.0,../../../data/ISIC_2024_Permissive_Training_Input/ISIC_5999336.jpg
ISIC_6178083,0.0,../../../data/ISIC_2024_Permissive_Training_Input/ISIC_6178083.jpg
ISIC_9660617,0.0,../../../data/ISIC_2024_Permissive_Training_Input/ISIC_9660617.jpg
ISIC_6662932,0.0,../../../data/ISIC_2024_Permissive_Training_Input/ISIC_6662932.jpg
ISIC_5002907,0.0,../../../data/ISIC_2024_Permissive_Training_Input/ISIC_5002907.jpg
melanoma_7886,1.0,../../../data/hand_filtered_dataset/malignant/mel_train/melanoma_7886.jpg
melanoma_5662,1.0,../../../data/hand_filtered_dataset/malignant/mel_train/melanoma_5662.jpg
melanoma_8247,1.0,../../../data/hand_filtered_dataset/malignant/mel_train/melanoma_8247.jpg
melanoma_8713,1.0,../../../data/hand_filtered_dataset/malignant/mel_train/melanoma_8713.jpg
ISIC_2922497,0.0,../../../data/ISIC_2024_Permissive_Training_Input/ISIC_2922497.jpg
melanoma_5950,1.0,../../../data/hand_filtered_dataset/malignant/mel_train/melanoma_5950.jpg
melanoma_9142,1.0,../../../data/hand_filtered_dataset/malignant/mel_train/melanoma_9142.jpg
ISIC_3224047,0.0,../../../data/ISIC_2024_Permissive_Training_Input/ISIC_3224047.jpg
ISIC_1290296,0.0,../../../data/ISIC_2024_Permissive_Training_Input/ISIC_1290296.jpg
ISIC_0392749,1.0,../../../data/ISIC_2024_Permissive_Training_Input/ISIC_0392749.jpg
melanoma_8103,1.0,../../../data/hand_filtered_dataset/malignant/mel_train/melanoma_8103.jpg
ISIC_9169212,0.0,../../../data/ISIC_2024_Permissive_Training_Input/ISIC_9169212.jpg
melanoma_5051,1.0,../../../data/hand_filtered_dataset/malignant/mel_train/melanoma_5051.jpg
ISIC_9261802,0.0,../../../data/ISIC_2024_Permissive_Training_Input/ISIC_9261802.jpg
melanoma_7274,1.0,../../../data/hand_filtered_dataset/malignant/mel_train/melanoma_7274.jpg
melanoma_5393,1.0,../../../data/hand_filtered_dataset/malignant/mel_train/melanoma_5393.jpg
ISIC_1954233,0.0,../../../data/ISIC_2024_Permissive_Training_Input/ISIC_1954233.jpg
melanoma_9498,1.0,../../../data/hand_filtered_dataset/malignant/mel_train/melanoma_9498.jpg
melanoma_9144,1.0,../../../data/hand_filtered_dataset/malignant/mel_train/melanoma_9144.jpg
ISIC_3652537,0.0,../../../data/ISIC_2024_Permissive_Training_Input/ISIC_3652537.jpg
ISIC_6171600,0.0,../../../data/ISIC_2024_Permissive_Training_Input/ISIC_6171600.jpg
melanoma_7850,1.0,../../../data/hand_filtered_dataset/malignant/mel_train/melanoma_7850.jpg
ISIC_2108684,0.0,../../../data/ISIC_2024_Permissive_Training_Input/ISIC_2108684.jpg
ISIC_2603325,0.0,../../../data/ISIC_2024_Permissive_Training_Input/ISIC_2603325.jpg
melanoma_8439,1.0,../../../data/hand_filtered_dataset/malignant/mel_train/melanoma_8439.jpg
melanoma_7461,1.0,../../../data/hand_filtered_dataset/malignant/mel_train/melanoma_7461.jpg
ISIC_0838287,0.0,../../../data/ISIC_2024_Permissive_Training_Input/ISIC_0838287.jpg
ISIC_7062834,0.0,../../../data/ISIC_2024_Permissive_Training_Input/ISIC_7062834.jpg
melanoma_6912,1.0,../../../data/hand_filtered_dataset/malignant/mel_train/melanoma_6912.jpg
ISIC_0298743,0.0,../../../data/ISIC_2024_Permissive_Training_Input/ISIC_0298743.jpg
melanoma_9222,1.0,../../../data/hand_filtered_dataset/malignant/mel_train/melanoma_9222.jpg
melanoma_6709,1.0,../../../data/hand_filtered_dataset/malignant/mel_train/melanoma_6709.jpg
melanoma_8215,1.0,../../../data/hand_filtered_dataset/malignant/mel_train/melanoma_8215.jpg
ISIC_6846940,0.0,../../../data/ISIC_2024_Permissive_Training_Input/ISIC_6846940.jpg
melanoma_9270,1.0,../../../data/hand_filtered_dataset/malignant/mel_train/melanoma_9270.jpg
ISIC_1989730,0.0,../../../data/ISIC_2024_Permissive_Training_Input/ISIC_1989730.jpg
ISIC_5162990,0.0,../../../data/ISIC_2024_Permissive_Training_Input/ISIC_5162990.jpg
ISIC_2386491,0.0,../../../data/ISIC_2024_Permissive_Training_Input/ISIC_2386491.jpg
melanoma_5597,1.0,../../../data/hand_filtered_dataset/malignant/mel_train/melanoma_5597.jpg
melanoma_5272,1.0,../../../data/hand_filtered_dataset/malignant/mel_train/melanoma_5272.jpg
ISIC_9855202,1.0,../../../data/ISIC_2024_Permissive_Training_Input/ISIC_9855202.jpg
melanoma_7317,1.0,../../../data/hand_filtered_dataset/malignant/mel_train/melanoma_7317.jpg
ISIC_8153765,1.0,../../../data/ISIC_2024_Permissive_Training_Input/ISIC_8153765.jpg
melanoma_8629,1.0,../../../data/hand_filtered_dataset/malignant/mel_train/melanoma_8629.jpg
melanoma_7699,1.0,../../../data/hand_filtered_dataset/malignant/mel_train/melanoma_7699.jpg
melanoma_6367,1.0,../../../data/hand_filtered_dataset/malignant/mel_train/melanoma_6367.jpg
ISIC_8041043,0.0,../../../data/ISIC_2024_Permissive_Training_Input/ISIC_8041043.jpg
ISIC_0225902,0.0,../../../data/ISIC_2024_Permissive_Training_Input/ISIC_0225902.jpg
melanoma_9360,1.0,../../../data/hand_filtered_dataset/malignant/mel_train/melanoma_9360.jpg
ISIC_8116213,0.0,../../../data/ISIC_2024_Permissive_Training_Input/ISIC_8116213.jpg
ISIC_9360322,1.0,../../../data/ISIC_2024_Permissive_Training_Input/ISIC_9360322.jpg
ISIC_4527579,0.0,../../../data/ISIC_2024_Permissive_Training_Input/ISIC_4527579.jpg
melanoma_8604,1.0,../../../data/hand_filtered_dataset/malignant/mel_train/melanoma_8604.jpg
ISIC_7225191,0.0,../../../data/ISIC_2024_Permissive_Training_Input/ISIC_7225191.jpg
melanoma_8242,1.0,../../../data/hand_filtered_dataset/malignant/mel_train/melanoma_8242.jpg
melanoma_8253,1.0,../../../data/hand_filtered_dataset/malignant/mel_train/melanoma_8253.jpg
ISIC_9198716,0.0,../../../data/ISIC_2024_Permissive_Training_Input/ISIC_9198716.jpg
melanoma_5522,1.0,../../../data/hand_filtered_dataset/malignant/mel_train/melanoma_5522.jpg
ISIC_9526175,0.0,../../../data/ISIC_2024_Permissive_Training_Input/ISIC_9526175.jpg
melanoma_5996,1.0,../../../data/hand_filtered_dataset/malignant/mel_train/melanoma_5996.jpg
ISIC_7424266,0.0,../../../data/ISIC_2024_Permissive_Training_Input/ISIC_7424266.jpg
melanoma_9146,1.0,../../../data/hand_filtered_dataset/malignant/mel_train/melanoma_9146.jpg
melanoma_5743,1.0,../../../data/hand_filtered_dataset/malignant/mel_train/melanoma_5743.jpg
melanoma_6207,1.0,../../../data/hand_filtered_dataset/malignant/mel_train/melanoma_6207.jpg
ISIC_7799811,0.0,../../../data/ISIC_2024_Permissive_Training_Input/ISIC_7799811.jpg
melanoma_9116,1.0,../../../data/hand_filtered_dataset/malignant/mel_train/melanoma_9116.jpg
melanoma_7065,1.0,../../../data/hand_filtered_dataset/malignant/mel_train/melanoma_7065.jpg
melanoma_9208,1.0,../../../data/hand_filtered_dataset/malignant/mel_train/melanoma_9208.jpg
melanoma_7843,1.0,../../../data/hand_filtered_dataset/malignant/mel_train/melanoma_7843.jpg
ISIC_4887394,0.0,../../../data/ISIC_2024_Permissive_Training_Input/ISIC_4887394.jpg
ISIC_7740397,0.0,../../../data/ISIC_2024_Permissive_Training_Input/ISIC_7740397.jpg
melanoma_6809,1.0,../../../data/hand_filtered_dataset/malignant/mel_train/melanoma_6809.jpg
ISIC_6837847,0.0,../../../data/ISIC_2024_Permissive_Training_Input/ISIC_6837847.jpg
melanoma_7650,1.0,../../../data/hand_filtered_dataset/malignant/mel_train/melanoma_7650.jpg
melanoma_9074,1.0,../../../data/hand_filtered_dataset/malignant/mel_train/melanoma_9074.jpg
melanoma_9229,1.0,../../../data/hand_filtered_dataset/malignant/mel_train/melanoma_9229.jpg
ISIC_2535401,0.0,../../../data/ISIC_2024_Permissive_Training_Input/ISIC_2535401.jpg
melanoma_8078,1.0,../../../data/hand_filtered_dataset/malignant/mel_train/melanoma_8078.jpg
melanoma_6625,1.0,../../../data/hand_filtered_dataset/malignant/mel_train/melanoma_6625.jpg
melanoma_8320,1.0,../../../data/hand_filtered_dataset/malignant/mel_train/melanoma_8320.jpg
ISIC_8862002,0.0,../../../data/ISIC_2024_Permissive_Training_Input/ISIC_8862002.jpg
melanoma_5806,1.0,../../../data/hand_filtered_dataset/malignant/mel_train/melanoma_5806.jpg
melanoma_6804,1.0,../../../data/hand_filtered_dataset/malignant/mel_train/melanoma_6804.jpg
ISIC_8983805,0.0,../../../data/ISIC_2024_Permissive_Training_Input/ISIC_8983805.jpg
ISIC_8243196,0.0,../../../data/ISIC_2024_Permissive_Training_Input/ISIC_8243196.jpg
ISIC_1242095,0.0,../../../data/ISIC_2024_Permissive_Training_Input/ISIC_1242095.jpg
ISIC_9279654,0.0,../../../data/ISIC_2024_Permissive_Training_Input/ISIC_9279654.jpg
melanoma_7706,1.0,../../../data/hand_filtered_dataset/malignant/mel_train/melanoma_7706.jpg
melanoma_7172,1.0,../../../data/hand_filtered_dataset/malignant/mel_train/melanoma_7172.jpg
ISIC_1164461,1.0,../../../data/ISIC_2024_Permissive_Training_Input/ISIC_1164461.jpg
melanoma_7227,1.0,../../../data/hand_filtered_dataset/malignant/mel_train/melanoma_7227.jpg
melanoma_6675,1.0,../../../data/hand_filtered_dataset/malignant/mel_train/melanoma_6675.jpg
ISIC_0664135,1.0,../../../data/ISIC_2024_Permissive_Training_Input/ISIC_0664135.jpg
ISIC_9666392,0.0,../../../data/ISIC_2024_Permissive_Training_Input/ISIC_9666392.jpg
ISIC_9015077,0.0,../../../data/ISIC_2024_Permissive_Training_Input/ISIC_9015077.jpg
ISIC_4692562,0.0,../../../data/ISIC_2024_Permissive_Training_Input/ISIC_4692562.jpg
melanoma_8484,1.0,../../../data/hand_filtered_dataset/malignant/mel_train/melanoma_8484.jpg
ISIC_6439117,0.0,../../../data/ISIC_2024_Permissive_Training_Input/ISIC_6439117.jpg
ISIC_3818636,0.0,../../../data/ISIC_2024_Permissive_Training_Input/ISIC_3818636.jpg
melanoma_6658,1.0,../../../data/hand_filtered_dataset/malignant/mel_train/melanoma_6658.jpg
melanoma_6714,1.0,../../../data/hand_filtered_dataset/malignant/mel_train/melanoma_6714.jpg
melanoma_6254,1.0,../../../data/hand_filtered_dataset/malignant/mel_train/melanoma_6254.jpg
melanoma_8246,1.0,../../../data/hand_filtered_dataset/malignant/mel_train/melanoma_8246.jpg
melanoma_8659,1.0,../../../data/hand_filtered_dataset/malignant/mel_train/melanoma_8659.jpg
ISIC_7341929,0.0,../../../data/ISIC_2024_Permissive_Training_Input/ISIC_7341929.jpg
ISIC_4587377,0.0,../../../data/ISIC_2024_Permissive_Training_Input/ISIC_4587377.jpg
ISIC_6539511,0.0,../../../data/ISIC_2024_Permissive_Training_Input/ISIC_6539511.jpg
ISIC_9147401,0.0,../../../data/ISIC_2024_Permissive_Training_Input/ISIC_9147401.jpg
melanoma_8468,1.0,../../../data/hand_filtered_dataset/malignant/mel_train/melanoma_8468.jpg
ISIC_3418189,0.0,../../../data/ISIC_2024_Permissive_Training_Input/ISIC_3418189.jpg
ISIC_9053426,0.0,../../../data/ISIC_2024_Permissive_Training_Input/ISIC_9053426.jpg
melanoma_8642,1.0,../../../data/hand_filtered_dataset/malignant/mel_train/melanoma_8642.jpg
melanoma_9592,1.0,../../../data/hand_filtered_dataset/malignant/mel_train/melanoma_9592.jpg
ISIC_8547163,0.0,../../../data/ISIC_2024_Permissive_Training_Input/ISIC_8547163.jpg
ISIC_8715409,0.0,../../../data/ISIC_2024_Permissive_Training_Input/ISIC_8715409.jpg
melanoma_5222,1.0,../../../data/hand_filtered_dataset/malignant/mel_train/melanoma_5222.jpg
melanoma_8522,1.0,../../../data/hand_filtered_dataset/malignant/mel_train/melanoma_8522.jpg
melanoma_6356,1.0,../../../data/hand_filtered_dataset/malignant/mel_train/melanoma_6356.jpg
ISIC_7160427,1.0,../../../data/ISIC_2024_Permissive_Training_Input/ISIC_7160427.jpg
melanoma_8723,1.0,../../../data/hand_filtered_dataset/malignant/mel_train/melanoma_8723.jpg
melanoma_6088,1.0,../../../data/hand_filtered_dataset/malignant/mel_train/melanoma_6088.jpg
ISIC_5740645,0.0,../../../data/ISIC_2024_Permissive_Training_Input/ISIC_5740645.jpg
ISIC_6865783,0.0,../../../data/ISIC_2024_Permissive_Training_Input/ISIC_6865783.jpg
melanoma_6796,1.0,../../../data/hand_filtered_dataset/malignant/mel_train/melanoma_6796.jpg
melanoma_6823,1.0,../../../data/hand_filtered_dataset/malignant/mel_train/melanoma_6823.jpg
ISIC_8796181,0.0,../../../data/ISIC_2024_Permissive_Training_Input/ISIC_8796181.jpg
melanoma_6598,1.0,../../../data/hand_filtered_dataset/malignant/mel_train/melanoma_6598.jpg
ISIC_4391953,0.0,../../../data/ISIC_2024_Permissive_Training_Input/ISIC_4391953.jpg
ISIC_7834775,0.0,../../../data/ISIC_2024_Permissive_Training_Input/ISIC_7834775.jpg
ISIC_3207848,0.0,../../../data/ISIC_2024_Permissive_Training_Input/ISIC_3207848.jpg
ISIC_6983367,0.0,../../../data/ISIC_2024_Permissive_Training_Input/ISIC_6983367.jpg
melanoma_9364,1.0,../../../data/hand_filtered_dataset/malignant/mel_train/melanoma_9364.jpg
ISIC_8399472,0.0,../../../data/ISIC_2024_Permissive_Training_Input/ISIC_8399472.jpg
melanoma_8225,1.0,../../../data/hand_filtered_dataset/malignant/mel_train/melanoma_8225.jpg
melanoma_5862,1.0,../../../data/hand_filtered_dataset/malignant/mel_train/melanoma_5862.jpg
melanoma_5628,1.0,../../../data/hand_filtered_dataset/malignant/mel_train/melanoma_5628.jpg
melanoma_8502,1.0,../../../data/hand_filtered_dataset/malignant/mel_train/melanoma_8502.jpg
melanoma_9387,1.0,../../../data/hand_filtered_dataset/malignant/mel_train/melanoma_9387.jpg
ISIC_4252342,1.0,../../../data/ISIC_2024_Permissive_Training_Input/ISIC_4252342.jpg
melanoma_6465,1.0,../../../data/hand_filtered_dataset/malignant/mel_train/melanoma_6465.jpg
ISIC_4579346,0.0,../../../data/ISIC_2024_Permissive_Training_Input/ISIC_4579346.jpg
melanoma_9184,1.0,../../../data/hand_filtered_dataset/malignant/mel_train/melanoma_9184.jpg
melanoma_8762,1.0,../../../data/hand_filtered_dataset/malignant/mel_train/melanoma_8762.jpg
ISIC_8644437,0.0,../../../data/ISIC_2024_Permissive_Training_Input/ISIC_8644437.jpg
melanoma_7414,1.0,../../../data/hand_filtered_dataset/malignant/mel_train/melanoma_7414.jpg
ISIC_3490917,0.0,../../../data/ISIC_2024_Permissive_Training_Input/ISIC_3490917.jpg
ISIC_3834753,0.0,../../../data/ISIC_2024_Permissive_Training_Input/ISIC_3834753.jpg
melanoma_6862,1.0,../../../data/hand_filtered_dataset/malignant/mel_train/melanoma_6862.jpg
ISIC_5713325,0.0,../../../data/ISIC_2024_Permissive_Training_Input/ISIC_5713325.jpg
melanoma_5547,1.0,../../../data/hand_filtered_dataset/malignant/mel_train/melanoma_5547.jpg
ISIC_6184837,0.0,../../../data/ISIC_2024_Permissive_Training_Input/ISIC_6184837.jpg
melanoma_9312,1.0,../../../data/hand_filtered_dataset/malignant/mel_train/melanoma_9312.jpg
ISIC_6793840,0.0,../../../data/ISIC_2024_Permissive_Training_Input/ISIC_6793840.jpg
melanoma_9357,1.0,../../../data/hand_filtered_dataset/malignant/mel_train/melanoma_9357.jpg
melanoma_9102,1.0,../../../data/hand_filtered_dataset/malignant/mel_train/melanoma_9102.jpg
ISIC_5495813,0.0,../../../data/ISIC_2024_Permissive_Training_Input/ISIC_5495813.jpg
melanoma_5948,1.0,../../../data/hand_filtered_dataset/malignant/mel_train/melanoma_5948.jpg
ISIC_1960293,0.0,../../../data/ISIC_2024_Permissive_Training_Input/ISIC_1960293.jpg
melanoma_8221,1.0,../../../data/hand_filtered_dataset/malignant/mel_train/melanoma_8221.jpg
ISIC_5677120,1.0,../../../data/ISIC_2024_Permissive_Training_Input/ISIC_5677120.jpg
melanoma_9492,1.0,../../../data/hand_filtered_dataset/malignant/mel_train/melanoma_9492.jpg
melanoma_6969,1.0,../../../data/hand_filtered_dataset/malignant/mel_train/melanoma_6969.jpg
melanoma_6483,1.0,../../../data/hand_filtered_dataset/malignant/mel_train/melanoma_6483.jpg
ISIC_9073126,0.0,../../../data/ISIC_2024_Permissive_Training_Input/ISIC_9073126.jpg
melanoma_5678,1.0,../../../data/hand_filtered_dataset/malignant/mel_train/melanoma_5678.jpg
melanoma_7945,1.0,../../../data/hand_filtered_dataset/malignant/mel_train/melanoma_7945.jpg
ISIC_8483779,0.0,../../../data/ISIC_2024_Permissive_Training_Input/ISIC_8483779.jpg
ISIC_0652593,0.0,../../../data/ISIC_2024_Permissive_Training_Input/ISIC_0652593.jpg
melanoma_6031,1.0,../../../data/hand_filtered_dataset/malignant/mel_train/melanoma_6031.jpg
ISIC_3023008,0.0,../../../data/ISIC_2024_Permissive_Training_Input/ISIC_3023008.jpg
melanoma_6987,1.0,../../../data/hand_filtered_dataset/malignant/mel_train/melanoma_6987.jpg
ISIC_9858066,0.0,../../../data/ISIC_2024_Permissive_Training_Input/ISIC_9858066.jpg
melanoma_5454,1.0,../../../data/hand_filtered_dataset/malignant/mel_train/melanoma_5454.jpg
ISIC_4969316,0.0,../../../data/ISIC_2024_Permissive_Training_Input/ISIC_4969316.jpg
ISIC_8130143,0.0,../../../data/ISIC_2024_Permissive_Training_Input/ISIC_8130143.jpg
melanoma_6676,1.0,../../../data/hand_filtered_dataset/malignant/mel_train/melanoma_6676.jpg
ISIC_3097034,0.0,../../../data/ISIC_2024_Permissive_Training_Input/ISIC_3097034.jpg
melanoma_5813,1.0,../../../data/hand_filtered_dataset/malignant/mel_train/melanoma_5813.jpg
ISIC_9940682,0.0,../../../data/ISIC_2024_Permissive_Training_Input/ISIC_9940682.jpg
ISIC_0448428,0.0,../../../data/ISIC_2024_Permissive_Training_Input/ISIC_0448428.jpg
ISIC_7836717,1.0,../../../data/ISIC_2024_Permissive_Training_Input/ISIC_7836717.jpg
ISIC_0408426,0.0,../../../data/ISIC_2024_Permissive_Training_Input/ISIC_0408426.jpg
ISIC_0748915,0.0,../../../data/ISIC_2024_Permissive_Training_Input/ISIC_0748915.jpg
ISIC_2556519,0.0,../../../data/ISIC_2024_Permissive_Training_Input/ISIC_2556519.jpg
ISIC_5757798,1.0,../../../data/ISIC_2024_Permissive_Training_Input/ISIC_5757798.jpg
melanoma_5005,1.0,../../../data/hand_filtered_dataset/malignant/mel_train/melanoma_5005.jpg
ISIC_6467073,0.0,../../../data/ISIC_2024_Permissive_Training_Input/ISIC_6467073.jpg
melanoma_8297,1.0,../../../data/hand_filtered_dataset/malignant/mel_train/melanoma_8297.jpg
ISIC_7585398,0.0,../../../data/ISIC_2024_Permissive_Training_Input/ISIC_7585398.jpg
melanoma_9133,1.0,../../../data/hand_filtered_dataset/malignant/mel_train/melanoma_9133.jpg
melanoma_6195,1.0,../../../data/hand_filtered_dataset/malignant/mel_train/melanoma_6195.jpg
melanoma_5357,1.0,../../../data/hand_filtered_dataset/malignant/mel_train/melanoma_5357.jpg
melanoma_8293,1.0,../../../data/hand_filtered_dataset/malignant/mel_train/melanoma_8293.jpg
melanoma_6063,1.0,../../../data/hand_filtered_dataset/malignant/mel_train/melanoma_6063.jpg
ISIC_6521139,0.0,../../../data/ISIC_2024_Permissive_Training_Input/ISIC_6521139.jpg
melanoma_5906,1.0,../../../data/hand_filtered_dataset/malignant/mel_train/melanoma_5906.jpg
melanoma_7847,1.0,../../../data/hand_filtered_dataset/malignant/mel_train/melanoma_7847.jpg
melanoma_5416,1.0,../../../data/hand_filtered_dataset/malignant/mel_train/melanoma_5416.jpg
ISIC_2108691,0.0,../../../data/ISIC_2024_Permissive_Training_Input/ISIC_2108691.jpg
ISIC_3228536,0.0,../../../data/ISIC_2024_Permissive_Training_Input/ISIC_3228536.jpg
melanoma_8051,1.0,../../../data/hand_filtered_dataset/malignant/mel_train/melanoma_8051.jpg
melanoma_7061,1.0,../../../data/hand_filtered_dataset/malignant/mel_train/melanoma_7061.jpg
ISIC_1713361,0.0,../../../data/ISIC_2024_Permissive_Training_Input/ISIC_1713361.jpg
ISIC_0206227,0.0,../../../data/ISIC_2024_Permissive_Training_Input/ISIC_0206227.jpg
ISIC_5655107,0.0,../../../data/ISIC_2024_Permissive_Training_Input/ISIC_5655107.jpg
ISIC_7504877,0.0,../../../data/ISIC_2024_Permissive_Training_Input/ISIC_7504877.jpg
ISIC_9514108,0.0,../../../data/ISIC_2024_Permissive_Training_Input/ISIC_9514108.jpg
melanoma_5694,1.0,../../../data/hand_filtered_dataset/malignant/mel_train/melanoma_5694.jpg
melanoma_6363,1.0,../../../data/hand_filtered_dataset/malignant/mel_train/melanoma_6363.jpg
ISIC_6431060,0.0,../../../data/ISIC_2024_Permissive_Training_Input/ISIC_6431060.jpg
melanoma_7746,1.0,../../../data/hand_filtered_dataset/malignant/mel_train/melanoma_7746.jpg
ISIC_8723956,0.0,../../../data/ISIC_2024_Permissive_Training_Input/ISIC_8723956.jpg
ISIC_6621818,1.0,../../../data/ISIC_2024_Permissive_Training_Input/ISIC_6621818.jpg
ISIC_7259137,0.0,../../../data/ISIC_2024_Permissive_Training_Input/ISIC_7259137.jpg
ISIC_7450066,1.0,../../../data/ISIC_2024_Permissive_Training_Input/ISIC_7450066.jpg
ISIC_5453324,0.0,../../../data/ISIC_2024_Permissive_Training_Input/ISIC_5453324.jpg
ISIC_9330051,0.0,../../../data/ISIC_2024_Permissive_Training_Input/ISIC_9330051.jpg
melanoma_9134,1.0,../../../data/hand_filtered_dataset/malignant/mel_train/melanoma_9134.jpg
melanoma_5441,1.0,../../../data/hand_filtered_dataset/malignant/mel_train/melanoma_5441.jpg
ISIC_3458186,0.0,../../../data/ISIC_2024_Permissive_Training_Input/ISIC_3458186.jpg
ISIC_4143889,0.0,../../../data/ISIC_2024_Permissive_Training_Input/ISIC_4143889.jpg
ISIC_5159952,0.0,../../../data/ISIC_2024_Permissive_Training_Input/ISIC_5159952.jpg
melanoma_5512,1.0,../../../data/hand_filtered_dataset/malignant/mel_train/melanoma_5512.jpg
ISIC_0599926,0.0,../../../data/ISIC_2024_Permissive_Training_Input/ISIC_0599926.jpg
ISIC_0874954,0.0,../../../data/ISIC_2024_Permissive_Training_Input/ISIC_0874954.jpg
melanoma_9534,1.0,../../../data/hand_filtered_dataset/malignant/mel_train/melanoma_9534.jpg
ISIC_2628400,0.0,../../../data/ISIC_2024_Permissive_Training_Input/ISIC_2628400.jpg
melanoma_6647,1.0,../../../data/hand_filtered_dataset/malignant/mel_train/melanoma_6647.jpg
ISIC_7480932,0.0,../../../data/ISIC_2024_Permissive_Training_Input/ISIC_7480932.jpg
ISIC_1668261,0.0,../../../data/ISIC_2024_Permissive_Training_Input/ISIC_1668261.jpg
melanoma_9474,1.0,../../../data/hand_filtered_dataset/malignant/mel_train/melanoma_9474.jpg
melanoma_5043,1.0,../../../data/hand_filtered_dataset/malignant/mel_train/melanoma_5043.jpg
melanoma_7457,1.0,../../../data/hand_filtered_dataset/malignant/mel_train/melanoma_7457.jpg
melanoma_5714,1.0,../../../data/hand_filtered_dataset/malignant/mel_train/melanoma_5714.jpg
ISIC_3142505,0.0,../../../data/ISIC_2024_Permissive_Training_Input/ISIC_3142505.jpg
ISIC_2114733,0.0,../../../data/ISIC_2024_Permissive_Training_Input/ISIC_2114733.jpg
ISIC_7813135,0.0,../../../data/ISIC_2024_Permissive_Training_Input/ISIC_7813135.jpg
ISIC_2787880,1.0,../../../data/ISIC_2024_Permissive_Training_Input/ISIC_2787880.jpg
ISIC_6586986,0.0,../../../data/ISIC_2024_Permissive_Training_Input/ISIC_6586986.jpg
ISIC_1482826,0.0,../../../data/ISIC_2024_Permissive_Training_Input/ISIC_1482826.jpg
ISIC_6751634,0.0,../../../data/ISIC_2024_Permissive_Training_Input/ISIC_6751634.jpg
ISIC_3201957,0.0,../../../data/ISIC_2024_Permissive_Training_Input/ISIC_3201957.jpg
ISIC_4667880,0.0,../../../data/ISIC_2024_Permissive_Training_Input/ISIC_4667880.jpg
ISIC_7996238,0.0,../../../data/ISIC_2024_Permissive_Training_Input/ISIC_7996238.jpg
melanoma_5616,1.0,../../../data/hand_filtered_dataset/malignant/mel_train/melanoma_5616.jpg
melanoma_9249,1.0,../../../data/hand_filtered_dataset/malignant/mel_train/melanoma_9249.jpg
ISIC_1194713,0.0,../../../data/ISIC_2024_Permissive_Training_Input/ISIC_1194713.jpg
melanoma_9305,1.0,../../../data/hand_filtered_dataset/malignant/mel_train/melanoma_9305.jpg
ISIC_1227806,0.0,../../../data/ISIC_2024_Permissive_Training_Input/ISIC_1227806.jpg
melanoma_5545,1.0,../../../data/hand_filtered_dataset/malignant/mel_train/melanoma_5545.jpg
ISIC_9049891,0.0,../../../data/ISIC_2024_Permissive_Training_Input/ISIC_9049891.jpg
melanoma_5701,1.0,../../../data/hand_filtered_dataset/malignant/mel_train/melanoma_5701.jpg
ISIC_7379567,1.0,../../../data/ISIC_2024_Permissive_Training_Input/ISIC_7379567.jpg
ISIC_0152968,0.0,../../../data/ISIC_2024_Permissive_Training_Input/ISIC_0152968.jpg
melanoma_8429,1.0,../../../data/hand_filtered_dataset/malignant/mel_train/melanoma_8429.jpg
melanoma_7471,1.0,../../../data/hand_filtered_dataset/malignant/mel_train/melanoma_7471.jpg
melanoma_8749,1.0,../../../data/hand_filtered_dataset/malignant/mel_train/melanoma_8749.jpg
ISIC_4714717,0.0,../../../data/ISIC_2024_Permissive_Training_Input/ISIC_4714717.jpg
ISIC_4583103,0.0,../../../data/ISIC_2024_Permissive_Training_Input/ISIC_4583103.jpg
melanoma_6960,1.0,../../../data/hand_filtered_dataset/malignant/mel_train/melanoma_6960.jpg
ISIC_8379613,0.0,../../../data/ISIC_2024_Permissive_Training_Input/ISIC_8379613.jpg
melanoma_9152,1.0,../../../data/hand_filtered_dataset/malignant/mel_train/melanoma_9152.jpg
ISIC_2384068,0.0,../../../data/ISIC_2024_Permissive_Training_Input/ISIC_2384068.jpg
ISIC_5643847,1.0,../../../data/ISIC_2024_Permissive_Training_Input/ISIC_5643847.jpg
ISIC_8536594,0.0,../../../data/ISIC_2024_Permissive_Training_Input/ISIC_8536594.jpg
melanoma_5844,1.0,../../../data/hand_filtered_dataset/malignant/mel_train/melanoma_5844.jpg
ISIC_3284389,0.0,../../../data/ISIC_2024_Permissive_Training_Input/ISIC_3284389.jpg
ISIC_2929601,0.0,../../../data/ISIC_2024_Permissive_Training_Input/ISIC_2929601.jpg
ISIC_7252895,0.0,../../../data/ISIC_2024_Permissive_Training_Input/ISIC_7252895.jpg
ISIC_9537183,0.0,../../../data/ISIC_2024_Permissive_Training_Input/ISIC_9537183.jpg
ISIC_6435937,0.0,../../../data/ISIC_2024_Permissive_Training_Input/ISIC_6435937.jpg
melanoma_6722,1.0,../../../data/hand_filtered_dataset/malignant/mel_train/melanoma_6722.jpg
ISIC_6297103,0.0,../../../data/ISIC_2024_Permissive_Training_Input/ISIC_6297103.jpg
ISIC_6818570,0.0,../../../data/ISIC_2024_Permissive_Training_Input/ISIC_6818570.jpg
melanoma_6148,1.0,../../../data/hand_filtered_dataset/malignant/mel_train/melanoma_6148.jpg
melanoma_5614,1.0,../../../data/hand_filtered_dataset/malignant/mel_train/melanoma_5614.jpg
melanoma_9051,1.0,../../../data/hand_filtered_dataset/malignant/mel_train/melanoma_9051.jpg
melanoma_7435,1.0,../../../data/hand_filtered_dataset/malignant/mel_train/melanoma_7435.jpg
ISIC_2101527,0.0,../../../data/ISIC_2024_Permissive_Training_Input/ISIC_2101527.jpg
ISIC_8635236,0.0,../../../data/ISIC_2024_Permissive_Training_Input/ISIC_8635236.jpg
melanoma_5598,1.0,../../../data/hand_filtered_dataset/malignant/mel_train/melanoma_5598.jpg
melanoma_7024,1.0,../../../data/hand_filtered_dataset/malignant/mel_train/melanoma_7024.jpg
melanoma_8083,1.0,../../../data/hand_filtered_dataset/malignant/mel_train/melanoma_8083.jpg
ISIC_9879350,0.0,../../../data/ISIC_2024_Permissive_Training_Input/ISIC_9879350.jpg
ISIC_1662268,0.0,../../../data/ISIC_2024_Permissive_Training_Input/ISIC_1662268.jpg
ISIC_9859041,0.0,../../../data/ISIC_2024_Permissive_Training_Input/ISIC_9859041.jpg
melanoma_8409,1.0,../../../data/hand_filtered_dataset/malignant/mel_train/melanoma_8409.jpg
ISIC_8695175,0.0,../../../data/ISIC_2024_Permissive_Training_Input/ISIC_8695175.jpg
melanoma_7829,1.0,../../../data/hand_filtered_dataset/malignant/mel_train/melanoma_7829.jpg
melanoma_9288,1.0,../../../data/hand_filtered_dataset/malignant/mel_train/melanoma_9288.jpg
ISIC_4134657,0.0,../../../data/ISIC_2024_Permissive_Training_Input/ISIC_4134657.jpg
melanoma_9548,1.0,../../../data/hand_filtered_dataset/malignant/mel_train/melanoma_9548.jpg
ISIC_0869720,0.0,../../../data/ISIC_2024_Permissive_Training_Input/ISIC_0869720.jpg
ISIC_6294286,1.0,../../../data/ISIC_2024_Permissive_Training_Input/ISIC_6294286.jpg
ISIC_7755379,0.0,../../../data/ISIC_2024_Permissive_Training_Input/ISIC_7755379.jpg
melanoma_9527,1.0,../../../data/hand_filtered_dataset/malignant/mel_train/melanoma_9527.jpg
ISIC_9846842,0.0,../../../data/ISIC_2024_Permissive_Training_Input/ISIC_9846842.jpg
ISIC_9452490,1.0,../../../data/ISIC_2024_Permissive_Training_Input/ISIC_9452490.jpg
melanoma_7700,1.0,../../../data/hand_filtered_dataset/malignant/mel_train/melanoma_7700.jpg
ISIC_9926690,0.0,../../../data/ISIC_2024_Permissive_Training_Input/ISIC_9926690.jpg
ISIC_8865602,0.0,../../../data/ISIC_2024_Permissive_Training_Input/ISIC_8865602.jpg
ISIC_1350451,0.0,../../../data/ISIC_2024_Permissive_Training_Input/ISIC_1350451.jpg
melanoma_5975,1.0,../../../data/hand_filtered_dataset/malignant/mel_train/melanoma_5975.jpg
melanoma_8383,1.0,../../../data/hand_filtered_dataset/malignant/mel_train/melanoma_8383.jpg
melanoma_5488,1.0,../../../data/hand_filtered_dataset/malignant/mel_train/melanoma_5488.jpg
melanoma_6284,1.0,../../../data/hand_filtered_dataset/malignant/mel_train/melanoma_6284.jpg
ISIC_3466867,0.0,../../../data/ISIC_2024_Permissive_Training_Input/ISIC_3466867.jpg
ISIC_5707823,0.0,../../../data/ISIC_2024_Permissive_Training_Input/ISIC_5707823.jpg
melanoma_9226,1.0,../../../data/hand_filtered_dataset/malignant/mel_train/melanoma_9226.jpg
melanoma_9219,1.0,../../../data/hand_filtered_dataset/malignant/mel_train/melanoma_9219.jpg
ISIC_5328578,1.0,../../../data/ISIC_2024_Permissive_Training_Input/ISIC_5328578.jpg
ISIC_9802673,0.0,../../../data/ISIC_2024_Permissive_Training_Input/ISIC_9802673.jpg
melanoma_5540,1.0,../../../data/hand_filtered_dataset/malignant/mel_train/melanoma_5540.jpg
ISIC_9167787,0.0,../../../data/ISIC_2024_Permissive_Training_Input/ISIC_9167787.jpg
ISIC_4283192,0.0,../../../data/ISIC_2024_Permissive_Training_Input/ISIC_4283192.jpg
ISIC_3725915,0.0,../../../data/ISIC_2024_Permissive_Training_Input/ISIC_3725915.jpg
melanoma_6050,1.0,../../../data/hand_filtered_dataset/malignant/mel_train/melanoma_6050.jpg
ISIC_6581820,0.0,../../../data/ISIC_2024_Permissive_Training_Input/ISIC_6581820.jpg
ISIC_4742761,0.0,../../../data/ISIC_2024_Permissive_Training_Input/ISIC_4742761.jpg
melanoma_7479,1.0,../../../data/hand_filtered_dataset/malignant/mel_train/melanoma_7479.jpg
ISIC_8284480,0.0,../../../data/ISIC_2024_Permissive_Training_Input/ISIC_8284480.jpg
melanoma_7714,1.0,../../../data/hand_filtered_dataset/malignant/mel_train/melanoma_7714.jpg
ISIC_2501680,0.0,../../../data/ISIC_2024_Permissive_Training_Input/ISIC_2501680.jpg
ISIC_0852432,0.0,../../../data/ISIC_2024_Permissive_Training_Input/ISIC_0852432.jpg
ISIC_7370245,0.0,../../../data/ISIC_2024_Permissive_Training_Input/ISIC_7370245.jpg
melanoma_7385,1.0,../../../data/hand_filtered_dataset/malignant/mel_train/melanoma_7385.jpg
melanoma_7903,1.0,../../../data/hand_filtered_dataset/malignant/mel_train/melanoma_7903.jpg
ISIC_4839113,0.0,../../../data/ISIC_2024_Permissive_Training_Input/ISIC_4839113.jpg
ISIC_7667215,0.0,../../../data/ISIC_2024_Permissive_Training_Input/ISIC_7667215.jpg
melanoma_5412,1.0,../../../data/hand_filtered_dataset/malignant/mel_train/melanoma_5412.jpg
ISIC_1712067,0.0,../../../data/ISIC_2024_Permissive_Training_Input/ISIC_1712067.jpg
ISIC_5159047,0.0,../../../data/ISIC_2024_Permissive_Training_Input/ISIC_5159047.jpg
melanoma_9093,1.0,../../../data/hand_filtered_dataset/malignant/mel_train/melanoma_9093.jpg
ISIC_5316526,0.0,../../../data/ISIC_2024_Permissive_Training_Input/ISIC_5316526.jpg
ISIC_6468444,0.0,../../../data/ISIC_2024_Permissive_Training_Input/ISIC_6468444.jpg
ISIC_3713696,0.0,../../../data/ISIC_2024_Permissive_Training_Input/ISIC_3713696.jpg
ISIC_4113530,0.0,../../../data/ISIC_2024_Permissive_Training_Input/ISIC_4113530.jpg
melanoma_9501,1.0,../../../data/hand_filtered_dataset/malignant/mel_train/melanoma_9501.jpg
ISIC_3596298,0.0,../../../data/ISIC_2024_Permissive_Training_Input/ISIC_3596298.jpg
melanoma_7146,1.0,../../../data/hand_filtered_dataset/malignant/mel_train/melanoma_7146.jpg
melanoma_8632,1.0,../../../data/hand_filtered_dataset/malignant/mel_train/melanoma_8632.jpg
ISIC_2543102,0.0,../../../data/ISIC_2024_Permissive_Training_Input/ISIC_2543102.jpg
melanoma_5389,1.0,../../../data/hand_filtered_dataset/malignant/mel_train/melanoma_5389.jpg
ISIC_1123347,0.0,../../../data/ISIC_2024_Permissive_Training_Input/ISIC_1123347.jpg
melanoma_6028,1.0,../../../data/hand_filtered_dataset/malignant/mel_train/melanoma_6028.jpg
melanoma_9464,1.0,../../../data/hand_filtered_dataset/malignant/mel_train/melanoma_9464.jpg
ISIC_9466570,0.0,../../../data/ISIC_2024_Permissive_Training_Input/ISIC_9466570.jpg
melanoma_9337,1.0,../../../data/hand_filtered_dataset/malignant/mel_train/melanoma_9337.jpg
melanoma_6013,1.0,../../../data/hand_filtered_dataset/malignant/mel_train/melanoma_6013.jpg
ISIC_0110539,0.0,../../../data/ISIC_2024_Permissive_Training_Input/ISIC_0110539.jpg
ISIC_2974072,0.0,../../../data/ISIC_2024_Permissive_Training_Input/ISIC_2974072.jpg
ISIC_5641518,0.0,../../../data/ISIC_2024_Permissive_Training_Input/ISIC_5641518.jpg
ISIC_3816262,0.0,../../../data/ISIC_2024_Permissive_Training_Input/ISIC_3816262.jpg
ISIC_6487760,0.0,../../../data/ISIC_2024_Permissive_Training_Input/ISIC_6487760.jpg
ISIC_4970374,0.0,../../../data/ISIC_2024_Permissive_Training_Input/ISIC_4970374.jpg
ISIC_9534261,0.0,../../../data/ISIC_2024_Permissive_Training_Input/ISIC_9534261.jpg
ISIC_9703681,0.0,../../../data/ISIC_2024_Permissive_Training_Input/ISIC_9703681.jpg
melanoma_5538,1.0,../../../data/hand_filtered_dataset/malignant/mel_train/melanoma_5538.jpg
melanoma_5482,1.0,../../../data/hand_filtered_dataset/malignant/mel_train/melanoma_5482.jpg
ISIC_4735918,0.0,../../../data/ISIC_2024_Permissive_Training_Input/ISIC_4735918.jpg
melanoma_5756,1.0,../../../data/hand_filtered_dataset/malignant/mel_train/melanoma_5756.jpg
melanoma_7956,1.0,../../../data/hand_filtered_dataset/malignant/mel_train/melanoma_7956.jpg
ISIC_6465391,1.0,../../../data/ISIC_2024_Permissive_Training_Input/ISIC_6465391.jpg
melanoma_8217,1.0,../../../data/hand_filtered_dataset/malignant/mel_train/melanoma_8217.jpg
ISIC_4450512,0.0,../../../data/ISIC_2024_Permissive_Training_Input/ISIC_4450512.jpg
ISIC_7836939,0.0,../../../data/ISIC_2024_Permissive_Training_Input/ISIC_7836939.jpg
melanoma_5790,1.0,../../../data/hand_filtered_dataset/malignant/mel_train/melanoma_5790.jpg
ISIC_4614975,1.0,../../../data/ISIC_2024_Permissive_Training_Input/ISIC_4614975.jpg
ISIC_8346551,0.0,../../../data/ISIC_2024_Permissive_Training_Input/ISIC_8346551.jpg
ISIC_0161097,0.0,../../../data/ISIC_2024_Permissive_Training_Input/ISIC_0161097.jpg
ISIC_4607116,0.0,../../../data/ISIC_2024_Permissive_Training_Input/ISIC_4607116.jpg
ISIC_8462030,0.0,../../../data/ISIC_2024_Permissive_Training_Input/ISIC_8462030.jpg
ISIC_0521019,1.0,../../../data/ISIC_2024_Permissive_Training_Input/ISIC_0521019.jpg
melanoma_5646,1.0,../../../data/hand_filtered_dataset/malignant/mel_train/melanoma_5646.jpg
ISIC_5583814,0.0,../../../data/ISIC_2024_Permissive_Training_Input/ISIC_5583814.jpg
melanoma_6687,1.0,../../../data/hand_filtered_dataset/malignant/mel_train/melanoma_6687.jpg
melanoma_5891,1.0,../../../data/hand_filtered_dataset/malignant/mel_train/melanoma_5891.jpg
ISIC_6240029,0.0,../../../data/ISIC_2024_Permissive_Training_Input/ISIC_6240029.jpg
melanoma_6479,1.0,../../../data/hand_filtered_dataset/malignant/mel_train/melanoma_6479.jpg
melanoma_5062,1.0,../../../data/hand_filtered_dataset/malignant/mel_train/melanoma_5062.jpg
ISIC_0157834,1.0,../../../data/ISIC_2024_Permissive_Training_Input/ISIC_0157834.jpg
melanoma_6242,1.0,../../../data/hand_filtered_dataset/malignant/mel_train/melanoma_6242.jpg
ISIC_5438092,0.0,../../../data/ISIC_2024_Permissive_Training_Input/ISIC_5438092.jpg
melanoma_8526,1.0,../../../data/hand_filtered_dataset/malignant/mel_train/melanoma_8526.jpg
melanoma_9196,1.0,../../../data/hand_filtered_dataset/malignant/mel_train/melanoma_9196.jpg
ISIC_3160095,0.0,../../../data/ISIC_2024_Permissive_Training_Input/ISIC_3160095.jpg
melanoma_6426,1.0,../../../data/hand_filtered_dataset/malignant/mel_train/melanoma_6426.jpg
melanoma_8734,1.0,../../../data/hand_filtered_dataset/malignant/mel_train/melanoma_8734.jpg
ISIC_2509524,0.0,../../../data/ISIC_2024_Permissive_Training_Input/ISIC_2509524.jpg
melanoma_5957,1.0,../../../data/hand_filtered_dataset/malignant/mel_train/melanoma_5957.jpg
melanoma_9201,1.0,../../../data/hand_filtered_dataset/malignant/mel_train/melanoma_9201.jpg
melanoma_5638,1.0,../../../data/hand_filtered_dataset/malignant/mel_train/melanoma_5638.jpg
ISIC_9920771,0.0,../../../data/ISIC_2024_Permissive_Training_Input/ISIC_9920771.jpg
melanoma_5581,1.0,../../../data/hand_filtered_dataset/malignant/mel_train/melanoma_5581.jpg
ISIC_5348029,0.0,../../../data/ISIC_2024_Permissive_Training_Input/ISIC_5348029.jpg
ISIC_1778727,0.0,../../../data/ISIC_2024_Permissive_Training_Input/ISIC_1778727.jpg
ISIC_9700006,0.0,../../../data/ISIC_2024_Permissive_Training_Input/ISIC_9700006.jpg
melanoma_6758,1.0,../../../data/hand_filtered_dataset/malignant/mel_train/melanoma_6758.jpg
ISIC_4272793,0.0,../../../data/ISIC_2024_Permissive_Training_Input/ISIC_4272793.jpg
ISIC_6891236,0.0,../../../data/ISIC_2024_Permissive_Training_Input/ISIC_6891236.jpg
ISIC_7643729,0.0,../../../data/ISIC_2024_Permissive_Training_Input/ISIC_7643729.jpg
melanoma_9424,1.0,../../../data/hand_filtered_dataset/malignant/mel_train/melanoma_9424.jpg
ISIC_2623417,0.0,../../../data/ISIC_2024_Permissive_Training_Input/ISIC_2623417.jpg
ISIC_5264305,0.0,../../../data/ISIC_2024_Permissive_Training_Input/ISIC_5264305.jpg
ISIC_3646371,1.0,../../../data/ISIC_2024_Permissive_Training_Input/ISIC_3646371.jpg
ISIC_6572514,0.0,../../../data/ISIC_2024_Permissive_Training_Input/ISIC_6572514.jpg
ISIC_0284574,0.0,../../../data/ISIC_2024_Permissive_Training_Input/ISIC_0284574.jpg
melanoma_5826,1.0,../../../data/hand_filtered_dataset/malignant/mel_train/melanoma_5826.jpg
melanoma_5793,1.0,../../../data/hand_filtered_dataset/malignant/mel_train/melanoma_5793.jpg
ISIC_9333823,0.0,../../../data/ISIC_2024_Permissive_Training_Input/ISIC_9333823.jpg
ISIC_0184679,0.0,../../../data/ISIC_2024_Permissive_Training_Input/ISIC_0184679.jpg
ISIC_8364155,0.0,../../../data/ISIC_2024_Permissive_Training_Input/ISIC_8364155.jpg
ISIC_9903831,0.0,../../../data/ISIC_2024_Permissive_Training_Input/ISIC_9903831.jpg
ISIC_1450125,0.0,../../../data/ISIC_2024_Permissive_Training_Input/ISIC_1450125.jpg
ISIC_4716152,0.0,../../../data/ISIC_2024_Permissive_Training_Input/ISIC_4716152.jpg
ISIC_2852159,0.0,../../../data/ISIC_2024_Permissive_Training_Input/ISIC_2852159.jpg
ISIC_2969826,0.0,../../../data/ISIC_2024_Permissive_Training_Input/ISIC_2969826.jpg
ISIC_0303783,0.0,../../../data/ISIC_2024_Permissive_Training_Input/ISIC_0303783.jpg
melanoma_9258,1.0,../../../data/hand_filtered_dataset/malignant/mel_train/melanoma_9258.jpg
melanoma_6847,1.0,../../../data/hand_filtered_dataset/malignant/mel_train/melanoma_6847.jpg
ISIC_3061845,0.0,../../../data/ISIC_2024_Permissive_Training_Input/ISIC_3061845.jpg
ISIC_6665759,1.0,../../../data/ISIC_2024_Permissive_Training_Input/ISIC_6665759.jpg
ISIC_2520249,0.0,../../../data/ISIC_2024_Permissive_Training_Input/ISIC_2520249.jpg
ISIC_8840297,0.0,../../../data/ISIC_2024_Permissive_Training_Input/ISIC_8840297.jpg
ISIC_4809210,0.0,../../../data/ISIC_2024_Permissive_Training_Input/ISIC_4809210.jpg
ISIC_8426591,0.0,../../../data/ISIC_2024_Permissive_Training_Input/ISIC_8426591.jpg
ISIC_4512557,0.0,../../../data/ISIC_2024_Permissive_Training_Input/ISIC_4512557.jpg
ISIC_6983773,0.0,../../../data/ISIC_2024_Permissive_Training_Input/ISIC_6983773.jpg
melanoma_9594,1.0,../../../data/hand_filtered_dataset/malignant/mel_train/melanoma_9594.jpg
ISIC_6146132,0.0,../../../data/ISIC_2024_Permissive_Training_Input/ISIC_6146132.jpg
ISIC_6279334,0.0,../../../data/ISIC_2024_Permissive_Training_Input/ISIC_6279334.jpg
melanoma_8088,1.0,../../../data/hand_filtered_dataset/malignant/mel_train/melanoma_8088.jpg
ISIC_1211710,1.0,../../../data/ISIC_2024_Permissive_Training_Input/ISIC_1211710.jpg
ISIC_4322653,0.0,../../../data/ISIC_2024_Permissive_Training_Input/ISIC_4322653.jpg
ISIC_5933991,0.0,../../../data/ISIC_2024_Permissive_Training_Input/ISIC_5933991.jpg
ISIC_3383929,0.0,../../../data/ISIC_2024_Permissive_Training_Input/ISIC_3383929.jpg
melanoma_6790,1.0,../../../data/hand_filtered_dataset/malignant/mel_train/melanoma_6790.jpg
melanoma_6587,1.0,../../../data/hand_filtered_dataset/malignant/mel_train/melanoma_6587.jpg
ISIC_7576211,0.0,../../../data/ISIC_2024_Permissive_Training_Input/ISIC_7576211.jpg
ISIC_2062626,0.0,../../../data/ISIC_2024_Permissive_Training_Input/ISIC_2062626.jpg
melanoma_8704,1.0,../../../data/hand_filtered_dataset/malignant/mel_train/melanoma_8704.jpg
ISIC_3853335,0.0,../../../data/ISIC_2024_Permissive_Training_Input/ISIC_3853335.jpg
ISIC_9234924,0.0,../../../data/ISIC_2024_Permissive_Training_Input/ISIC_9234924.jpg
ISIC_9348353,0.0,../../../data/ISIC_2024_Permissive_Training_Input/ISIC_9348353.jpg
ISIC_6091178,0.0,../../../data/ISIC_2024_Permissive_Training_Input/ISIC_6091178.jpg
melanoma_9248,1.0,../../../data/hand_filtered_dataset/malignant/mel_train/melanoma_9248.jpg
ISIC_7897929,0.0,../../../data/ISIC_2024_Permissive_Training_Input/ISIC_7897929.jpg
melanoma_6704,1.0,../../../data/hand_filtered_dataset/malignant/mel_train/melanoma_6704.jpg
melanoma_9359,1.0,../../../data/hand_filtered_dataset/malignant/mel_train/melanoma_9359.jpg
ISIC_7203136,1.0,../../../data/ISIC_2024_Permissive_Training_Input/ISIC_7203136.jpg
melanoma_9425,1.0,../../../data/hand_filtered_dataset/malignant/mel_train/melanoma_9425.jpg
ISIC_4766113,0.0,../../../data/ISIC_2024_Permissive_Training_Input/ISIC_4766113.jpg
melanoma_8810,1.0,../../../data/hand_filtered_dataset/malignant/mel_train/melanoma_8810.jpg
melanoma_5300,1.0,../../../data/hand_filtered_dataset/malignant/mel_train/melanoma_5300.jpg
melanoma_9389,1.0,../../../data/hand_filtered_dataset/malignant/mel_train/melanoma_9389.jpg
ISIC_5718659,0.0,../../../data/ISIC_2024_Permissive_Training_Input/ISIC_5718659.jpg
melanoma_7873,1.0,../../../data/hand_filtered_dataset/malignant/mel_train/melanoma_7873.jpg
ISIC_6417514,0.0,../../../data/ISIC_2024_Permissive_Training_Input/ISIC_6417514.jpg
melanoma_5894,1.0,../../../data/hand_filtered_dataset/malignant/mel_train/melanoma_5894.jpg
melanoma_5208,1.0,../../../data/hand_filtered_dataset/malignant/mel_train/melanoma_5208.jpg
ISIC_6854741,0.0,../../../data/ISIC_2024_Permissive_Training_Input/ISIC_6854741.jpg
ISIC_2956109,0.0,../../../data/ISIC_2024_Permissive_Training_Input/ISIC_2956109.jpg
ISIC_0190307,1.0,../../../data/ISIC_2024_Permissive_Training_Input/ISIC_0190307.jpg
ISIC_7300629,0.0,../../../data/ISIC_2024_Permissive_Training_Input/ISIC_7300629.jpg
ISIC_2562387,0.0,../../../data/ISIC_2024_Permissive_Training_Input/ISIC_2562387.jpg
melanoma_9499,1.0,../../../data/hand_filtered_dataset/malignant/mel_train/melanoma_9499.jpg
ISIC_0659707,0.0,../../../data/ISIC_2024_Permissive_Training_Input/ISIC_0659707.jpg
ISIC_6865370,0.0,../../../data/ISIC_2024_Permissive_Training_Input/ISIC_6865370.jpg
ISIC_1773560,0.0,../../../data/ISIC_2024_Permissive_Training_Input/ISIC_1773560.jpg
ISIC_3017103,0.0,../../../data/ISIC_2024_Permissive_Training_Input/ISIC_3017103.jpg
melanoma_8118,1.0,../../../data/hand_filtered_dataset/malignant/mel_train/melanoma_8118.jpg
ISIC_2408044,0.0,../../../data/ISIC_2024_Permissive_Training_Input/ISIC_2408044.jpg
melanoma_7295,1.0,../../../data/hand_filtered_dataset/malignant/mel_train/melanoma_7295.jpg
melanoma_5717,1.0,../../../data/hand_filtered_dataset/malignant/mel_train/melanoma_5717.jpg
ISIC_3931225,0.0,../../../data/ISIC_2024_Permissive_Training_Input/ISIC_3931225.jpg
ISIC_6785168,0.0,../../../data/ISIC_2024_Permissive_Training_Input/ISIC_6785168.jpg
melanoma_5511,1.0,../../../data/hand_filtered_dataset/malignant/mel_train/melanoma_5511.jpg
ISIC_5172047,0.0,../../../data/ISIC_2024_Permissive_Training_Input/ISIC_5172047.jpg
melanoma_7749,1.0,../../../data/hand_filtered_dataset/malignant/mel_train/melanoma_7749.jpg
ISIC_4145257,0.0,../../../data/ISIC_2024_Permissive_Training_Input/ISIC_4145257.jpg
ISIC_5996517,0.0,../../../data/ISIC_2024_Permissive_Training_Input/ISIC_5996517.jpg
ISIC_2538516,1.0,../../../data/ISIC_2024_Permissive_Training_Input/ISIC_2538516.jpg
ISIC_7418986,0.0,../../../data/ISIC_2024_Permissive_Training_Input/ISIC_7418986.jpg
melanoma_9302,1.0,../../../data/hand_filtered_dataset/malignant/mel_train/melanoma_9302.jpg
melanoma_8386,1.0,../../../data/hand_filtered_dataset/malignant/mel_train/melanoma_8386.jpg
ISIC_9189890,0.0,../../../data/ISIC_2024_Permissive_Training_Input/ISIC_9189890.jpg
melanoma_5004,1.0,../../../data/hand_filtered_dataset/malignant/mel_train/melanoma_5004.jpg
melanoma_6386,1.0,../../../data/hand_filtered_dataset/malignant/mel_train/melanoma_6386.jpg
ISIC_5258813,0.0,../../../data/ISIC_2024_Permissive_Training_Input/ISIC_5258813.jpg
melanoma_7627,1.0,../../../data/hand_filtered_dataset/malignant/mel_train/melanoma_7627.jpg
melanoma_6932,1.0,../../../data/hand_filtered_dataset/malignant/mel_train/melanoma_6932.jpg
melanoma_7339,1.0,../../../data/hand_filtered_dataset/malignant/mel_train/melanoma_7339.jpg
ISIC_7113084,0.0,../../../data/ISIC_2024_Permissive_Training_Input/ISIC_7113084.jpg
ISIC_6754492,0.0,../../../data/ISIC_2024_Permissive_Training_Input/ISIC_6754492.jpg
melanoma_5562,1.0,../../../data/hand_filtered_dataset/malignant/mel_train/melanoma_5562.jpg
ISIC_5684525,0.0,../../../data/ISIC_2024_Permissive_Training_Input/ISIC_5684525.jpg
melanoma_5392,1.0,../../../data/hand_filtered_dataset/malignant/mel_train/melanoma_5392.jpg
ISIC_7903753,0.0,../../../data/ISIC_2024_Permissive_Training_Input/ISIC_7903753.jpg
ISIC_7547931,0.0,../../../data/ISIC_2024_Permissive_Training_Input/ISIC_7547931.jpg
melanoma_9470,1.0,../../../data/hand_filtered_dataset/malignant/mel_train/melanoma_9470.jpg
melanoma_9467,1.0,../../../data/hand_filtered_dataset/malignant/mel_train/melanoma_9467.jpg
ISIC_6674695,0.0,../../../data/ISIC_2024_Permissive_Training_Input/ISIC_6674695.jpg
melanoma_8033,1.0,../../../data/hand_filtered_dataset/malignant/mel_train/melanoma_8033.jpg
ISIC_9886805,0.0,../../../data/ISIC_2024_Permissive_Training_Input/ISIC_9886805.jpg
ISIC_3786151,0.0,../../../data/ISIC_2024_Permissive_Training_Input/ISIC_3786151.jpg
ISIC_1480614,1.0,../../../data/ISIC_2024_Permissive_Training_Input/ISIC_1480614.jpg
ISIC_8632091,0.0,../../../data/ISIC_2024_Permissive_Training_Input/ISIC_8632091.jpg
melanoma_7202,1.0,../../../data/hand_filtered_dataset/malignant/mel_train/melanoma_7202.jpg
ISIC_8780149,0.0,../../../data/ISIC_2024_Permissive_Training_Input/ISIC_8780149.jpg
melanoma_7402,1.0,../../../data/hand_filtered_dataset/malignant/mel_train/melanoma_7402.jpg
ISIC_4315821,0.0,../../../data/ISIC_2024_Permissive_Training_Input/ISIC_4315821.jpg
ISIC_7669501,0.0,../../../data/ISIC_2024_Permissive_Training_Input/ISIC_7669501.jpg
ISIC_7196398,0.0,../../../data/ISIC_2024_Permissive_Training_Input/ISIC_7196398.jpg
ISIC_7014093,0.0,../../../data/ISIC_2024_Permissive_Training_Input/ISIC_7014093.jpg
melanoma_8329,1.0,../../../data/hand_filtered_dataset/malignant/mel_train/melanoma_8329.jpg
ISIC_9026711,0.0,../../../data/ISIC_2024_Permissive_Training_Input/ISIC_9026711.jpg
melanoma_7388,1.0,../../../data/hand_filtered_dataset/malignant/mel_train/melanoma_7388.jpg
melanoma_7701,1.0,../../../data/hand_filtered_dataset/malignant/mel_train/melanoma_7701.jpg
melanoma_5520,1.0,../../../data/hand_filtered_dataset/malignant/mel_train/melanoma_5520.jpg
ISIC_8925109,0.0,../../../data/ISIC_2024_Permissive_Training_Input/ISIC_8925109.jpg
melanoma_5434,1.0,../../../data/hand_filtered_dataset/malignant/mel_train/melanoma_5434.jpg
melanoma_8202,1.0,../../../data/hand_filtered_dataset/malignant/mel_train/melanoma_8202.jpg
ISIC_9047502,0.0,../../../data/ISIC_2024_Permissive_Training_Input/ISIC_9047502.jpg
melanoma_5188,1.0,../../../data/hand_filtered_dataset/malignant/mel_train/melanoma_5188.jpg
melanoma_8587,1.0,../../../data/hand_filtered_dataset/malignant/mel_train/melanoma_8587.jpg
ISIC_4561089,0.0,../../../data/ISIC_2024_Permissive_Training_Input/ISIC_4561089.jpg
ISIC_4123537,0.0,../../../data/ISIC_2024_Permissive_Training_Input/ISIC_4123537.jpg
ISIC_8868536,0.0,../../../data/ISIC_2024_Permissive_Training_Input/ISIC_8868536.jpg
ISIC_5132705,0.0,../../../data/ISIC_2024_Permissive_Training_Input/ISIC_5132705.jpg
ISIC_3398012,1.0,../../../data/ISIC_2024_Permissive_Training_Input/ISIC_3398012.jpg
melanoma_8974,1.0,../../../data/hand_filtered_dataset/malignant/mel_train/melanoma_8974.jpg
melanoma_9164,1.0,../../../data/hand_filtered_dataset/malignant/mel_train/melanoma_9164.jpg
melanoma_8527,1.0,../../../data/hand_filtered_dataset/malignant/mel_train/melanoma_8527.jpg
ISIC_6952663,0.0,../../../data/ISIC_2024_Permissive_Training_Input/ISIC_6952663.jpg
ISIC_7155037,0.0,../../../data/ISIC_2024_Permissive_Training_Input/ISIC_7155037.jpg
melanoma_7797,1.0,../../../data/hand_filtered_dataset/malignant/mel_train/melanoma_7797.jpg
ISIC_2028539,0.0,../../../data/ISIC_2024_Permissive_Training_Input/ISIC_2028539.jpg
ISIC_6478556,0.0,../../../data/ISIC_2024_Permissive_Training_Input/ISIC_6478556.jpg
melanoma_9182,1.0,../../../data/hand_filtered_dataset/malignant/mel_train/melanoma_9182.jpg
ISIC_0654648,0.0,../../../data/ISIC_2024_Permissive_Training_Input/ISIC_0654648.jpg
ISIC_2038152,0.0,../../../data/ISIC_2024_Permissive_Training_Input/ISIC_2038152.jpg
ISIC_8061037,0.0,../../../data/ISIC_2024_Permissive_Training_Input/ISIC_8061037.jpg
ISIC_2989299,0.0,../../../data/ISIC_2024_Permissive_Training_Input/ISIC_2989299.jpg
ISIC_6836003,0.0,../../../data/ISIC_2024_Permissive_Training_Input/ISIC_6836003.jpg
ISIC_0664841,1.0,../../../data/ISIC_2024_Permissive_Training_Input/ISIC_0664841.jpg
ISIC_5736383,0.0,../../../data/ISIC_2024_Permissive_Training_Input/ISIC_5736383.jpg
ISIC_5889038,0.0,../../../data/ISIC_2024_Permissive_Training_Input/ISIC_5889038.jpg
melanoma_9333,1.0,../../../data/hand_filtered_dataset/malignant/mel_train/melanoma_9333.jpg
ISIC_1445374,0.0,../../../data/ISIC_2024_Permissive_Training_Input/ISIC_1445374.jpg
melanoma_5846,1.0,../../../data/hand_filtered_dataset/malignant/mel_train/melanoma_5846.jpg
ISIC_0655503,0.0,../../../data/ISIC_2024_Permissive_Training_Input/ISIC_0655503.jpg
ISIC_2036741,0.0,../../../data/ISIC_2024_Permissive_Training_Input/ISIC_2036741.jpg
ISIC_3256981,0.0,../../../data/ISIC_2024_Permissive_Training_Input/ISIC_3256981.jpg
ISIC_2731364,0.0,../../../data/ISIC_2024_Permissive_Training_Input/ISIC_2731364.jpg
melanoma_7834,1.0,../../../data/hand_filtered_dataset/malignant/mel_train/melanoma_7834.jpg
ISIC_2879759,0.0,../../../data/ISIC_2024_Permissive_Training_Input/ISIC_2879759.jpg
melanoma_9167,1.0,../../../data/hand_filtered_dataset/malignant/mel_train/melanoma_9167.jpg
ISIC_2586970,0.0,../../../data/ISIC_2024_Permissive_Training_Input/ISIC_2586970.jpg
melanoma_8512,1.0,../../../data/hand_filtered_dataset/malignant/mel_train/melanoma_8512.jpg
melanoma_5457,1.0,../../../data/hand_filtered_dataset/malignant/mel_train/melanoma_5457.jpg
ISIC_4517125,0.0,../../../data/ISIC_2024_Permissive_Training_Input/ISIC_4517125.jpg
ISIC_2931643,0.0,../../../data/ISIC_2024_Permissive_Training_Input/ISIC_2931643.jpg
ISIC_9504083,0.0,../../../data/ISIC_2024_Permissive_Training_Input/ISIC_9504083.jpg
ISIC_0308729,0.0,../../../data/ISIC_2024_Permissive_Training_Input/ISIC_0308729.jpg
ISIC_4388388,0.0,../../../data/ISIC_2024_Permissive_Training_Input/ISIC_4388388.jpg
melanoma_7630,1.0,../../../data/hand_filtered_dataset/malignant/mel_train/melanoma_7630.jpg
ISIC_1576573,0.0,../../../data/ISIC_2024_Permissive_Training_Input/ISIC_1576573.jpg
ISIC_4750901,0.0,../../../data/ISIC_2024_Permissive_Training_Input/ISIC_4750901.jpg
melanoma_6988,1.0,../../../data/hand_filtered_dataset/malignant/mel_train/melanoma_6988.jpg
ISIC_4231337,0.0,../../../data/ISIC_2024_Permissive_Training_Input/ISIC_4231337.jpg
ISIC_3726076,0.0,../../../data/ISIC_2024_Permissive_Training_Input/ISIC_3726076.jpg
ISIC_9521034,0.0,../../../data/ISIC_2024_Permissive_Training_Input/ISIC_9521034.jpg
ISIC_3071098,0.0,../../../data/ISIC_2024_Permissive_Training_Input/ISIC_3071098.jpg
melanoma_5167,1.0,../../../data/hand_filtered_dataset/malignant/mel_train/melanoma_5167.jpg
ISIC_8427896,0.0,../../../data/ISIC_2024_Permissive_Training_Input/ISIC_8427896.jpg
ISIC_7235721,1.0,../../../data/ISIC_2024_Permissive_Training_Input/ISIC_7235721.jpg
melanoma_5487,1.0,../../../data/hand_filtered_dataset/malignant/mel_train/melanoma_5487.jpg
ISIC_3288933,1.0,../../../data/ISIC_2024_Permissive_Training_Input/ISIC_3288933.jpg
ISIC_9896811,0.0,../../../data/ISIC_2024_Permissive_Training_Input/ISIC_9896811.jpg
ISIC_2467243,0.0,../../../data/ISIC_2024_Permissive_Training_Input/ISIC_2467243.jpg
melanoma_5260,1.0,../../../data/hand_filtered_dataset/malignant/mel_train/melanoma_5260.jpg
melanoma_5074,1.0,../../../data/hand_filtered_dataset/malignant/mel_train/melanoma_5074.jpg
melanoma_8317,1.0,../../../data/hand_filtered_dataset/malignant/mel_train/melanoma_8317.jpg
melanoma_5606,1.0,../../../data/hand_filtered_dataset/malignant/mel_train/melanoma_5606.jpg
ISIC_0150641,0.0,../../../data/ISIC_2024_Permissive_Training_Input/ISIC_0150641.jpg
ISIC_2318247,1.0,../../../data/ISIC_2024_Permissive_Training_Input/ISIC_2318247.jpg
melanoma_7912,1.0,../../../data/hand_filtered_dataset/malignant/mel_train/melanoma_7912.jpg
ISIC_7345182,0.0,../../../data/ISIC_2024_Permissive_Training_Input/ISIC_7345182.jpg
melanoma_9220,1.0,../../../data/hand_filtered_dataset/malignant/mel_train/melanoma_9220.jpg
ISIC_1532743,0.0,../../../data/ISIC_2024_Permissive_Training_Input/ISIC_1532743.jpg
melanoma_8562,1.0,../../../data/hand_filtered_dataset/malignant/mel_train/melanoma_8562.jpg
melanoma_8694,1.0,../../../data/hand_filtered_dataset/malignant/mel_train/melanoma_8694.jpg
ISIC_8264909,0.0,../../../data/ISIC_2024_Permissive_Training_Input/ISIC_8264909.jpg
melanoma_7167,1.0,../../../data/hand_filtered_dataset/malignant/mel_train/melanoma_7167.jpg
melanoma_8008,1.0,../../../data/hand_filtered_dataset/malignant/mel_train/melanoma_8008.jpg
melanoma_7096,1.0,../../../data/hand_filtered_dataset/malignant/mel_train/melanoma_7096.jpg
ISIC_3672330,0.0,../../../data/ISIC_2024_Permissive_Training_Input/ISIC_3672330.jpg
melanoma_9118,1.0,../../../data/hand_filtered_dataset/malignant/mel_train/melanoma_9118.jpg
melanoma_6475,1.0,../../../data/hand_filtered_dataset/malignant/mel_train/melanoma_6475.jpg
ISIC_2407310,0.0,../../../data/ISIC_2024_Permissive_Training_Input/ISIC_2407310.jpg
melanoma_5212,1.0,../../../data/hand_filtered_dataset/malignant/mel_train/melanoma_5212.jpg
ISIC_5213811,1.0,../../../data/ISIC_2024_Permissive_Training_Input/ISIC_5213811.jpg
melanoma_7871,1.0,../../../data/hand_filtered_dataset/malignant/mel_train/melanoma_7871.jpg
melanoma_7076,1.0,../../../data/hand_filtered_dataset/malignant/mel_train/melanoma_7076.jpg
melanoma_9067,1.0,../../../data/hand_filtered_dataset/malignant/mel_train/melanoma_9067.jpg
ISIC_8899671,1.0,../../../data/ISIC_2024_Permissive_Training_Input/ISIC_8899671.jpg
ISIC_0293670,1.0,../../../data/ISIC_2024_Permissive_Training_Input/ISIC_0293670.jpg
melanoma_7762,1.0,../../../data/hand_filtered_dataset/malignant/mel_train/melanoma_7762.jpg
melanoma_6991,1.0,../../../data/hand_filtered_dataset/malignant/mel_train/melanoma_6991.jpg
melanoma_6798,1.0,../../../data/hand_filtered_dataset/malignant/mel_train/melanoma_6798.jpg
melanoma_7653,1.0,../../../data/hand_filtered_dataset/malignant/mel_train/melanoma_7653.jpg
ISIC_5314774,0.0,../../../data/ISIC_2024_Permissive_Training_Input/ISIC_5314774.jpg
melanoma_6066,1.0,../../../data/hand_filtered_dataset/malignant/mel_train/melanoma_6066.jpg
ISIC_4230698,0.0,../../../data/ISIC_2024_Permissive_Training_Input/ISIC_4230698.jpg
ISIC_4127953,0.0,../../../data/ISIC_2024_Permissive_Training_Input/ISIC_4127953.jpg
ISIC_9174273,0.0,../../../data/ISIC_2024_Permissive_Training_Input/ISIC_9174273.jpg
ISIC_0785071,0.0,../../../data/ISIC_2024_Permissive_Training_Input/ISIC_0785071.jpg
ISIC_3208577,0.0,../../../data/ISIC_2024_Permissive_Training_Input/ISIC_3208577.jpg
melanoma_5824,1.0,../../../data/hand_filtered_dataset/malignant/mel_train/melanoma_5824.jpg
melanoma_6736,1.0,../../../data/hand_filtered_dataset/malignant/mel_train/melanoma_6736.jpg
ISIC_1852274,0.0,../../../data/ISIC_2024_Permissive_Training_Input/ISIC_1852274.jpg
melanoma_7277,1.0,../../../data/hand_filtered_dataset/malignant/mel_train/melanoma_7277.jpg
melanoma_7194,1.0,../../../data/hand_filtered_dataset/malignant/mel_train/melanoma_7194.jpg
ISIC_4707275,0.0,../../../data/ISIC_2024_Permissive_Training_Input/ISIC_4707275.jpg
melanoma_6897,1.0,../../../data/hand_filtered_dataset/malignant/mel_train/melanoma_6897.jpg
melanoma_7870,1.0,../../../data/hand_filtered_dataset/malignant/mel_train/melanoma_7870.jpg
melanoma_5532,1.0,../../../data/hand_filtered_dataset/malignant/mel_train/melanoma_5532.jpg
ISIC_3949241,0.0,../../../data/ISIC_2024_Permissive_Training_Input/ISIC_3949241.jpg
melanoma_9206,1.0,../../../data/hand_filtered_dataset/malignant/mel_train/melanoma_9206.jpg
melanoma_8195,1.0,../../../data/hand_filtered_dataset/malignant/mel_train/melanoma_8195.jpg
ISIC_9596393,0.0,../../../data/ISIC_2024_Permissive_Training_Input/ISIC_9596393.jpg
ISIC_8460937,1.0,../../../data/ISIC_2024_Permissive_Training_Input/ISIC_8460937.jpg
melanoma_6101,1.0,../../../data/hand_filtered_dataset/malignant/mel_train/melanoma_6101.jpg
ISIC_3994827,0.0,../../../data/ISIC_2024_Permissive_Training_Input/ISIC_3994827.jpg
ISIC_0357033,0.0,../../../data/ISIC_2024_Permissive_Training_Input/ISIC_0357033.jpg
ISIC_6470260,0.0,../../../data/ISIC_2024_Permissive_Training_Input/ISIC_6470260.jpg
melanoma_9078,1.0,../../../data/hand_filtered_dataset/malignant/mel_train/melanoma_9078.jpg
ISIC_9014179,0.0,../../../data/ISIC_2024_Permissive_Training_Input/ISIC_9014179.jpg
ISIC_0771686,0.0,../../../data/ISIC_2024_Permissive_Training_Input/ISIC_0771686.jpg
melanoma_7412,1.0,../../../data/hand_filtered_dataset/malignant/mel_train/melanoma_7412.jpg
ISIC_4526600,0.0,../../../data/ISIC_2024_Permissive_Training_Input/ISIC_4526600.jpg
ISIC_6137090,0.0,../../../data/ISIC_2024_Permissive_Training_Input/ISIC_6137090.jpg
ISIC_3496098,0.0,../../../data/ISIC_2024_Permissive_Training_Input/ISIC_3496098.jpg
ISIC_9455964,0.0,../../../data/ISIC_2024_Permissive_Training_Input/ISIC_9455964.jpg
ISIC_5990594,1.0,../../../data/ISIC_2024_Permissive_Training_Input/ISIC_5990594.jpg
ISIC_4383628,0.0,../../../data/ISIC_2024_Permissive_Training_Input/ISIC_4383628.jpg
melanoma_6219,1.0,../../../data/hand_filtered_dataset/malignant/mel_train/melanoma_6219.jpg
ISIC_6839641,0.0,../../../data/ISIC_2024_Permissive_Training_Input/ISIC_6839641.jpg
ISIC_0182271,0.0,../../../data/ISIC_2024_Permissive_Training_Input/ISIC_0182271.jpg
melanoma_5387,1.0,../../../data/hand_filtered_dataset/malignant/mel_train/melanoma_5387.jpg
melanoma_9189,1.0,../../../data/hand_filtered_dataset/malignant/mel_train/melanoma_9189.jpg
melanoma_7864,1.0,../../../data/hand_filtered_dataset/malignant/mel_train/melanoma_7864.jpg
ISIC_3500353,0.0,../../../data/ISIC_2024_Permissive_Training_Input/ISIC_3500353.jpg
ISIC_6667818,0.0,../../../data/ISIC_2024_Permissive_Training_Input/ISIC_6667818.jpg
ISIC_7486269,0.0,../../../data/ISIC_2024_Permissive_Training_Input/ISIC_7486269.jpg
melanoma_5380,1.0,../../../data/hand_filtered_dataset/malignant/mel_train/melanoma_5380.jpg
ISIC_5145109,0.0,../../../data/ISIC_2024_Permissive_Training_Input/ISIC_5145109.jpg
melanoma_5635,1.0,../../../data/hand_filtered_dataset/malignant/mel_train/melanoma_5635.jpg
ISIC_2095568,0.0,../../../data/ISIC_2024_Permissive_Training_Input/ISIC_2095568.jpg
ISIC_5007513,0.0,../../../data/ISIC_2024_Permissive_Training_Input/ISIC_5007513.jpg
melanoma_9554,1.0,../../../data/hand_filtered_dataset/malignant/mel_train/melanoma_9554.jpg
melanoma_7972,1.0,../../../data/hand_filtered_dataset/malignant/mel_train/melanoma_7972.jpg
ISIC_3213971,0.0,../../../data/ISIC_2024_Permissive_Training_Input/ISIC_3213971.jpg
melanoma_6958,1.0,../../../data/hand_filtered_dataset/malignant/mel_train/melanoma_6958.jpg
melanoma_9422,1.0,../../../data/hand_filtered_dataset/malignant/mel_train/melanoma_9422.jpg
ISIC_8813880,0.0,../../../data/ISIC_2024_Permissive_Training_Input/ISIC_8813880.jpg
melanoma_5557,1.0,../../../data/hand_filtered_dataset/malignant/mel_train/melanoma_5557.jpg
melanoma_6964,1.0,../../../data/hand_filtered_dataset/malignant/mel_train/melanoma_6964.jpg
ISIC_2266416,0.0,../../../data/ISIC_2024_Permissive_Training_Input/ISIC_2266416.jpg
melanoma_5332,1.0,../../../data/hand_filtered_dataset/malignant/mel_train/melanoma_5332.jpg
ISIC_8582126,0.0,../../../data/ISIC_2024_Permissive_Training_Input/ISIC_8582126.jpg
ISIC_7081832,0.0,../../../data/ISIC_2024_Permissive_Training_Input/ISIC_7081832.jpg
ISIC_4141691,0.0,../../../data/ISIC_2024_Permissive_Training_Input/ISIC_4141691.jpg
melanoma_7071,1.0,../../../data/hand_filtered_dataset/malignant/mel_train/melanoma_7071.jpg
ISIC_4620217,1.0,../../../data/ISIC_2024_Permissive_Training_Input/ISIC_4620217.jpg
ISIC_9060519,1.0,../../../data/ISIC_2024_Permissive_Training_Input/ISIC_9060519.jpg
melanoma_7545,1.0,../../../data/hand_filtered_dataset/malignant/mel_train/melanoma_7545.jpg
ISIC_0565021,1.0,../../../data/ISIC_2024_Permissive_Training_Input/ISIC_0565021.jpg
ISIC_0319600,0.0,../../../data/ISIC_2024_Permissive_Training_Input/ISIC_0319600.jpg
melanoma_9392,1.0,../../../data/hand_filtered_dataset/malignant/mel_train/melanoma_9392.jpg
melanoma_6401,1.0,../../../data/hand_filtered_dataset/malignant/mel_train/melanoma_6401.jpg
melanoma_9402,1.0,../../../data/hand_filtered_dataset/malignant/mel_train/melanoma_9402.jpg
ISIC_9031802,0.0,../../../data/ISIC_2024_Permissive_Training_Input/ISIC_9031802.jpg
ISIC_9193432,0.0,../../../data/ISIC_2024_Permissive_Training_Input/ISIC_9193432.jpg
melanoma_5985,1.0,../../../data/hand_filtered_dataset/malignant/mel_train/melanoma_5985.jpg
ISIC_6610351,0.0,../../../data/ISIC_2024_Permissive_Training_Input/ISIC_6610351.jpg
ISIC_5705166,0.0,../../../data/ISIC_2024_Permissive_Training_Input/ISIC_5705166.jpg
ISIC_5297885,1.0,../../../data/ISIC_2024_Permissive_Training_Input/ISIC_5297885.jpg
ISIC_9467658,0.0,../../../data/ISIC_2024_Permissive_Training_Input/ISIC_9467658.jpg
ISIC_0934225,0.0,../../../data/ISIC_2024_Permissive_Training_Input/ISIC_0934225.jpg
melanoma_8385,1.0,../../../data/hand_filtered_dataset/malignant/mel_train/melanoma_8385.jpg
ISIC_7950123,0.0,../../../data/ISIC_2024_Permissive_Training_Input/ISIC_7950123.jpg
melanoma_7129,1.0,../../../data/hand_filtered_dataset/malignant/mel_train/melanoma_7129.jpg
ISIC_4098704,0.0,../../../data/ISIC_2024_Permissive_Training_Input/ISIC_4098704.jpg
ISIC_4485071,0.0,../../../data/ISIC_2024_Permissive_Training_Input/ISIC_4485071.jpg
melanoma_6637,1.0,../../../data/hand_filtered_dataset/malignant/mel_train/melanoma_6637.jpg
melanoma_5970,1.0,../../../data/hand_filtered_dataset/malignant/mel_train/melanoma_5970.jpg
ISIC_8928007,0.0,../../../data/ISIC_2024_Permissive_Training_Input/ISIC_8928007.jpg
ISIC_7201645,0.0,../../../data/ISIC_2024_Permissive_Training_Input/ISIC_7201645.jpg
ISIC_6987613,0.0,../../../data/ISIC_2024_Permissive_Training_Input/ISIC_6987613.jpg
melanoma_6412,1.0,../../../data/hand_filtered_dataset/malignant/mel_train/melanoma_6412.jpg
ISIC_1420708,0.0,../../../data/ISIC_2024_Permissive_Training_Input/ISIC_1420708.jpg
melanoma_7923,1.0,../../../data/hand_filtered_dataset/malignant/mel_train/melanoma_7923.jpg
melanoma_5231,1.0,../../../data/hand_filtered_dataset/malignant/mel_train/melanoma_5231.jpg
ISIC_3461061,0.0,../../../data/ISIC_2024_Permissive_Training_Input/ISIC_3461061.jpg
ISIC_6160765,0.0,../../../data/ISIC_2024_Permissive_Training_Input/ISIC_6160765.jpg
ISIC_5803312,0.0,../../../data/ISIC_2024_Permissive_Training_Input/ISIC_5803312.jpg
ISIC_2872355,0.0,../../../data/ISIC_2024_Permissive_Training_Input/ISIC_2872355.jpg
melanoma_6771,1.0,../../../data/hand_filtered_dataset/malignant/mel_train/melanoma_6771.jpg
melanoma_5815,1.0,../../../data/hand_filtered_dataset/malignant/mel_train/melanoma_5815.jpg
ISIC_9387799,0.0,../../../data/ISIC_2024_Permissive_Training_Input/ISIC_9387799.jpg
ISIC_5080810,0.0,../../../data/ISIC_2024_Permissive_Training_Input/ISIC_5080810.jpg
melanoma_6549,1.0,../../../data/hand_filtered_dataset/malignant/mel_train/melanoma_6549.jpg
melanoma_5461,1.0,../../../data/hand_filtered_dataset/malignant/mel_train/melanoma_5461.jpg
melanoma_6801,1.0,../../../data/hand_filtered_dataset/malignant/mel_train/melanoma_6801.jpg
melanoma_6026,1.0,../../../data/hand_filtered_dataset/malignant/mel_train/melanoma_6026.jpg
ISIC_9445938,0.0,../../../data/ISIC_2024_Permissive_Training_Input/ISIC_9445938.jpg
melanoma_5735,1.0,../../../data/hand_filtered_dataset/malignant/mel_train/melanoma_5735.jpg
ISIC_2746016,1.0,../../../data/ISIC_2024_Permissive_Training_Input/ISIC_2746016.jpg
melanoma_6767,1.0,../../../data/hand_filtered_dataset/malignant/mel_train/melanoma_6767.jpg
ISIC_6131231,0.0,../../../data/ISIC_2024_Permissive_Training_Input/ISIC_6131231.jpg
melanoma_7993,1.0,../../../data/hand_filtered_dataset/malignant/mel_train/melanoma_7993.jpg
ISIC_3889195,0.0,../../../data/ISIC_2024_Permissive_Training_Input/ISIC_3889195.jpg
melanoma_7073,1.0,../../../data/hand_filtered_dataset/malignant/mel_train/melanoma_7073.jpg
melanoma_9265,1.0,../../../data/hand_filtered_dataset/malignant/mel_train/melanoma_9265.jpg
melanoma_6346,1.0,../../../data/hand_filtered_dataset/malignant/mel_train/melanoma_6346.jpg
ISIC_1327475,0.0,../../../data/ISIC_2024_Permissive_Training_Input/ISIC_1327475.jpg
melanoma_6008,1.0,../../../data/hand_filtered_dataset/malignant/mel_train/melanoma_6008.jpg
ISIC_9428483,0.0,../../../data/ISIC_2024_Permissive_Training_Input/ISIC_9428483.jpg
melanoma_8489,1.0,../../../data/hand_filtered_dataset/malignant/mel_train/melanoma_8489.jpg
ISIC_0407785,0.0,../../../data/ISIC_2024_Permissive_Training_Input/ISIC_0407785.jpg
melanoma_5031,1.0,../../../data/hand_filtered_dataset/malignant/mel_train/melanoma_5031.jpg
melanoma_6749,1.0,../../../data/hand_filtered_dataset/malignant/mel_train/melanoma_6749.jpg
ISIC_0856567,0.0,../../../data/ISIC_2024_Permissive_Training_Input/ISIC_0856567.jpg
ISIC_0115812,0.0,../../../data/ISIC_2024_Permissive_Training_Input/ISIC_0115812.jpg
melanoma_8340,1.0,../../../data/hand_filtered_dataset/malignant/mel_train/melanoma_8340.jpg
melanoma_9401,1.0,../../../data/hand_filtered_dataset/malignant/mel_train/melanoma_9401.jpg
ISIC_2620684,1.0,../../../data/ISIC_2024_Permissive_Training_Input/ISIC_2620684.jpg
ISIC_2026618,0.0,../../../data/ISIC_2024_Permissive_Training_Input/ISIC_2026618.jpg
melanoma_9024,1.0,../../../data/hand_filtered_dataset/malignant/mel_train/melanoma_9024.jpg
ISIC_5478428,0.0,../../../data/ISIC_2024_Permissive_Training_Input/ISIC_5478428.jpg
ISIC_7398759,0.0,../../../data/ISIC_2024_Permissive_Training_Input/ISIC_7398759.jpg
melanoma_9560,1.0,../../../data/hand_filtered_dataset/malignant/mel_train/melanoma_9560.jpg
melanoma_7971,1.0,../../../data/hand_filtered_dataset/malignant/mel_train/melanoma_7971.jpg
melanoma_9386,1.0,../../../data/hand_filtered_dataset/malignant/mel_train/melanoma_9386.jpg
ISIC_4399601,0.0,../../../data/ISIC_2024_Permissive_Training_Input/ISIC_4399601.jpg
ISIC_1752895,0.0,../../../data/ISIC_2024_Permissive_Training_Input/ISIC_1752895.jpg
ISIC_7309705,0.0,../../../data/ISIC_2024_Permissive_Training_Input/ISIC_7309705.jpg
melanoma_9202,1.0,../../../data/hand_filtered_dataset/malignant/mel_train/melanoma_9202.jpg
melanoma_5426,1.0,../../../data/hand_filtered_dataset/malignant/mel_train/melanoma_5426.jpg
ISIC_4659886,1.0,../../../data/ISIC_2024_Permissive_Training_Input/ISIC_4659886.jpg
melanoma_6448,1.0,../../../data/hand_filtered_dataset/malignant/mel_train/melanoma_6448.jpg
ISIC_4209290,0.0,../../../data/ISIC_2024_Permissive_Training_Input/ISIC_4209290.jpg
melanoma_9132,1.0,../../../data/hand_filtered_dataset/malignant/mel_train/melanoma_9132.jpg
ISIC_0520423,0.0,../../../data/ISIC_2024_Permissive_Training_Input/ISIC_0520423.jpg
melanoma_7200,1.0,../../../data/hand_filtered_dataset/malignant/mel_train/melanoma_7200.jpg
ISIC_0742737,0.0,../../../data/ISIC_2024_Permissive_Training_Input/ISIC_0742737.jpg
melanoma_6157,1.0,../../../data/hand_filtered_dataset/malignant/mel_train/melanoma_6157.jpg
ISIC_1133344,0.0,../../../data/ISIC_2024_Permissive_Training_Input/ISIC_1133344.jpg
ISIC_8992588,0.0,../../../data/ISIC_2024_Permissive_Training_Input/ISIC_8992588.jpg
ISIC_1029410,0.0,../../../data/ISIC_2024_Permissive_Training_Input/ISIC_1029410.jpg
melanoma_9025,1.0,../../../data/hand_filtered_dataset/malignant/mel_train/melanoma_9025.jpg
ISIC_2177320,0.0,../../../data/ISIC_2024_Permissive_Training_Input/ISIC_2177320.jpg
melanoma_7296,1.0,../../../data/hand_filtered_dataset/malignant/mel_train/melanoma_7296.jpg
ISIC_3955107,1.0,../../../data/ISIC_2024_Permissive_Training_Input/ISIC_3955107.jpg
melanoma_6201,1.0,../../../data/hand_filtered_dataset/malignant/mel_train/melanoma_6201.jpg
ISIC_0854414,0.0,../../../data/ISIC_2024_Permissive_Training_Input/ISIC_0854414.jpg
melanoma_5063,1.0,../../../data/hand_filtered_dataset/malignant/mel_train/melanoma_5063.jpg
melanoma_5084,1.0,../../../data/hand_filtered_dataset/malignant/mel_train/melanoma_5084.jpg
melanoma_9138,1.0,../../../data/hand_filtered_dataset/malignant/mel_train/melanoma_9138.jpg
ISIC_6989473,0.0,../../../data/ISIC_2024_Permissive_Training_Input/ISIC_6989473.jpg
melanoma_9376,1.0,../../../data/hand_filtered_dataset/malignant/mel_train/melanoma_9376.jpg
ISIC_4273089,0.0,../../../data/ISIC_2024_Permissive_Training_Input/ISIC_4273089.jpg
melanoma_5589,1.0,../../../data/hand_filtered_dataset/malignant/mel_train/melanoma_5589.jpg
ISIC_5625830,0.0,../../../data/ISIC_2024_Permissive_Training_Input/ISIC_5625830.jpg
melanoma_7771,1.0,../../../data/hand_filtered_dataset/malignant/mel_train/melanoma_7771.jpg
melanoma_9566,1.0,../../../data/hand_filtered_dataset/malignant/mel_train/melanoma_9566.jpg
ISIC_4760041,0.0,../../../data/ISIC_2024_Permissive_Training_Input/ISIC_4760041.jpg
ISIC_1641393,0.0,../../../data/ISIC_2024_Permissive_Training_Input/ISIC_1641393.jpg
melanoma_6347,1.0,../../../data/hand_filtered_dataset/malignant/mel_train/melanoma_6347.jpg
melanoma_5506,1.0,../../../data/hand_filtered_dataset/malignant/mel_train/melanoma_5506.jpg
ISIC_6377682,0.0,../../../data/ISIC_2024_Permissive_Training_Input/ISIC_6377682.jpg
ISIC_7569471,0.0,../../../data/ISIC_2024_Permissive_Training_Input/ISIC_7569471.jpg
ISIC_4793693,0.0,../../../data/ISIC_2024_Permissive_Training_Input/ISIC_4793693.jpg
melanoma_8594,1.0,../../../data/hand_filtered_dataset/malignant/mel_train/melanoma_8594.jpg
ISIC_7063646,0.0,../../../data/ISIC_2024_Permissive_Training_Input/ISIC_7063646.jpg
melanoma_9331,1.0,../../../data/hand_filtered_dataset/malignant/mel_train/melanoma_9331.jpg
melanoma_5873,1.0,../../../data/hand_filtered_dataset/malignant/mel_train/melanoma_5873.jpg
ISIC_8674406,0.0,../../../data/ISIC_2024_Permissive_Training_Input/ISIC_8674406.jpg
melanoma_5138,1.0,../../../data/hand_filtered_dataset/malignant/mel_train/melanoma_5138.jpg
ISIC_1736218,0.0,../../../data/ISIC_2024_Permissive_Training_Input/ISIC_1736218.jpg
ISIC_8876377,0.0,../../../data/ISIC_2024_Permissive_Training_Input/ISIC_8876377.jpg
ISIC_5211642,0.0,../../../data/ISIC_2024_Permissive_Training_Input/ISIC_5211642.jpg
ISIC_9420821,1.0,../../../data/ISIC_2024_Permissive_Training_Input/ISIC_9420821.jpg
ISIC_7970702,0.0,../../../data/ISIC_2024_Permissive_Training_Input/ISIC_7970702.jpg
ISIC_2351743,0.0,../../../data/ISIC_2024_Permissive_Training_Input/ISIC_2351743.jpg
ISIC_9145290,0.0,../../../data/ISIC_2024_Permissive_Training_Input/ISIC_9145290.jpg
ISIC_6156641,0.0,../../../data/ISIC_2024_Permissive_Training_Input/ISIC_6156641.jpg
melanoma_7540,1.0,../../../data/hand_filtered_dataset/malignant/mel_train/melanoma_7540.jpg
melanoma_8437,1.0,../../../data/hand_filtered_dataset/malignant/mel_train/melanoma_8437.jpg
ISIC_1072338,0.0,../../../data/ISIC_2024_Permissive_Training_Input/ISIC_1072338.jpg
ISIC_6776825,0.0,../../../data/ISIC_2024_Permissive_Training_Input/ISIC_6776825.jpg
ISIC_1741809,1.0,../../../data/ISIC_2024_Permissive_Training_Input/ISIC_1741809.jpg
ISIC_4423389,0.0,../../../data/ISIC_2024_Permissive_Training_Input/ISIC_4423389.jpg
ISIC_3797877,0.0,../../../data/ISIC_2024_Permissive_Training_Input/ISIC_3797877.jpg
melanoma_8676,1.0,../../../data/hand_filtered_dataset/malignant/mel_train/melanoma_8676.jpg
melanoma_5763,1.0,../../../data/hand_filtered_dataset/malignant/mel_train/melanoma_5763.jpg
melanoma_7269,1.0,../../../data/hand_filtered_dataset/malignant/mel_train/melanoma_7269.jpg
melanoma_9072,1.0,../../../data/hand_filtered_dataset/malignant/mel_train/melanoma_9072.jpg
ISIC_1508543,0.0,../../../data/ISIC_2024_Permissive_Training_Input/ISIC_1508543.jpg
melanoma_9329,1.0,../../../data/hand_filtered_dataset/malignant/mel_train/melanoma_9329.jpg
ISIC_7286542,0.0,../../../data/ISIC_2024_Permissive_Training_Input/ISIC_7286542.jpg
melanoma_6005,1.0,../../../data/hand_filtered_dataset/malignant/mel_train/melanoma_6005.jpg
ISIC_3484826,0.0,../../../data/ISIC_2024_Permissive_Training_Input/ISIC_3484826.jpg
ISIC_9801574,0.0,../../../data/ISIC_2024_Permissive_Training_Input/ISIC_9801574.jpg
ISIC_3247952,0.0,../../../data/ISIC_2024_Permissive_Training_Input/ISIC_3247952.jpg
melanoma_6838,1.0,../../../data/hand_filtered_dataset/malignant/mel_train/melanoma_6838.jpg
ISIC_3581982,1.0,../../../data/ISIC_2024_Permissive_Training_Input/ISIC_3581982.jpg
melanoma_9371,1.0,../../../data/hand_filtered_dataset/malignant/mel_train/melanoma_9371.jpg
melanoma_6355,1.0,../../../data/hand_filtered_dataset/malignant/mel_train/melanoma_6355.jpg
melanoma_6728,1.0,../../../data/hand_filtered_dataset/malignant/mel_train/melanoma_6728.jpg
ISIC_4515157,0.0,../../../data/ISIC_2024_Permissive_Training_Input/ISIC_4515157.jpg
ISIC_9549796,0.0,../../../data/ISIC_2024_Permissive_Training_Input/ISIC_9549796.jpg
melanoma_7712,1.0,../../../data/hand_filtered_dataset/malignant/mel_train/melanoma_7712.jpg
melanoma_5569,1.0,../../../data/hand_filtered_dataset/malignant/mel_train/melanoma_5569.jpg
melanoma_9159,1.0,../../../data/hand_filtered_dataset/malignant/mel_train/melanoma_9159.jpg
melanoma_8599,1.0,../../../data/hand_filtered_dataset/malignant/mel_train/melanoma_8599.jpg
melanoma_6070,1.0,../../../data/hand_filtered_dataset/malignant/mel_train/melanoma_6070.jpg
ISIC_2672127,0.0,../../../data/ISIC_2024_Permissive_Training_Input/ISIC_2672127.jpg
melanoma_7349,1.0,../../../data/hand_filtered_dataset/malignant/mel_train/melanoma_7349.jpg
melanoma_5280,1.0,../../../data/hand_filtered_dataset/malignant/mel_train/melanoma_5280.jpg
ISIC_4031360,0.0,../../../data/ISIC_2024_Permissive_Training_Input/ISIC_4031360.jpg
melanoma_9546,1.0,../../../data/hand_filtered_dataset/malignant/mel_train/melanoma_9546.jpg
ISIC_6937265,0.0,../../../data/ISIC_2024_Permissive_Training_Input/ISIC_6937265.jpg
ISIC_3379678,0.0,../../../data/ISIC_2024_Permissive_Training_Input/ISIC_3379678.jpg
melanoma_8983,1.0,../../../data/hand_filtered_dataset/malignant/mel_train/melanoma_8983.jpg
ISIC_8812262,0.0,../../../data/ISIC_2024_Permissive_Training_Input/ISIC_8812262.jpg
melanoma_7890,1.0,../../../data/hand_filtered_dataset/malignant/mel_train/melanoma_7890.jpg
ISIC_3005489,0.0,../../../data/ISIC_2024_Permissive_Training_Input/ISIC_3005489.jpg
ISIC_7291748,0.0,../../../data/ISIC_2024_Permissive_Training_Input/ISIC_7291748.jpg
melanoma_9555,1.0,../../../data/hand_filtered_dataset/malignant/mel_train/melanoma_9555.jpg
ISIC_9052467,0.0,../../../data/ISIC_2024_Permissive_Training_Input/ISIC_9052467.jpg
ISIC_3498683,1.0,../../../data/ISIC_2024_Permissive_Training_Input/ISIC_3498683.jpg
ISIC_6825190,0.0,../../../data/ISIC_2024_Permissive_Training_Input/ISIC_6825190.jpg
ISIC_7684865,0.0,../../../data/ISIC_2024_Permissive_Training_Input/ISIC_7684865.jpg
melanoma_5820,1.0,../../../data/hand_filtered_dataset/malignant/mel_train/melanoma_5820.jpg
ISIC_2064507,0.0,../../../data/ISIC_2024_Permissive_Training_Input/ISIC_2064507.jpg
ISIC_1714210,0.0,../../../data/ISIC_2024_Permissive_Training_Input/ISIC_1714210.jpg
ISIC_1935982,1.0,../../../data/ISIC_2024_Permissive_Training_Input/ISIC_1935982.jpg
melanoma_7842,1.0,../../../data/hand_filtered_dataset/malignant/mel_train/melanoma_7842.jpg
melanoma_8511,1.0,../../../data/hand_filtered_dataset/malignant/mel_train/melanoma_8511.jpg
melanoma_9398,1.0,../../../data/hand_filtered_dataset/malignant/mel_train/melanoma_9398.jpg
ISIC_4431729,0.0,../../../data/ISIC_2024_Permissive_Training_Input/ISIC_4431729.jpg
melanoma_8638,1.0,../../../data/hand_filtered_dataset/malignant/mel_train/melanoma_8638.jpg
ISIC_5758913,0.0,../../../data/ISIC_2024_Permissive_Training_Input/ISIC_5758913.jpg
ISIC_0456065,0.0,../../../data/ISIC_2024_Permissive_Training_Input/ISIC_0456065.jpg
ISIC_3243745,0.0,../../../data/ISIC_2024_Permissive_Training_Input/ISIC_3243745.jpg
melanoma_7386,1.0,../../../data/hand_filtered_dataset/malignant/mel_train/melanoma_7386.jpg
ISIC_0376310,0.0,../../../data/ISIC_2024_Permissive_Training_Input/ISIC_0376310.jpg
melanoma_7366,1.0,../../../data/hand_filtered_dataset/malignant/mel_train/melanoma_7366.jpg
melanoma_8845,1.0,../../../data/hand_filtered_dataset/malignant/mel_train/melanoma_8845.jpg
ISIC_2090244,1.0,../../../data/ISIC_2024_Permissive_Training_Input/ISIC_2090244.jpg
ISIC_2532733,0.0,../../../data/ISIC_2024_Permissive_Training_Input/ISIC_2532733.jpg
ISIC_1227759,0.0,../../../data/ISIC_2024_Permissive_Training_Input/ISIC_1227759.jpg
melanoma_6392,1.0,../../../data/hand_filtered_dataset/malignant/mel_train/melanoma_6392.jpg
ISIC_3190920,1.0,../../../data/ISIC_2024_Permissive_Training_Input/ISIC_3190920.jpg
ISIC_0794888,0.0,../../../data/ISIC_2024_Permissive_Training_Input/ISIC_0794888.jpg
ISIC_2841789,0.0,../../../data/ISIC_2024_Permissive_Training_Input/ISIC_2841789.jpg
ISIC_6421252,0.0,../../../data/ISIC_2024_Permissive_Training_Input/ISIC_6421252.jpg
ISIC_5204454,1.0,../../../data/ISIC_2024_Permissive_Training_Input/ISIC_5204454.jpg
ISIC_1431834,0.0,../../../data/ISIC_2024_Permissive_Training_Input/ISIC_1431834.jpg
ISIC_0139017,0.0,../../../data/ISIC_2024_Permissive_Training_Input/ISIC_0139017.jpg
ISIC_5605244,0.0,../../../data/ISIC_2024_Permissive_Training_Input/ISIC_5605244.jpg
ISIC_7782840,0.0,../../../data/ISIC_2024_Permissive_Training_Input/ISIC_7782840.jpg
melanoma_5812,1.0,../../../data/hand_filtered_dataset/malignant/mel_train/melanoma_5812.jpg
ISIC_0884108,0.0,../../../data/ISIC_2024_Permissive_Training_Input/ISIC_0884108.jpg
ISIC_4238466,0.0,../../../data/ISIC_2024_Permissive_Training_Input/ISIC_4238466.jpg
ISIC_6921722,0.0,../../../data/ISIC_2024_Permissive_Training_Input/ISIC_6921722.jpg
ISIC_3014027,0.0,../../../data/ISIC_2024_Permissive_Training_Input/ISIC_3014027.jpg
ISIC_5498814,1.0,../../../data/ISIC_2024_Permissive_Training_Input/ISIC_5498814.jpg
ISIC_6927939,0.0,../../../data/ISIC_2024_Permissive_Training_Input/ISIC_6927939.jpg
melanoma_6450,1.0,../../../data/hand_filtered_dataset/malignant/mel_train/melanoma_6450.jpg
ISIC_0529097,0.0,../../../data/ISIC_2024_Permissive_Training_Input/ISIC_0529097.jpg
melanoma_6472,1.0,../../../data/hand_filtered_dataset/malignant/mel_train/melanoma_6472.jpg
melanoma_8490,1.0,../../../data/hand_filtered_dataset/malignant/mel_train/melanoma_8490.jpg
ISIC_4495069,1.0,../../../data/ISIC_2024_Permissive_Training_Input/ISIC_4495069.jpg
melanoma_9604,1.0,../../../data/hand_filtered_dataset/malignant/mel_train/melanoma_9604.jpg
melanoma_7570,1.0,../../../data/hand_filtered_dataset/malignant/mel_train/melanoma_7570.jpg
ISIC_8730625,0.0,../../../data/ISIC_2024_Permissive_Training_Input/ISIC_8730625.jpg
melanoma_8682,1.0,../../../data/hand_filtered_dataset/malignant/mel_train/melanoma_8682.jpg
ISIC_1645097,1.0,../../../data/ISIC_2024_Permissive_Training_Input/ISIC_1645097.jpg
melanoma_8346,1.0,../../../data/hand_filtered_dataset/malignant/mel_train/melanoma_8346.jpg
ISIC_1997551,0.0,../../../data/ISIC_2024_Permissive_Training_Input/ISIC_1997551.jpg
melanoma_9194,1.0,../../../data/hand_filtered_dataset/malignant/mel_train/melanoma_9194.jpg
ISIC_8096613,0.0,../../../data/ISIC_2024_Permissive_Training_Input/ISIC_8096613.jpg
ISIC_0820093,0.0,../../../data/ISIC_2024_Permissive_Training_Input/ISIC_0820093.jpg
ISIC_3492053,0.0,../../../data/ISIC_2024_Permissive_Training_Input/ISIC_3492053.jpg
ISIC_6450183,0.0,../../../data/ISIC_2024_Permissive_Training_Input/ISIC_6450183.jpg
melanoma_7558,1.0,../../../data/hand_filtered_dataset/malignant/mel_train/melanoma_7558.jpg
ISIC_2195520,0.0,../../../data/ISIC_2024_Permissive_Training_Input/ISIC_2195520.jpg
melanoma_5460,1.0,../../../data/hand_filtered_dataset/malignant/mel_train/melanoma_5460.jpg
ISIC_8010849,0.0,../../../data/ISIC_2024_Permissive_Training_Input/ISIC_8010849.jpg
melanoma_9064,1.0,../../../data/hand_filtered_dataset/malignant/mel_train/melanoma_9064.jpg
ISIC_9690994,1.0,../../../data/ISIC_2024_Permissive_Training_Input/ISIC_9690994.jpg
melanoma_9124,1.0,../../../data/hand_filtered_dataset/malignant/mel_train/melanoma_9124.jpg
ISIC_2919974,0.0,../../../data/ISIC_2024_Permissive_Training_Input/ISIC_2919974.jpg
ISIC_4918628,0.0,../../../data/ISIC_2024_Permissive_Training_Input/ISIC_4918628.jpg
ISIC_9344622,0.0,../../../data/ISIC_2024_Permissive_Training_Input/ISIC_9344622.jpg
ISIC_7531423,0.0,../../../data/ISIC_2024_Permissive_Training_Input/ISIC_7531423.jpg
melanoma_6370,1.0,../../../data/hand_filtered_dataset/malignant/mel_train/melanoma_6370.jpg
ISIC_3141351,0.0,../../../data/ISIC_2024_Permissive_Training_Input/ISIC_3141351.jpg
ISIC_2220558,0.0,../../../data/ISIC_2024_Permissive_Training_Input/ISIC_2220558.jpg
ISIC_8741123,0.0,../../../data/ISIC_2024_Permissive_Training_Input/ISIC_8741123.jpg
melanoma_8390,1.0,../../../data/hand_filtered_dataset/malignant/mel_train/melanoma_8390.jpg
ISIC_4865682,0.0,../../../data/ISIC_2024_Permissive_Training_Input/ISIC_4865682.jpg
ISIC_1375685,0.0,../../../data/ISIC_2024_Permissive_Training_Input/ISIC_1375685.jpg
ISIC_0101995,0.0,../../../data/ISIC_2024_Permissive_Training_Input/ISIC_0101995.jpg
ISIC_3846027,0.0,../../../data/ISIC_2024_Permissive_Training_Input/ISIC_3846027.jpg
ISIC_4334984,0.0,../../../data/ISIC_2024_Permissive_Training_Input/ISIC_4334984.jpg
ISIC_6512049,0.0,../../../data/ISIC_2024_Permissive_Training_Input/ISIC_6512049.jpg
ISIC_3845118,0.0,../../../data/ISIC_2024_Permissive_Training_Input/ISIC_3845118.jpg
melanoma_9484,1.0,../../../data/hand_filtered_dataset/malignant/mel_train/melanoma_9484.jpg
ISIC_3937469,0.0,../../../data/ISIC_2024_Permissive_Training_Input/ISIC_3937469.jpg
melanoma_6971,1.0,../../../data/hand_filtered_dataset/malignant/mel_train/melanoma_6971.jpg
ISIC_4155077,0.0,../../../data/ISIC_2024_Permissive_Training_Input/ISIC_4155077.jpg
ISIC_7750127,0.0,../../../data/ISIC_2024_Permissive_Training_Input/ISIC_7750127.jpg
ISIC_7253558,0.0,../../../data/ISIC_2024_Permissive_Training_Input/ISIC_7253558.jpg
melanoma_9308,1.0,../../../data/hand_filtered_dataset/malignant/mel_train/melanoma_9308.jpg
ISIC_2673715,0.0,../../../data/ISIC_2024_Permissive_Training_Input/ISIC_2673715.jpg
ISIC_1185861,0.0,../../../data/ISIC_2024_Permissive_Training_Input/ISIC_1185861.jpg
melanoma_5618,1.0,../../../data/hand_filtered_dataset/malignant/mel_train/melanoma_5618.jpg
ISIC_0913925,0.0,../../../data/ISIC_2024_Permissive_Training_Input/ISIC_0913925.jpg
melanoma_7480,1.0,../../../data/hand_filtered_dataset/malignant/mel_train/melanoma_7480.jpg
ISIC_1214094,0.0,../../../data/ISIC_2024_Permissive_Training_Input/ISIC_1214094.jpg
melanoma_8521,1.0,../../../data/hand_filtered_dataset/malignant/mel_train/melanoma_8521.jpg
melanoma_6673,1.0,../../../data/hand_filtered_dataset/malignant/mel_train/melanoma_6673.jpg
ISIC_6740045,0.0,../../../data/ISIC_2024_Permissive_Training_Input/ISIC_6740045.jpg
ISIC_2795627,0.0,../../../data/ISIC_2024_Permissive_Training_Input/ISIC_2795627.jpg
ISIC_0247047,0.0,../../../data/ISIC_2024_Permissive_Training_Input/ISIC_0247047.jpg
ISIC_1623236,1.0,../../../data/ISIC_2024_Permissive_Training_Input/ISIC_1623236.jpg
ISIC_2090145,1.0,../../../data/ISIC_2024_Permissive_Training_Input/ISIC_2090145.jpg
melanoma_7235,1.0,../../../data/hand_filtered_dataset/malignant/mel_train/melanoma_7235.jpg
melanoma_6750,1.0,../../../data/hand_filtered_dataset/malignant/mel_train/melanoma_6750.jpg
ISIC_8304856,0.0,../../../data/ISIC_2024_Permissive_Training_Input/ISIC_8304856.jpg
ISIC_8109651,0.0,../../../data/ISIC_2024_Permissive_Training_Input/ISIC_8109651.jpg
melanoma_5502,1.0,../../../data/hand_filtered_dataset/malignant/mel_train/melanoma_5502.jpg
ISIC_0108850,0.0,../../../data/ISIC_2024_Permissive_Training_Input/ISIC_0108850.jpg
ISIC_7218421,0.0,../../../data/ISIC_2024_Permissive_Training_Input/ISIC_7218421.jpg
melanoma_8395,1.0,../../../data/hand_filtered_dataset/malignant/mel_train/melanoma_8395.jpg
ISIC_6426999,0.0,../../../data/ISIC_2024_Permissive_Training_Input/ISIC_6426999.jpg
ISIC_6487388,0.0,../../../data/ISIC_2024_Permissive_Training_Input/ISIC_6487388.jpg
ISIC_4705299,0.0,../../../data/ISIC_2024_Permissive_Training_Input/ISIC_4705299.jpg
ISIC_9805656,1.0,../../../data/ISIC_2024_Permissive_Training_Input/ISIC_9805656.jpg
melanoma_8536,1.0,../../../data/hand_filtered_dataset/malignant/mel_train/melanoma_8536.jpg
melanoma_7733,1.0,../../../data/hand_filtered_dataset/malignant/mel_train/melanoma_7733.jpg
melanoma_7319,1.0,../../../data/hand_filtered_dataset/malignant/mel_train/melanoma_7319.jpg
ISIC_5735409,0.0,../../../data/ISIC_2024_Permissive_Training_Input/ISIC_5735409.jpg
ISIC_9368309,0.0,../../../data/ISIC_2024_Permissive_Training_Input/ISIC_9368309.jpg
melanoma_8108,1.0,../../../data/hand_filtered_dataset/malignant/mel_train/melanoma_8108.jpg
ISIC_6045478,0.0,../../../data/ISIC_2024_Permissive_Training_Input/ISIC_6045478.jpg
melanoma_9332,1.0,../../../data/hand_filtered_dataset/malignant/mel_train/melanoma_9332.jpg
ISIC_3013752,0.0,../../../data/ISIC_2024_Permissive_Training_Input/ISIC_3013752.jpg
melanoma_9377,1.0,../../../data/hand_filtered_dataset/malignant/mel_train/melanoma_9377.jpg
ISIC_9848814,0.0,../../../data/ISIC_2024_Permissive_Training_Input/ISIC_9848814.jpg
ISIC_4574847,0.0,../../../data/ISIC_2024_Permissive_Training_Input/ISIC_4574847.jpg
melanoma_5535,1.0,../../../data/hand_filtered_dataset/malignant/mel_train/melanoma_5535.jpg
ISIC_8544240,0.0,../../../data/ISIC_2024_Permissive_Training_Input/ISIC_8544240.jpg
melanoma_8510,1.0,../../../data/hand_filtered_dataset/malignant/mel_train/melanoma_8510.jpg
ISIC_9526075,0.0,../../../data/ISIC_2024_Permissive_Training_Input/ISIC_9526075.jpg
melanoma_7250,1.0,../../../data/hand_filtered_dataset/malignant/mel_train/melanoma_7250.jpg
melanoma_5984,1.0,../../../data/hand_filtered_dataset/malignant/mel_train/melanoma_5984.jpg
melanoma_5048,1.0,../../../data/hand_filtered_dataset/malignant/mel_train/melanoma_5048.jpg
ISIC_3449222,0.0,../../../data/ISIC_2024_Permissive_Training_Input/ISIC_3449222.jpg
melanoma_6303,1.0,../../../data/hand_filtered_dataset/malignant/mel_train/melanoma_6303.jpg
ISIC_3467026,1.0,../../../data/ISIC_2024_Permissive_Training_Input/ISIC_3467026.jpg
melanoma_9119,1.0,../../../data/hand_filtered_dataset/malignant/mel_train/melanoma_9119.jpg
melanoma_8331,1.0,../../../data/hand_filtered_dataset/malignant/mel_train/melanoma_8331.jpg
ISIC_6424909,1.0,../../../data/ISIC_2024_Permissive_Training_Input/ISIC_6424909.jpg
ISIC_0209455,0.0,../../../data/ISIC_2024_Permissive_Training_Input/ISIC_0209455.jpg
melanoma_7279,1.0,../../../data/hand_filtered_dataset/malignant/mel_train/melanoma_7279.jpg
ISIC_9158668,0.0,../../../data/ISIC_2024_Permissive_Training_Input/ISIC_9158668.jpg
ISIC_2478966,0.0,../../../data/ISIC_2024_Permissive_Training_Input/ISIC_2478966.jpg
melanoma_8292,1.0,../../../data/hand_filtered_dataset/malignant/mel_train/melanoma_8292.jpg
ISIC_8959688,0.0,../../../data/ISIC_2024_Permissive_Training_Input/ISIC_8959688.jpg
ISIC_0687910,0.0,../../../data/ISIC_2024_Permissive_Training_Input/ISIC_0687910.jpg
ISIC_7808393,0.0,../../../data/ISIC_2024_Permissive_Training_Input/ISIC_7808393.jpg
ISIC_8368863,0.0,../../../data/ISIC_2024_Permissive_Training_Input/ISIC_8368863.jpg
melanoma_6145,1.0,../../../data/hand_filtered_dataset/malignant/mel_train/melanoma_6145.jpg
melanoma_6825,1.0,../../../data/hand_filtered_dataset/malignant/mel_train/melanoma_6825.jpg
ISIC_2539946,0.0,../../../data/ISIC_2024_Permissive_Training_Input/ISIC_2539946.jpg
melanoma_6123,1.0,../../../data/hand_filtered_dataset/malignant/mel_train/melanoma_6123.jpg
ISIC_3867076,0.0,../../../data/ISIC_2024_Permissive_Training_Input/ISIC_3867076.jpg
ISIC_4575638,0.0,../../../data/ISIC_2024_Permissive_Training_Input/ISIC_4575638.jpg
ISIC_3788991,0.0,../../../data/ISIC_2024_Permissive_Training_Input/ISIC_3788991.jpg
melanoma_9060,1.0,../../../data/hand_filtered_dataset/malignant/mel_train/melanoma_9060.jpg
melanoma_8444,1.0,../../../data/hand_filtered_dataset/malignant/mel_train/melanoma_8444.jpg
ISIC_6071030,0.0,../../../data/ISIC_2024_Permissive_Training_Input/ISIC_6071030.jpg
melanoma_9244,1.0,../../../data/hand_filtered_dataset/malignant/mel_train/melanoma_9244.jpg
ISIC_7966055,0.0,../../../data/ISIC_2024_Permissive_Training_Input/ISIC_7966055.jpg
melanoma_5279,1.0,../../../data/hand_filtered_dataset/malignant/mel_train/melanoma_5279.jpg
melanoma_6089,1.0,../../../data/hand_filtered_dataset/malignant/mel_train/melanoma_6089.jpg
ISIC_7026299,1.0,../../../data/ISIC_2024_Permissive_Training_Input/ISIC_7026299.jpg
melanoma_5103,1.0,../../../data/hand_filtered_dataset/malignant/mel_train/melanoma_5103.jpg
ISIC_0595723,0.0,../../../data/ISIC_2024_Permissive_Training_Input/ISIC_0595723.jpg
ISIC_1322038,0.0,../../../data/ISIC_2024_Permissive_Training_Input/ISIC_1322038.jpg
melanoma_9530,1.0,../../../data/hand_filtered_dataset/malignant/mel_train/melanoma_9530.jpg
ISIC_0680136,0.0,../../../data/ISIC_2024_Permissive_Training_Input/ISIC_0680136.jpg
melanoma_5191,1.0,../../../data/hand_filtered_dataset/malignant/mel_train/melanoma_5191.jpg
ISIC_9932535,0.0,../../../data/ISIC_2024_Permissive_Training_Input/ISIC_9932535.jpg
melanoma_7505,1.0,../../../data/hand_filtered_dataset/malignant/mel_train/melanoma_7505.jpg
melanoma_6941,1.0,../../../data/hand_filtered_dataset/malignant/mel_train/melanoma_6941.jpg
ISIC_4654132,0.0,../../../data/ISIC_2024_Permissive_Training_Input/ISIC_4654132.jpg
melanoma_9098,1.0,../../../data/hand_filtered_dataset/malignant/mel_train/melanoma_9098.jpg
melanoma_8303,1.0,../../../data/hand_filtered_dataset/malignant/mel_train/melanoma_8303.jpg
melanoma_9112,1.0,../../../data/hand_filtered_dataset/malignant/mel_train/melanoma_9112.jpg
melanoma_6713,1.0,../../../data/hand_filtered_dataset/malignant/mel_train/melanoma_6713.jpg
ISIC_8757483,0.0,../../../data/ISIC_2024_Permissive_Training_Input/ISIC_8757483.jpg
ISIC_1650412,0.0,../../../data/ISIC_2024_Permissive_Training_Input/ISIC_1650412.jpg
melanoma_9442,1.0,../../../data/hand_filtered_dataset/malignant/mel_train/melanoma_9442.jpg
ISIC_1741892,0.0,../../../data/ISIC_2024_Permissive_Training_Input/ISIC_1741892.jpg
melanoma_5720,1.0,../../../data/hand_filtered_dataset/malignant/mel_train/melanoma_5720.jpg
ISIC_9256462,0.0,../../../data/ISIC_2024_Permissive_Training_Input/ISIC_9256462.jpg
melanoma_7345,1.0,../../../data/hand_filtered_dataset/malignant/mel_train/melanoma_7345.jpg
melanoma_8189,1.0,../../../data/hand_filtered_dataset/malignant/mel_train/melanoma_8189.jpg
ISIC_0590651,0.0,../../../data/ISIC_2024_Permissive_Training_Input/ISIC_0590651.jpg
ISIC_4601725,0.0,../../../data/ISIC_2024_Permissive_Training_Input/ISIC_4601725.jpg
melanoma_7544,1.0,../../../data/hand_filtered_dataset/malignant/mel_train/melanoma_7544.jpg
ISIC_7285904,1.0,../../../data/ISIC_2024_Permissive_Training_Input/ISIC_7285904.jpg
ISIC_5293274,0.0,../../../data/ISIC_2024_Permissive_Training_Input/ISIC_5293274.jpg
ISIC_4951801,0.0,../../../data/ISIC_2024_Permissive_Training_Input/ISIC_4951801.jpg
ISIC_0467830,1.0,../../../data/ISIC_2024_Permissive_Training_Input/ISIC_0467830.jpg
ISIC_6882263,0.0,../../../data/ISIC_2024_Permissive_Training_Input/ISIC_6882263.jpg
ISIC_4543612,0.0,../../../data/ISIC_2024_Permissive_Training_Input/ISIC_4543612.jpg
ISIC_9596387,0.0,../../../data/ISIC_2024_Permissive_Training_Input/ISIC_9596387.jpg
ISIC_0999710,0.0,../../../data/ISIC_2024_Permissive_Training_Input/ISIC_0999710.jpg
melanoma_8702,1.0,../../../data/hand_filtered_dataset/malignant/mel_train/melanoma_8702.jpg
melanoma_5262,1.0,../../../data/hand_filtered_dataset/malignant/mel_train/melanoma_5262.jpg
ISIC_5783485,1.0,../../../data/ISIC_2024_Permissive_Training_Input/ISIC_5783485.jpg
ISIC_4974104,1.0,../../../data/ISIC_2024_Permissive_Training_Input/ISIC_4974104.jpg
ISIC_4450662,0.0,../../../data/ISIC_2024_Permissive_Training_Input/ISIC_4450662.jpg
ISIC_0584329,0.0,../../../data/ISIC_2024_Permissive_Training_Input/ISIC_0584329.jpg
melanoma_7258,1.0,../../../data/hand_filtered_dataset/malignant/mel_train/melanoma_7258.jpg
melanoma_5047,1.0,../../../data/hand_filtered_dataset/malignant/mel_train/melanoma_5047.jpg
melanoma_5432,1.0,../../../data/hand_filtered_dataset/malignant/mel_train/melanoma_5432.jpg
ISIC_1228869,0.0,../../../data/ISIC_2024_Permissive_Training_Input/ISIC_1228869.jpg
ISIC_6081670,0.0,../../../data/ISIC_2024_Permissive_Training_Input/ISIC_6081670.jpg
melanoma_5420,1.0,../../../data/hand_filtered_dataset/malignant/mel_train/melanoma_5420.jpg
melanoma_7496,1.0,../../../data/hand_filtered_dataset/malignant/mel_train/melanoma_7496.jpg
melanoma_7881,1.0,../../../data/hand_filtered_dataset/malignant/mel_train/melanoma_7881.jpg
ISIC_1217551,1.0,../../../data/ISIC_2024_Permissive_Training_Input/ISIC_1217551.jpg
melanoma_5408,1.0,../../../data/hand_filtered_dataset/malignant/mel_train/melanoma_5408.jpg
melanoma_9198,1.0,../../../data/hand_filtered_dataset/malignant/mel_train/melanoma_9198.jpg
melanoma_5550,1.0,../../../data/hand_filtered_dataset/malignant/mel_train/melanoma_5550.jpg
melanoma_9567,1.0,../../../data/hand_filtered_dataset/malignant/mel_train/melanoma_9567.jpg
melanoma_9525,1.0,../../../data/hand_filtered_dataset/malignant/mel_train/melanoma_9525.jpg
melanoma_7012,1.0,../../../data/hand_filtered_dataset/malignant/mel_train/melanoma_7012.jpg
melanoma_6566,1.0,../../../data/hand_filtered_dataset/malignant/mel_train/melanoma_6566.jpg
ISIC_5003767,0.0,../../../data/ISIC_2024_Permissive_Training_Input/ISIC_5003767.jpg
ISIC_3939328,0.0,../../../data/ISIC_2024_Permissive_Training_Input/ISIC_3939328.jpg
ISIC_0668988,0.0,../../../data/ISIC_2024_Permissive_Training_Input/ISIC_0668988.jpg
ISIC_9075867,0.0,../../../data/ISIC_2024_Permissive_Training_Input/ISIC_9075867.jpg
melanoma_5761,1.0,../../../data/hand_filtered_dataset/malignant/mel_train/melanoma_5761.jpg
melanoma_6820,1.0,../../../data/hand_filtered_dataset/malignant/mel_train/melanoma_6820.jpg
melanoma_6775,1.0,../../../data/hand_filtered_dataset/malignant/mel_train/melanoma_6775.jpg
melanoma_8173,1.0,../../../data/hand_filtered_dataset/malignant/mel_train/melanoma_8173.jpg
melanoma_9266,1.0,../../../data/hand_filtered_dataset/malignant/mel_train/melanoma_9266.jpg
melanoma_9114,1.0,../../../data/hand_filtered_dataset/malignant/mel_train/melanoma_9114.jpg
ISIC_8909674,0.0,../../../data/ISIC_2024_Permissive_Training_Input/ISIC_8909674.jpg
melanoma_9368,1.0,../../../data/hand_filtered_dataset/malignant/mel_train/melanoma_9368.jpg
ISIC_2553133,0.0,../../../data/ISIC_2024_Permissive_Training_Input/ISIC_2553133.jpg
melanoma_5642,1.0,../../../data/hand_filtered_dataset/malignant/mel_train/melanoma_5642.jpg
ISIC_3452345,0.0,../../../data/ISIC_2024_Permissive_Training_Input/ISIC_3452345.jpg
ISIC_3798141,0.0,../../../data/ISIC_2024_Permissive_Training_Input/ISIC_3798141.jpg
melanoma_9267,1.0,../../../data/hand_filtered_dataset/malignant/mel_train/melanoma_9267.jpg
ISIC_7436662,0.0,../../../data/ISIC_2024_Permissive_Training_Input/ISIC_7436662.jpg
ISIC_4732829,0.0,../../../data/ISIC_2024_Permissive_Training_Input/ISIC_4732829.jpg
melanoma_5250,1.0,../../../data/hand_filtered_dataset/malignant/mel_train/melanoma_5250.jpg
ISIC_6808361,0.0,../../../data/ISIC_2024_Permissive_Training_Input/ISIC_6808361.jpg
ISIC_0964373,0.0,../../../data/ISIC_2024_Permissive_Training_Input/ISIC_0964373.jpg
ISIC_4186819,0.0,../../../data/ISIC_2024_Permissive_Training_Input/ISIC_4186819.jpg
ISIC_5762031,1.0,../../../data/ISIC_2024_Permissive_Training_Input/ISIC_5762031.jpg
melanoma_5760,1.0,../../../data/hand_filtered_dataset/malignant/mel_train/melanoma_5760.jpg
melanoma_6698,1.0,../../../data/hand_filtered_dataset/malignant/mel_train/melanoma_6698.jpg
ISIC_2391122,0.0,../../../data/ISIC_2024_Permissive_Training_Input/ISIC_2391122.jpg
ISIC_2453571,0.0,../../../data/ISIC_2024_Permissive_Training_Input/ISIC_2453571.jpg
ISIC_1003877,0.0,../../../data/ISIC_2024_Permissive_Training_Input/ISIC_1003877.jpg
melanoma_9240,1.0,../../../data/hand_filtered_dataset/malignant/mel_train/melanoma_9240.jpg
ISIC_4188119,0.0,../../../data/ISIC_2024_Permissive_Training_Input/ISIC_4188119.jpg
melanoma_7745,1.0,../../../data/hand_filtered_dataset/malignant/mel_train/melanoma_7745.jpg
ISIC_2861329,0.0,../../../data/ISIC_2024_Permissive_Training_Input/ISIC_2861329.jpg
ISIC_8850488,1.0,../../../data/ISIC_2024_Permissive_Training_Input/ISIC_8850488.jpg
ISIC_1816423,0.0,../../../data/ISIC_2024_Permissive_Training_Input/ISIC_1816423.jpg
ISIC_7329678,0.0,../../../data/ISIC_2024_Permissive_Training_Input/ISIC_7329678.jpg
ISIC_5072036,0.0,../../../data/ISIC_2024_Permissive_Training_Input/ISIC_5072036.jpg
ISIC_7379611,0.0,../../../data/ISIC_2024_Permissive_Training_Input/ISIC_7379611.jpg
melanoma_5636,1.0,../../../data/hand_filtered_dataset/malignant/mel_train/melanoma_5636.jpg
ISIC_9994034,0.0,../../../data/ISIC_2024_Permissive_Training_Input/ISIC_9994034.jpg
melanoma_5868,1.0,../../../data/hand_filtered_dataset/malignant/mel_train/melanoma_5868.jpg
ISIC_5677411,0.0,../../../data/ISIC_2024_Permissive_Training_Input/ISIC_5677411.jpg
melanoma_7695,1.0,../../../data/hand_filtered_dataset/malignant/mel_train/melanoma_7695.jpg
melanoma_9128,1.0,../../../data/hand_filtered_dataset/malignant/mel_train/melanoma_9128.jpg
melanoma_5931,1.0,../../../data/hand_filtered_dataset/malignant/mel_train/melanoma_5931.jpg
ISIC_2545052,0.0,../../../data/ISIC_2024_Permissive_Training_Input/ISIC_2545052.jpg
melanoma_5036,1.0,../../../data/hand_filtered_dataset/malignant/mel_train/melanoma_5036.jpg
ISIC_5104614,0.0,../../../data/ISIC_2024_Permissive_Training_Input/ISIC_5104614.jpg
melanoma_6007,1.0,../../../data/hand_filtered_dataset/malignant/mel_train/melanoma_6007.jpg
ISIC_7345924,0.0,../../../data/ISIC_2024_Permissive_Training_Input/ISIC_7345924.jpg
melanoma_5274,1.0,../../../data/hand_filtered_dataset/malignant/mel_train/melanoma_5274.jpg
ISIC_8748556,0.0,../../../data/ISIC_2024_Permissive_Training_Input/ISIC_8748556.jpg
ISIC_6553554,0.0,../../../data/ISIC_2024_Permissive_Training_Input/ISIC_6553554.jpg
ISIC_3741198,0.0,../../../data/ISIC_2024_Permissive_Training_Input/ISIC_3741198.jpg
melanoma_5905,1.0,../../../data/hand_filtered_dataset/malignant/mel_train/melanoma_5905.jpg
ISIC_3074641,0.0,../../../data/ISIC_2024_Permissive_Training_Input/ISIC_3074641.jpg
ISIC_4007803,0.0,../../../data/ISIC_2024_Permissive_Training_Input/ISIC_4007803.jpg
ISIC_8927029,0.0,../../../data/ISIC_2024_Permissive_Training_Input/ISIC_8927029.jpg
melanoma_6258,1.0,../../../data/hand_filtered_dataset/malignant/mel_train/melanoma_6258.jpg
melanoma_7058,1.0,../../../data/hand_filtered_dataset/malignant/mel_train/melanoma_7058.jpg
ISIC_2340524,0.0,../../../data/ISIC_2024_Permissive_Training_Input/ISIC_2340524.jpg
ISIC_0240078,0.0,../../../data/ISIC_2024_Permissive_Training_Input/ISIC_0240078.jpg
melanoma_9403,1.0,../../../data/hand_filtered_dataset/malignant/mel_train/melanoma_9403.jpg
melanoma_7977,1.0,../../../data/hand_filtered_dataset/malignant/mel_train/melanoma_7977.jpg
melanoma_7437,1.0,../../../data/hand_filtered_dataset/malignant/mel_train/melanoma_7437.jpg
ISIC_0857078,0.0,../../../data/ISIC_2024_Permissive_Training_Input/ISIC_0857078.jpg
ISIC_7885073,0.0,../../../data/ISIC_2024_Permissive_Training_Input/ISIC_7885073.jpg
melanoma_6268,1.0,../../../data/hand_filtered_dataset/malignant/mel_train/melanoma_6268.jpg
ISIC_0482210,0.0,../../../data/ISIC_2024_Permissive_Training_Input/ISIC_0482210.jpg
ISIC_2337553,0.0,../../../data/ISIC_2024_Permissive_Training_Input/ISIC_2337553.jpg
melanoma_5723,1.0,../../../data/hand_filtered_dataset/malignant/mel_train/melanoma_5723.jpg
ISIC_1473066,0.0,../../../data/ISIC_2024_Permissive_Training_Input/ISIC_1473066.jpg
ISIC_9972877,1.0,../../../data/ISIC_2024_Permissive_Training_Input/ISIC_9972877.jpg
melanoma_5740,1.0,../../../data/hand_filtered_dataset/malignant/mel_train/melanoma_5740.jpg
melanoma_7378,1.0,../../../data/hand_filtered_dataset/malignant/mel_train/melanoma_7378.jpg
ISIC_5621774,0.0,../../../data/ISIC_2024_Permissive_Training_Input/ISIC_5621774.jpg
ISIC_0845004,0.0,../../../data/ISIC_2024_Permissive_Training_Input/ISIC_0845004.jpg
ISIC_3086407,0.0,../../../data/ISIC_2024_Permissive_Training_Input/ISIC_3086407.jpg
melanoma_6009,1.0,../../../data/hand_filtered_dataset/malignant/mel_train/melanoma_6009.jpg
melanoma_7941,1.0,../../../data/hand_filtered_dataset/malignant/mel_train/melanoma_7941.jpg
ISIC_4004700,0.0,../../../data/ISIC_2024_Permissive_Training_Input/ISIC_4004700.jpg
ISIC_3721080,1.0,../../../data/ISIC_2024_Permissive_Training_Input/ISIC_3721080.jpg
melanoma_8341,1.0,../../../data/hand_filtered_dataset/malignant/mel_train/melanoma_8341.jpg
ISIC_6101091,0.0,../../../data/ISIC_2024_Permissive_Training_Input/ISIC_6101091.jpg
ISIC_8933087,0.0,../../../data/ISIC_2024_Permissive_Training_Input/ISIC_8933087.jpg
ISIC_6744043,0.0,../../../data/ISIC_2024_Permissive_Training_Input/ISIC_6744043.jpg
melanoma_6970,1.0,../../../data/hand_filtered_dataset/malignant/mel_train/melanoma_6970.jpg
ISIC_2826108,0.0,../../../data/ISIC_2024_Permissive_Training_Input/ISIC_2826108.jpg
ISIC_1492294,0.0,../../../data/ISIC_2024_Permissive_Training_Input/ISIC_1492294.jpg
melanoma_5590,1.0,../../../data/hand_filtered_dataset/malignant/mel_train/melanoma_5590.jpg
ISIC_4495429,1.0,../../../data/ISIC_2024_Permissive_Training_Input/ISIC_4495429.jpg
ISIC_3961706,0.0,../../../data/ISIC_2024_Permissive_Training_Input/ISIC_3961706.jpg
ISIC_2262361,0.0,../../../data/ISIC_2024_Permissive_Training_Input/ISIC_2262361.jpg
ISIC_9072041,0.0,../../../data/ISIC_2024_Permissive_Training_Input/ISIC_9072041.jpg
melanoma_6446,1.0,../../../data/hand_filtered_dataset/malignant/mel_train/melanoma_6446.jpg
melanoma_6262,1.0,../../../data/hand_filtered_dataset/malignant/mel_train/melanoma_6262.jpg
melanoma_5668,1.0,../../../data/hand_filtered_dataset/malignant/mel_train/melanoma_5668.jpg
melanoma_9334,1.0,../../../data/hand_filtered_dataset/malignant/mel_train/melanoma_9334.jpg
melanoma_5003,1.0,../../../data/hand_filtered_dataset/malignant/mel_train/melanoma_5003.jpg
ISIC_0982234,0.0,../../../data/ISIC_2024_Permissive_Training_Input/ISIC_0982234.jpg
melanoma_5444,1.0,../../../data/hand_filtered_dataset/malignant/mel_train/melanoma_5444.jpg
ISIC_6913981,0.0,../../../data/ISIC_2024_Permissive_Training_Input/ISIC_6913981.jpg
ISIC_9389063,0.0,../../../data/ISIC_2024_Permissive_Training_Input/ISIC_9389063.jpg
melanoma_7841,1.0,../../../data/hand_filtered_dataset/malignant/mel_train/melanoma_7841.jpg
ISIC_5653007,0.0,../../../data/ISIC_2024_Permissive_Training_Input/ISIC_5653007.jpg
melanoma_7252,1.0,../../../data/hand_filtered_dataset/malignant/mel_train/melanoma_7252.jpg
melanoma_7921,1.0,../../../data/hand_filtered_dataset/malignant/mel_train/melanoma_7921.jpg
ISIC_8539265,0.0,../../../data/ISIC_2024_Permissive_Training_Input/ISIC_8539265.jpg
melanoma_6822,1.0,../../../data/hand_filtered_dataset/malignant/mel_train/melanoma_6822.jpg
ISIC_9457700,0.0,../../../data/ISIC_2024_Permissive_Training_Input/ISIC_9457700.jpg
melanoma_9185,1.0,../../../data/hand_filtered_dataset/malignant/mel_train/melanoma_9185.jpg
ISIC_8628882,0.0,../../../data/ISIC_2024_Permissive_Training_Input/ISIC_8628882.jpg
ISIC_7204087,0.0,../../../data/ISIC_2024_Permissive_Training_Input/ISIC_7204087.jpg
ISIC_6415749,0.0,../../../data/ISIC_2024_Permissive_Training_Input/ISIC_6415749.jpg
melanoma_5637,1.0,../../../data/hand_filtered_dataset/malignant/mel_train/melanoma_5637.jpg
ISIC_5772614,0.0,../../../data/ISIC_2024_Permissive_Training_Input/ISIC_5772614.jpg
melanoma_8848,1.0,../../../data/hand_filtered_dataset/malignant/mel_train/melanoma_8848.jpg
ISIC_8355824,0.0,../../../data/ISIC_2024_Permissive_Training_Input/ISIC_8355824.jpg
ISIC_8110460,1.0,../../../data/ISIC_2024_Permissive_Training_Input/ISIC_8110460.jpg
melanoma_5940,1.0,../../../data/hand_filtered_dataset/malignant/mel_train/melanoma_5940.jpg
ISIC_1002862,0.0,../../../data/ISIC_2024_Permissive_Training_Input/ISIC_1002862.jpg
melanoma_6373,1.0,../../../data/hand_filtered_dataset/malignant/mel_train/melanoma_6373.jpg
ISIC_7524074,0.0,../../../data/ISIC_2024_Permissive_Training_Input/ISIC_7524074.jpg
melanoma_8699,1.0,../../../data/hand_filtered_dataset/malignant/mel_train/melanoma_8699.jpg
melanoma_5443,1.0,../../../data/hand_filtered_dataset/malignant/mel_train/melanoma_5443.jpg
melanoma_5042,1.0,../../../data/hand_filtered_dataset/malignant/mel_train/melanoma_5042.jpg
melanoma_9378,1.0,../../../data/hand_filtered_dataset/malignant/mel_train/melanoma_9378.jpg
melanoma_5388,1.0,../../../data/hand_filtered_dataset/malignant/mel_train/melanoma_5388.jpg
melanoma_7780,1.0,../../../data/hand_filtered_dataset/malignant/mel_train/melanoma_7780.jpg
ISIC_9071980,0.0,../../../data/ISIC_2024_Permissive_Training_Input/ISIC_9071980.jpg
ISIC_8592612,0.0,../../../data/ISIC_2024_Permissive_Training_Input/ISIC_8592612.jpg
melanoma_5145,1.0,../../../data/hand_filtered_dataset/malignant/mel_train/melanoma_5145.jpg
ISIC_0424052,0.0,../../../data/ISIC_2024_Permissive_Training_Input/ISIC_0424052.jpg
ISIC_7307297,1.0,../../../data/ISIC_2024_Permissive_Training_Input/ISIC_7307297.jpg
melanoma_7100,1.0,../../../data/hand_filtered_dataset/malignant/mel_train/melanoma_7100.jpg
melanoma_7908,1.0,../../../data/hand_filtered_dataset/malignant/mel_train/melanoma_7908.jpg
ISIC_5274760,0.0,../../../data/ISIC_2024_Permissive_Training_Input/ISIC_5274760.jpg
ISIC_0914577,0.0,../../../data/ISIC_2024_Permissive_Training_Input/ISIC_0914577.jpg
melanoma_7118,1.0,../../../data/hand_filtered_dataset/malignant/mel_train/melanoma_7118.jpg
ISIC_7720113,0.0,../../../data/ISIC_2024_Permissive_Training_Input/ISIC_7720113.jpg
melanoma_8492,1.0,../../../data/hand_filtered_dataset/malignant/mel_train/melanoma_8492.jpg
melanoma_6111,1.0,../../../data/hand_filtered_dataset/malignant/mel_train/melanoma_6111.jpg
melanoma_5363,1.0,../../../data/hand_filtered_dataset/malignant/mel_train/melanoma_5363.jpg
melanoma_7852,1.0,../../../data/hand_filtered_dataset/malignant/mel_train/melanoma_7852.jpg
melanoma_7739,1.0,../../../data/hand_filtered_dataset/malignant/mel_train/melanoma_7739.jpg
melanoma_6322,1.0,../../../data/hand_filtered_dataset/malignant/mel_train/melanoma_6322.jpg
ISIC_8897372,0.0,../../../data/ISIC_2024_Permissive_Training_Input/ISIC_8897372.jpg
ISIC_6429128,1.0,../../../data/ISIC_2024_Permissive_Training_Input/ISIC_6429128.jpg
melanoma_8085,1.0,../../../data/hand_filtered_dataset/malignant/mel_train/melanoma_8085.jpg
ISIC_6802260,0.0,../../../data/ISIC_2024_Permissive_Training_Input/ISIC_6802260.jpg
melanoma_7607,1.0,../../../data/hand_filtered_dataset/malignant/mel_train/melanoma_7607.jpg
melanoma_7397,1.0,../../../data/hand_filtered_dataset/malignant/mel_train/melanoma_7397.jpg
ISIC_7836302,0.0,../../../data/ISIC_2024_Permissive_Training_Input/ISIC_7836302.jpg
melanoma_5769,1.0,../../../data/hand_filtered_dataset/malignant/mel_train/melanoma_5769.jpg
ISIC_5451340,0.0,../../../data/ISIC_2024_Permissive_Training_Input/ISIC_5451340.jpg
ISIC_9468505,0.0,../../../data/ISIC_2024_Permissive_Training_Input/ISIC_9468505.jpg
melanoma_5148,1.0,../../../data/hand_filtered_dataset/malignant/mel_train/melanoma_5148.jpg
ISIC_0359708,0.0,../../../data/ISIC_2024_Permissive_Training_Input/ISIC_0359708.jpg
ISIC_7570694,0.0,../../../data/ISIC_2024_Permissive_Training_Input/ISIC_7570694.jpg
ISIC_8163311,0.0,../../../data/ISIC_2024_Permissive_Training_Input/ISIC_8163311.jpg
ISIC_9432615,0.0,../../../data/ISIC_2024_Permissive_Training_Input/ISIC_9432615.jpg
ISIC_1444003,0.0,../../../data/ISIC_2024_Permissive_Training_Input/ISIC_1444003.jpg
melanoma_6721,1.0,../../../data/hand_filtered_dataset/malignant/mel_train/melanoma_6721.jpg
ISIC_5400274,0.0,../../../data/ISIC_2024_Permissive_Training_Input/ISIC_5400274.jpg
ISIC_4754465,0.0,../../../data/ISIC_2024_Permissive_Training_Input/ISIC_4754465.jpg
melanoma_7527,1.0,../../../data/hand_filtered_dataset/malignant/mel_train/melanoma_7527.jpg
melanoma_9571,1.0,../../../data/hand_filtered_dataset/malignant/mel_train/melanoma_9571.jpg
melanoma_6495,1.0,../../../data/hand_filtered_dataset/malignant/mel_train/melanoma_6495.jpg
ISIC_2890270,0.0,../../../data/ISIC_2024_Permissive_Training_Input/ISIC_2890270.jpg
ISIC_8934132,0.0,../../../data/ISIC_2024_Permissive_Training_Input/ISIC_8934132.jpg
ISIC_2795494,0.0,../../../data/ISIC_2024_Permissive_Training_Input/ISIC_2795494.jpg
melanoma_5748,1.0,../../../data/hand_filtered_dataset/malignant/mel_train/melanoma_5748.jpg
ISIC_1778125,0.0,../../../data/ISIC_2024_Permissive_Training_Input/ISIC_1778125.jpg
melanoma_9543,1.0,../../../data/hand_filtered_dataset/malignant/mel_train/melanoma_9543.jpg
melanoma_7783,1.0,../../../data/hand_filtered_dataset/malignant/mel_train/melanoma_7783.jpg
ISIC_0843928,0.0,../../../data/ISIC_2024_Permissive_Training_Input/ISIC_0843928.jpg
ISIC_4047848,0.0,../../../data/ISIC_2024_Permissive_Training_Input/ISIC_4047848.jpg
ISIC_7938299,0.0,../../../data/ISIC_2024_Permissive_Training_Input/ISIC_7938299.jpg
ISIC_5617553,0.0,../../../data/ISIC_2024_Permissive_Training_Input/ISIC_5617553.jpg
ISIC_3197269,0.0,../../../data/ISIC_2024_Permissive_Training_Input/ISIC_3197269.jpg
melanoma_9147,1.0,../../../data/hand_filtered_dataset/malignant/mel_train/melanoma_9147.jpg
ISIC_0699392,0.0,../../../data/ISIC_2024_Permissive_Training_Input/ISIC_0699392.jpg
ISIC_3964079,1.0,../../../data/ISIC_2024_Permissive_Training_Input/ISIC_3964079.jpg
melanoma_8663,1.0,../../../data/hand_filtered_dataset/malignant/mel_train/melanoma_8663.jpg
melanoma_9247,1.0,../../../data/hand_filtered_dataset/malignant/mel_train/melanoma_9247.jpg
ISIC_2409147,0.0,../../../data/ISIC_2024_Permissive_Training_Input/ISIC_2409147.jpg
melanoma_7168,1.0,../../../data/hand_filtered_dataset/malignant/mel_train/melanoma_7168.jpg
ISIC_6546372,0.0,../../../data/ISIC_2024_Permissive_Training_Input/ISIC_6546372.jpg
melanoma_5009,1.0,../../../data/hand_filtered_dataset/malignant/mel_train/melanoma_5009.jpg
ISIC_4629159,1.0,../../../data/ISIC_2024_Permissive_Training_Input/ISIC_4629159.jpg
ISIC_7368627,0.0,../../../data/ISIC_2024_Permissive_Training_Input/ISIC_7368627.jpg
ISIC_4290370,0.0,../../../data/ISIC_2024_Permissive_Training_Input/ISIC_4290370.jpg
ISIC_7455165,0.0,../../../data/ISIC_2024_Permissive_Training_Input/ISIC_7455165.jpg
melanoma_7894,1.0,../../../data/hand_filtered_dataset/malignant/mel_train/melanoma_7894.jpg
melanoma_8674,1.0,../../../data/hand_filtered_dataset/malignant/mel_train/melanoma_8674.jpg
ISIC_0594662,0.0,../../../data/ISIC_2024_Permissive_Training_Input/ISIC_0594662.jpg
melanoma_7328,1.0,../../../data/hand_filtered_dataset/malignant/mel_train/melanoma_7328.jpg
ISIC_9391314,0.0,../../../data/ISIC_2024_Permissive_Training_Input/ISIC_9391314.jpg
melanoma_9502,1.0,../../../data/hand_filtered_dataset/malignant/mel_train/melanoma_9502.jpg
ISIC_5504034,0.0,../../../data/ISIC_2024_Permissive_Training_Input/ISIC_5504034.jpg
ISIC_4377449,0.0,../../../data/ISIC_2024_Permissive_Training_Input/ISIC_4377449.jpg
ISIC_2560382,0.0,../../../data/ISIC_2024_Permissive_Training_Input/ISIC_2560382.jpg
melanoma_5352,1.0,../../../data/hand_filtered_dataset/malignant/mel_train/melanoma_5352.jpg
ISIC_1305920,0.0,../../../data/ISIC_2024_Permissive_Training_Input/ISIC_1305920.jpg
melanoma_6910,1.0,../../../data/hand_filtered_dataset/malignant/mel_train/melanoma_6910.jpg
melanoma_6859,1.0,../../../data/hand_filtered_dataset/malignant/mel_train/melanoma_6859.jpg
melanoma_9482,1.0,../../../data/hand_filtered_dataset/malignant/mel_train/melanoma_9482.jpg
melanoma_5198,1.0,../../../data/hand_filtered_dataset/malignant/mel_train/melanoma_5198.jpg
ISIC_3259298,0.0,../../../data/ISIC_2024_Permissive_Training_Input/ISIC_3259298.jpg
ISIC_5430703,0.0,../../../data/ISIC_2024_Permissive_Training_Input/ISIC_5430703.jpg
melanoma_5947,1.0,../../../data/hand_filtered_dataset/malignant/mel_train/melanoma_5947.jpg
melanoma_9581,1.0,../../../data/hand_filtered_dataset/malignant/mel_train/melanoma_9581.jpg
ISIC_7030534,0.0,../../../data/ISIC_2024_Permissive_Training_Input/ISIC_7030534.jpg
melanoma_9131,1.0,../../../data/hand_filtered_dataset/malignant/mel_train/melanoma_9131.jpg
ISIC_8202517,0.0,../../../data/ISIC_2024_Permissive_Training_Input/ISIC_8202517.jpg
ISIC_4612200,0.0,../../../data/ISIC_2024_Permissive_Training_Input/ISIC_4612200.jpg
melanoma_5808,1.0,../../../data/hand_filtered_dataset/malignant/mel_train/melanoma_5808.jpg
ISIC_7664227,0.0,../../../data/ISIC_2024_Permissive_Training_Input/ISIC_7664227.jpg
ISIC_6041420,0.0,../../../data/ISIC_2024_Permissive_Training_Input/ISIC_6041420.jpg
ISIC_3697299,0.0,../../../data/ISIC_2024_Permissive_Training_Input/ISIC_3697299.jpg
ISIC_1672250,0.0,../../../data/ISIC_2024_Permissive_Training_Input/ISIC_1672250.jpg
ISIC_5879839,0.0,../../../data/ISIC_2024_Permissive_Training_Input/ISIC_5879839.jpg
melanoma_9292,1.0,../../../data/hand_filtered_dataset/malignant/mel_train/melanoma_9292.jpg
melanoma_8418,1.0,../../../data/hand_filtered_dataset/malignant/mel_train/melanoma_8418.jpg
melanoma_5007,1.0,../../../data/hand_filtered_dataset/malignant/mel_train/melanoma_5007.jpg
melanoma_8603,1.0,../../../data/hand_filtered_dataset/malignant/mel_train/melanoma_8603.jpg
ISIC_5875592,0.0,../../../data/ISIC_2024_Permissive_Training_Input/ISIC_5875592.jpg
ISIC_8560405,0.0,../../../data/ISIC_2024_Permissive_Training_Input/ISIC_8560405.jpg
ISIC_5346154,0.0,../../../data/ISIC_2024_Permissive_Training_Input/ISIC_5346154.jpg
melanoma_7001,1.0,../../../data/hand_filtered_dataset/malignant/mel_train/melanoma_7001.jpg
ISIC_3202006,0.0,../../../data/ISIC_2024_Permissive_Training_Input/ISIC_3202006.jpg
ISIC_3671638,0.0,../../../data/ISIC_2024_Permissive_Training_Input/ISIC_3671638.jpg
ISIC_5306884,0.0,../../../data/ISIC_2024_Permissive_Training_Input/ISIC_5306884.jpg
ISIC_1663732,0.0,../../../data/ISIC_2024_Permissive_Training_Input/ISIC_1663732.jpg
melanoma_5601,1.0,../../../data/hand_filtered_dataset/malignant/mel_train/melanoma_5601.jpg
ISIC_2719831,0.0,../../../data/ISIC_2024_Permissive_Training_Input/ISIC_2719831.jpg
ISIC_5009492,0.0,../../../data/ISIC_2024_Permissive_Training_Input/ISIC_5009492.jpg
melanoma_6390,1.0,../../../data/hand_filtered_dataset/malignant/mel_train/melanoma_6390.jpg
ISIC_4143207,0.0,../../../data/ISIC_2024_Permissive_Training_Input/ISIC_4143207.jpg
melanoma_9414,1.0,../../../data/hand_filtered_dataset/malignant/mel_train/melanoma_9414.jpg
melanoma_8688,1.0,../../../data/hand_filtered_dataset/malignant/mel_train/melanoma_8688.jpg
ISIC_6451015,0.0,../../../data/ISIC_2024_Permissive_Training_Input/ISIC_6451015.jpg
melanoma_5537,1.0,../../../data/hand_filtered_dataset/malignant/mel_train/melanoma_5537.jpg
melanoma_7370,1.0,../../../data/hand_filtered_dataset/malignant/mel_train/melanoma_7370.jpg
melanoma_9101,1.0,../../../data/hand_filtered_dataset/malignant/mel_train/melanoma_9101.jpg
melanoma_6232,1.0,../../../data/hand_filtered_dataset/malignant/mel_train/melanoma_6232.jpg
ISIC_8548689,0.0,../../../data/ISIC_2024_Permissive_Training_Input/ISIC_8548689.jpg
melanoma_7782,1.0,../../../data/hand_filtered_dataset/malignant/mel_train/melanoma_7782.jpg
melanoma_5081,1.0,../../../data/hand_filtered_dataset/malignant/mel_train/melanoma_5081.jpg
melanoma_5491,1.0,../../../data/hand_filtered_dataset/malignant/mel_train/melanoma_5491.jpg
melanoma_7498,1.0,../../../data/hand_filtered_dataset/malignant/mel_train/melanoma_7498.jpg
melanoma_5622,1.0,../../../data/hand_filtered_dataset/malignant/mel_train/melanoma_5622.jpg
ISIC_6708619,0.0,../../../data/ISIC_2024_Permissive_Training_Input/ISIC_6708619.jpg
melanoma_5481,1.0,../../../data/hand_filtered_dataset/malignant/mel_train/melanoma_5481.jpg
ISIC_7464445,1.0,../../../data/ISIC_2024_Permissive_Training_Input/ISIC_7464445.jpg
ISIC_8529897,0.0,../../../data/ISIC_2024_Permissive_Training_Input/ISIC_8529897.jpg
melanoma_7120,1.0,../../../data/hand_filtered_dataset/malignant/mel_train/melanoma_7120.jpg
ISIC_5234922,0.0,../../../data/ISIC_2024_Permissive_Training_Input/ISIC_5234922.jpg
ISIC_2581432,1.0,../../../data/ISIC_2024_Permissive_Training_Input/ISIC_2581432.jpg
ISIC_5371654,0.0,../../../data/ISIC_2024_Permissive_Training_Input/ISIC_5371654.jpg
melanoma_6937,1.0,../../../data/hand_filtered_dataset/malignant/mel_train/melanoma_6937.jpg
ISIC_8941715,0.0,../../../data/ISIC_2024_Permissive_Training_Input/ISIC_8941715.jpg
ISIC_7422470,0.0,../../../data/ISIC_2024_Permissive_Training_Input/ISIC_7422470.jpg
ISIC_7695735,0.0,../../../data/ISIC_2024_Permissive_Training_Input/ISIC_7695735.jpg
ISIC_7606683,1.0,../../../data/ISIC_2024_Permissive_Training_Input/ISIC_7606683.jpg
melanoma_6324,1.0,../../../data/hand_filtered_dataset/malignant/mel_train/melanoma_6324.jpg
melanoma_7323,1.0,../../../data/hand_filtered_dataset/malignant/mel_train/melanoma_7323.jpg
melanoma_7571,1.0,../../../data/hand_filtered_dataset/malignant/mel_train/melanoma_7571.jpg
melanoma_5867,1.0,../../../data/hand_filtered_dataset/malignant/mel_train/melanoma_5867.jpg
ISIC_4075911,0.0,../../../data/ISIC_2024_Permissive_Training_Input/ISIC_4075911.jpg
ISIC_3818407,0.0,../../../data/ISIC_2024_Permissive_Training_Input/ISIC_3818407.jpg
ISIC_3068517,0.0,../../../data/ISIC_2024_Permissive_Training_Input/ISIC_3068517.jpg
melanoma_6959,1.0,../../../data/hand_filtered_dataset/malignant/mel_train/melanoma_6959.jpg
ISIC_8564282,0.0,../../../data/ISIC_2024_Permissive_Training_Input/ISIC_8564282.jpg
melanoma_8207,1.0,../../../data/hand_filtered_dataset/malignant/mel_train/melanoma_8207.jpg
ISIC_7189389,0.0,../../../data/ISIC_2024_Permissive_Training_Input/ISIC_7189389.jpg
melanoma_6140,1.0,../../../data/hand_filtered_dataset/malignant/mel_train/melanoma_6140.jpg
ISIC_2023222,1.0,../../../data/ISIC_2024_Permissive_Training_Input/ISIC_2023222.jpg
melanoma_7640,1.0,../../../data/hand_filtered_dataset/malignant/mel_train/melanoma_7640.jpg
ISIC_0625568,0.0,../../../data/ISIC_2024_Permissive_Training_Input/ISIC_0625568.jpg
melanoma_5644,1.0,../../../data/hand_filtered_dataset/malignant/mel_train/melanoma_5644.jpg
ISIC_9530698,0.0,../../../data/ISIC_2024_Permissive_Training_Input/ISIC_9530698.jpg
melanoma_8054,1.0,../../../data/hand_filtered_dataset/malignant/mel_train/melanoma_8054.jpg
melanoma_6049,1.0,../../../data/hand_filtered_dataset/malignant/mel_train/melanoma_6049.jpg
melanoma_9298,1.0,../../../data/hand_filtered_dataset/malignant/mel_train/melanoma_9298.jpg
melanoma_9293,1.0,../../../data/hand_filtered_dataset/malignant/mel_train/melanoma_9293.jpg
melanoma_7116,1.0,../../../data/hand_filtered_dataset/malignant/mel_train/melanoma_7116.jpg
ISIC_5570219,0.0,../../../data/ISIC_2024_Permissive_Training_Input/ISIC_5570219.jpg
melanoma_6599,1.0,../../../data/hand_filtered_dataset/malignant/mel_train/melanoma_6599.jpg
ISIC_3087606,0.0,../../../data/ISIC_2024_Permissive_Training_Input/ISIC_3087606.jpg
ISIC_2915392,0.0,../../../data/ISIC_2024_Permissive_Training_Input/ISIC_2915392.jpg
ISIC_9647276,0.0,../../../data/ISIC_2024_Permissive_Training_Input/ISIC_9647276.jpg
melanoma_6537,1.0,../../../data/hand_filtered_dataset/malignant/mel_train/melanoma_6537.jpg
ISIC_3542349,0.0,../../../data/ISIC_2024_Permissive_Training_Input/ISIC_3542349.jpg
ISIC_3946916,0.0,../../../data/ISIC_2024_Permissive_Training_Input/ISIC_3946916.jpg
melanoma_9419,1.0,../../../data/hand_filtered_dataset/malignant/mel_train/melanoma_9419.jpg
ISIC_3735974,0.0,../../../data/ISIC_2024_Permissive_Training_Input/ISIC_3735974.jpg
ISIC_1705488,0.0,../../../data/ISIC_2024_Permissive_Training_Input/ISIC_1705488.jpg
ISIC_9990876,0.0,../../../data/ISIC_2024_Permissive_Training_Input/ISIC_9990876.jpg
ISIC_9610378,0.0,../../../data/ISIC_2024_Permissive_Training_Input/ISIC_9610378.jpg
ISIC_4105969,0.0,../../../data/ISIC_2024_Permissive_Training_Input/ISIC_4105969.jpg
melanoma_9550,1.0,../../../data/hand_filtered_dataset/malignant/mel_train/melanoma_9550.jpg
melanoma_7516,1.0,../../../data/hand_filtered_dataset/malignant/mel_train/melanoma_7516.jpg
ISIC_8601422,0.0,../../../data/ISIC_2024_Permissive_Training_Input/ISIC_8601422.jpg
ISIC_6897158,0.0,../../../data/ISIC_2024_Permissive_Training_Input/ISIC_6897158.jpg
ISIC_7903686,0.0,../../../data/ISIC_2024_Permissive_Training_Input/ISIC_7903686.jpg
ISIC_5146722,0.0,../../../data/ISIC_2024_Permissive_Training_Input/ISIC_5146722.jpg
ISIC_7406522,0.0,../../../data/ISIC_2024_Permissive_Training_Input/ISIC_7406522.jpg
ISIC_2065756,0.0,../../../data/ISIC_2024_Permissive_Training_Input/ISIC_2065756.jpg
melanoma_9562,1.0,../../../data/hand_filtered_dataset/malignant/mel_train/melanoma_9562.jpg
melanoma_5971,1.0,../../../data/hand_filtered_dataset/malignant/mel_train/melanoma_5971.jpg
ISIC_8821018,0.0,../../../data/ISIC_2024_Permissive_Training_Input/ISIC_8821018.jpg
ISIC_7569425,0.0,../../../data/ISIC_2024_Permissive_Training_Input/ISIC_7569425.jpg
melanoma_5381,1.0,../../../data/hand_filtered_dataset/malignant/mel_train/melanoma_5381.jpg
melanoma_8167,1.0,../../../data/hand_filtered_dataset/malignant/mel_train/melanoma_8167.jpg
melanoma_6326,1.0,../../../data/hand_filtered_dataset/malignant/mel_train/melanoma_6326.jpg
ISIC_8336318,1.0,../../../data/ISIC_2024_Permissive_Training_Input/ISIC_8336318.jpg
melanoma_6418,1.0,../../../data/hand_filtered_dataset/malignant/mel_train/melanoma_6418.jpg
melanoma_8686,1.0,../../../data/hand_filtered_dataset/malignant/mel_train/melanoma_8686.jpg
melanoma_9166,1.0,../../../data/hand_filtered_dataset/malignant/mel_train/melanoma_9166.jpg
ISIC_0386460,1.0,../../../data/ISIC_2024_Permissive_Training_Input/ISIC_0386460.jpg
ISIC_2282787,0.0,../../../data/ISIC_2024_Permissive_Training_Input/ISIC_2282787.jpg
ISIC_1086855,0.0,../../../data/ISIC_2024_Permissive_Training_Input/ISIC_1086855.jpg
ISIC_2737308,0.0,../../../data/ISIC_2024_Permissive_Training_Input/ISIC_2737308.jpg
melanoma_7463,1.0,../../../data/hand_filtered_dataset/malignant/mel_train/melanoma_7463.jpg
melanoma_7936,1.0,../../../data/hand_filtered_dataset/malignant/mel_train/melanoma_7936.jpg
ISIC_8971172,0.0,../../../data/ISIC_2024_Permissive_Training_Input/ISIC_8971172.jpg
melanoma_8362,1.0,../../../data/hand_filtered_dataset/malignant/mel_train/melanoma_8362.jpg
ISIC_1654932,0.0,../../../data/ISIC_2024_Permissive_Training_Input/ISIC_1654932.jpg
ISIC_9112500,0.0,../../../data/ISIC_2024_Permissive_Training_Input/ISIC_9112500.jpg
melanoma_5593,1.0,../../../data/hand_filtered_dataset/malignant/mel_train/melanoma_5593.jpg
melanoma_5896,1.0,../../../data/hand_filtered_dataset/malignant/mel_train/melanoma_5896.jpg
melanoma_7704,1.0,../../../data/hand_filtered_dataset/malignant/mel_train/melanoma_7704.jpg
melanoma_8349,1.0,../../../data/hand_filtered_dataset/malignant/mel_train/melanoma_8349.jpg
ISIC_5363359,0.0,../../../data/ISIC_2024_Permissive_Training_Input/ISIC_5363359.jpg
melanoma_5754,1.0,../../../data/hand_filtered_dataset/malignant/mel_train/melanoma_5754.jpg
ISIC_8808686,0.0,../../../data/ISIC_2024_Permissive_Training_Input/ISIC_8808686.jpg
ISIC_5035525,1.0,../../../data/ISIC_2024_Permissive_Training_Input/ISIC_5035525.jpg
melanoma_8872,1.0,../../../data/hand_filtered_dataset/malignant/mel_train/melanoma_8872.jpg
ISIC_1470159,0.0,../../../data/ISIC_2024_Permissive_Training_Input/ISIC_1470159.jpg
ISIC_8510392,0.0,../../../data/ISIC_2024_Permissive_Training_Input/ISIC_8510392.jpg
ISIC_1920020,0.0,../../../data/ISIC_2024_Permissive_Training_Input/ISIC_1920020.jpg
ISIC_4954780,1.0,../../../data/ISIC_2024_Permissive_Training_Input/ISIC_4954780.jpg
ISIC_9269201,0.0,../../../data/ISIC_2024_Permissive_Training_Input/ISIC_9269201.jpg
ISIC_1164941,0.0,../../../data/ISIC_2024_Permissive_Training_Input/ISIC_1164941.jpg
melanoma_9322,1.0,../../../data/hand_filtered_dataset/malignant/mel_train/melanoma_9322.jpg
melanoma_9580,1.0,../../../data/hand_filtered_dataset/malignant/mel_train/melanoma_9580.jpg
ISIC_2185204,0.0,../../../data/ISIC_2024_Permissive_Training_Input/ISIC_2185204.jpg
melanoma_8742,1.0,../../../data/hand_filtered_dataset/malignant/mel_train/melanoma_8742.jpg
melanoma_6619,1.0,../../../data/hand_filtered_dataset/malignant/mel_train/melanoma_6619.jpg
melanoma_6261,1.0,../../../data/hand_filtered_dataset/malignant/mel_train/melanoma_6261.jpg
ISIC_2451311,0.0,../../../data/ISIC_2024_Permissive_Training_Input/ISIC_2451311.jpg
ISIC_4434551,0.0,../../../data/ISIC_2024_Permissive_Training_Input/ISIC_4434551.jpg
ISIC_1701691,0.0,../../../data/ISIC_2024_Permissive_Training_Input/ISIC_1701691.jpg
ISIC_6116359,0.0,../../../data/ISIC_2024_Permissive_Training_Input/ISIC_6116359.jpg
melanoma_7081,1.0,../../../data/hand_filtered_dataset/malignant/mel_train/melanoma_7081.jpg
ISIC_7193504,0.0,../../../data/ISIC_2024_Permissive_Training_Input/ISIC_7193504.jpg
ISIC_9736932,0.0,../../../data/ISIC_2024_Permissive_Training_Input/ISIC_9736932.jpg
melanoma_5709,1.0,../../../data/hand_filtered_dataset/malignant/mel_train/melanoma_5709.jpg
ISIC_7905038,0.0,../../../data/ISIC_2024_Permissive_Training_Input/ISIC_7905038.jpg
ISIC_1749649,0.0,../../../data/ISIC_2024_Permissive_Training_Input/ISIC_1749649.jpg
ISIC_2799537,0.0,../../../data/ISIC_2024_Permissive_Training_Input/ISIC_2799537.jpg
ISIC_3093714,1.0,../../../data/ISIC_2024_Permissive_Training_Input/ISIC_3093714.jpg
ISIC_8065489,0.0,../../../data/ISIC_2024_Permissive_Training_Input/ISIC_8065489.jpg
melanoma_7998,1.0,../../../data/hand_filtered_dataset/malignant/mel_train/melanoma_7998.jpg
ISIC_3672856,0.0,../../../data/ISIC_2024_Permissive_Training_Input/ISIC_3672856.jpg
ISIC_8277994,0.0,../../../data/ISIC_2024_Permissive_Training_Input/ISIC_8277994.jpg
ISIC_5755833,0.0,../../../data/ISIC_2024_Permissive_Training_Input/ISIC_5755833.jpg
melanoma_9591,1.0,../../../data/hand_filtered_dataset/malignant/mel_train/melanoma_9591.jpg
melanoma_9361,1.0,../../../data/hand_filtered_dataset/malignant/mel_train/melanoma_9361.jpg
ISIC_8761604,0.0,../../../data/ISIC_2024_Permissive_Training_Input/ISIC_8761604.jpg
ISIC_6500969,0.0,../../../data/ISIC_2024_Permissive_Training_Input/ISIC_6500969.jpg
melanoma_8478,1.0,../../../data/hand_filtered_dataset/malignant/mel_train/melanoma_8478.jpg
ISIC_7812227,0.0,../../../data/ISIC_2024_Permissive_Training_Input/ISIC_7812227.jpg
ISIC_0682890,0.0,../../../data/ISIC_2024_Permissive_Training_Input/ISIC_0682890.jpg
ISIC_4728374,0.0,../../../data/ISIC_2024_Permissive_Training_Input/ISIC_4728374.jpg
ISIC_6255261,0.0,../../../data/ISIC_2024_Permissive_Training_Input/ISIC_6255261.jpg
ISIC_0440595,0.0,../../../data/ISIC_2024_Permissive_Training_Input/ISIC_0440595.jpg
ISIC_2801051,0.0,../../../data/ISIC_2024_Permissive_Training_Input/ISIC_2801051.jpg
ISIC_4016156,0.0,../../../data/ISIC_2024_Permissive_Training_Input/ISIC_4016156.jpg
ISIC_0981323,0.0,../../../data/ISIC_2024_Permissive_Training_Input/ISIC_0981323.jpg
melanoma_8179,1.0,../../../data/hand_filtered_dataset/malignant/mel_train/melanoma_8179.jpg
ISIC_1486197,0.0,../../../data/ISIC_2024_Permissive_Training_Input/ISIC_1486197.jpg
melanoma_5641,1.0,../../../data/hand_filtered_dataset/malignant/mel_train/melanoma_5641.jpg
melanoma_5770,1.0,../../../data/hand_filtered_dataset/malignant/mel_train/melanoma_5770.jpg
melanoma_6243,1.0,../../../data/hand_filtered_dataset/malignant/mel_train/melanoma_6243.jpg
ISIC_2693586,0.0,../../../data/ISIC_2024_Permissive_Training_Input/ISIC_2693586.jpg
melanoma_8501,1.0,../../../data/hand_filtered_dataset/malignant/mel_train/melanoma_8501.jpg
melanoma_7413,1.0,../../../data/hand_filtered_dataset/malignant/mel_train/melanoma_7413.jpg
ISIC_6476954,0.0,../../../data/ISIC_2024_Permissive_Training_Input/ISIC_6476954.jpg
ISIC_7408469,0.0,../../../data/ISIC_2024_Permissive_Training_Input/ISIC_7408469.jpg
ISIC_9882693,0.0,../../../data/ISIC_2024_Permissive_Training_Input/ISIC_9882693.jpg
melanoma_7357,1.0,../../../data/hand_filtered_dataset/malignant/mel_train/melanoma_7357.jpg
melanoma_9204,1.0,../../../data/hand_filtered_dataset/malignant/mel_train/melanoma_9204.jpg
ISIC_7074685,0.0,../../../data/ISIC_2024_Permissive_Training_Input/ISIC_7074685.jpg
melanoma_6221,1.0,../../../data/hand_filtered_dataset/malignant/mel_train/melanoma_6221.jpg
melanoma_8379,1.0,../../../data/hand_filtered_dataset/malignant/mel_train/melanoma_8379.jpg
ISIC_1976234,0.0,../../../data/ISIC_2024_Permissive_Training_Input/ISIC_1976234.jpg
ISIC_1656660,0.0,../../../data/ISIC_2024_Permissive_Training_Input/ISIC_1656660.jpg
melanoma_5595,1.0,../../../data/hand_filtered_dataset/malignant/mel_train/melanoma_5595.jpg
melanoma_6745,1.0,../../../data/hand_filtered_dataset/malignant/mel_train/melanoma_6745.jpg
melanoma_9061,1.0,../../../data/hand_filtered_dataset/malignant/mel_train/melanoma_9061.jpg
melanoma_8614,1.0,../../../data/hand_filtered_dataset/malignant/mel_train/melanoma_8614.jpg
ISIC_5246670,0.0,../../../data/ISIC_2024_Permissive_Training_Input/ISIC_5246670.jpg
ISIC_3106435,0.0,../../../data/ISIC_2024_Permissive_Training_Input/ISIC_3106435.jpg
melanoma_7791,1.0,../../../data/hand_filtered_dataset/malignant/mel_train/melanoma_7791.jpg
melanoma_6267,1.0,../../../data/hand_filtered_dataset/malignant/mel_train/melanoma_6267.jpg
ISIC_9822221,0.0,../../../data/ISIC_2024_Permissive_Training_Input/ISIC_9822221.jpg
ISIC_3799960,0.0,../../../data/ISIC_2024_Permissive_Training_Input/ISIC_3799960.jpg
ISIC_0763244,0.0,../../../data/ISIC_2024_Permissive_Training_Input/ISIC_0763244.jpg
ISIC_1540514,1.0,../../../data/ISIC_2024_Permissive_Training_Input/ISIC_1540514.jpg
ISIC_0882369,0.0,../../../data/ISIC_2024_Permissive_Training_Input/ISIC_0882369.jpg
melanoma_7773,1.0,../../../data/hand_filtered_dataset/malignant/mel_train/melanoma_7773.jpg
melanoma_5239,1.0,../../../data/hand_filtered_dataset/malignant/mel_train/melanoma_5239.jpg
melanoma_8268,1.0,../../../data/hand_filtered_dataset/malignant/mel_train/melanoma_8268.jpg
ISIC_0693477,0.0,../../../data/ISIC_2024_Permissive_Training_Input/ISIC_0693477.jpg
ISIC_9639996,0.0,../../../data/ISIC_2024_Permissive_Training_Input/ISIC_9639996.jpg
ISIC_3151636,0.0,../../../data/ISIC_2024_Permissive_Training_Input/ISIC_3151636.jpg
ISIC_3897085,0.0,../../../data/ISIC_2024_Permissive_Training_Input/ISIC_3897085.jpg
melanoma_5745,1.0,../../../data/hand_filtered_dataset/malignant/mel_train/melanoma_5745.jpg
ISIC_1541065,0.0,../../../data/ISIC_2024_Permissive_Training_Input/ISIC_1541065.jpg
ISIC_5497339,0.0,../../../data/ISIC_2024_Permissive_Training_Input/ISIC_5497339.jpg
ISIC_7400037,1.0,../../../data/ISIC_2024_Permissive_Training_Input/ISIC_7400037.jpg
ISIC_2026233,0.0,../../../data/ISIC_2024_Permissive_Training_Input/ISIC_2026233.jpg
ISIC_7054085,1.0,../../../data/ISIC_2024_Permissive_Training_Input/ISIC_7054085.jpg
ISIC_7770173,1.0,../../../data/ISIC_2024_Permissive_Training_Input/ISIC_7770173.jpg
melanoma_5674,1.0,../../../data/hand_filtered_dataset/malignant/mel_train/melanoma_5674.jpg
melanoma_7236,1.0,../../../data/hand_filtered_dataset/malignant/mel_train/melanoma_7236.jpg
melanoma_6656,1.0,../../../data/hand_filtered_dataset/malignant/mel_train/melanoma_6656.jpg
melanoma_7897,1.0,../../../data/hand_filtered_dataset/malignant/mel_train/melanoma_7897.jpg
melanoma_5291,1.0,../../../data/hand_filtered_dataset/malignant/mel_train/melanoma_5291.jpg
ISIC_7658102,0.0,../../../data/ISIC_2024_Permissive_Training_Input/ISIC_7658102.jpg
melanoma_6141,1.0,../../../data/hand_filtered_dataset/malignant/mel_train/melanoma_6141.jpg
melanoma_8146,1.0,../../../data/hand_filtered_dataset/malignant/mel_train/melanoma_8146.jpg
ISIC_8952587,1.0,../../../data/ISIC_2024_Permissive_Training_Input/ISIC_8952587.jpg
melanoma_8413,1.0,../../../data/hand_filtered_dataset/malignant/mel_train/melanoma_8413.jpg
ISIC_9078874,1.0,../../../data/ISIC_2024_Permissive_Training_Input/ISIC_9078874.jpg
melanoma_9291,1.0,../../../data/hand_filtered_dataset/malignant/mel_train/melanoma_9291.jpg
melanoma_8062,1.0,../../../data/hand_filtered_dataset/malignant/mel_train/melanoma_8062.jpg
melanoma_8144,1.0,../../../data/hand_filtered_dataset/malignant/mel_train/melanoma_8144.jpg
ISIC_2094083,0.0,../../../data/ISIC_2024_Permissive_Training_Input/ISIC_2094083.jpg
ISIC_7056183,0.0,../../../data/ISIC_2024_Permissive_Training_Input/ISIC_7056183.jpg
ISIC_8795766,0.0,../../../data/ISIC_2024_Permissive_Training_Input/ISIC_8795766.jpg
ISIC_7483833,0.0,../../../data/ISIC_2024_Permissive_Training_Input/ISIC_7483833.jpg
melanoma_8553,1.0,../../../data/hand_filtered_dataset/malignant/mel_train/melanoma_8553.jpg
melanoma_9223,1.0,../../../data/hand_filtered_dataset/malignant/mel_train/melanoma_9223.jpg
ISIC_7018145,0.0,../../../data/ISIC_2024_Permissive_Training_Input/ISIC_7018145.jpg
ISIC_7535398,0.0,../../../data/ISIC_2024_Permissive_Training_Input/ISIC_7535398.jpg
melanoma_9238,1.0,../../../data/hand_filtered_dataset/malignant/mel_train/melanoma_9238.jpg
melanoma_6139,1.0,../../../data/hand_filtered_dataset/malignant/mel_train/melanoma_6139.jpg
melanoma_9073,1.0,../../../data/hand_filtered_dataset/malignant/mel_train/melanoma_9073.jpg
ISIC_6788089,0.0,../../../data/ISIC_2024_Permissive_Training_Input/ISIC_6788089.jpg
ISIC_6317480,0.0,../../../data/ISIC_2024_Permissive_Training_Input/ISIC_6317480.jpg
melanoma_9438,1.0,../../../data/hand_filtered_dataset/malignant/mel_train/melanoma_9438.jpg
ISIC_3825327,0.0,../../../data/ISIC_2024_Permissive_Training_Input/ISIC_3825327.jpg
ISIC_8880202,0.0,../../../data/ISIC_2024_Permissive_Training_Input/ISIC_8880202.jpg
ISIC_5143941,1.0,../../../data/ISIC_2024_Permissive_Training_Input/ISIC_5143941.jpg
ISIC_5665334,0.0,../../../data/ISIC_2024_Permissive_Training_Input/ISIC_5665334.jpg
ISIC_4765872,0.0,../../../data/ISIC_2024_Permissive_Training_Input/ISIC_4765872.jpg
ISIC_4926361,0.0,../../../data/ISIC_2024_Permissive_Training_Input/ISIC_4926361.jpg
ISIC_8841964,0.0,../../../data/ISIC_2024_Permissive_Training_Input/ISIC_8841964.jpg
ISIC_4200858,0.0,../../../data/ISIC_2024_Permissive_Training_Input/ISIC_4200858.jpg
melanoma_6239,1.0,../../../data/hand_filtered_dataset/malignant/mel_train/melanoma_6239.jpg
melanoma_6018,1.0,../../../data/hand_filtered_dataset/malignant/mel_train/melanoma_6018.jpg
ISIC_2731969,0.0,../../../data/ISIC_2024_Permissive_Training_Input/ISIC_2731969.jpg
melanoma_9338,1.0,../../../data/hand_filtered_dataset/malignant/mel_train/melanoma_9338.jpg
melanoma_9545,1.0,../../../data/hand_filtered_dataset/malignant/mel_train/melanoma_9545.jpg
melanoma_9253,1.0,../../../data/hand_filtered_dataset/malignant/mel_train/melanoma_9253.jpg
melanoma_7506,1.0,../../../data/hand_filtered_dataset/malignant/mel_train/melanoma_7506.jpg
ISIC_7614157,0.0,../../../data/ISIC_2024_Permissive_Training_Input/ISIC_7614157.jpg
melanoma_7351,1.0,../../../data/hand_filtered_dataset/malignant/mel_train/melanoma_7351.jpg
melanoma_6328,1.0,../../../data/hand_filtered_dataset/malignant/mel_train/melanoma_6328.jpg
melanoma_6408,1.0,../../../data/hand_filtered_dataset/malignant/mel_train/melanoma_6408.jpg
melanoma_5094,1.0,../../../data/hand_filtered_dataset/malignant/mel_train/melanoma_5094.jpg
melanoma_5415,1.0,../../../data/hand_filtered_dataset/malignant/mel_train/melanoma_5415.jpg
melanoma_6327,1.0,../../../data/hand_filtered_dataset/malignant/mel_train/melanoma_6327.jpg
ISIC_3435386,0.0,../../../data/ISIC_2024_Permissive_Training_Input/ISIC_3435386.jpg
melanoma_5041,1.0,../../../data/hand_filtered_dataset/malignant/mel_train/melanoma_5041.jpg
melanoma_6115,1.0,../../../data/hand_filtered_dataset/malignant/mel_train/melanoma_6115.jpg
melanoma_8978,1.0,../../../data/hand_filtered_dataset/malignant/mel_train/melanoma_8978.jpg
ISIC_4793478,0.0,../../../data/ISIC_2024_Permissive_Training_Input/ISIC_4793478.jpg
ISIC_4217775,1.0,../../../data/ISIC_2024_Permissive_Training_Input/ISIC_4217775.jpg
melanoma_5022,1.0,../../../data/hand_filtered_dataset/malignant/mel_train/melanoma_5022.jpg
melanoma_5671,1.0,../../../data/hand_filtered_dataset/malignant/mel_train/melanoma_5671.jpg
ISIC_4777020,0.0,../../../data/ISIC_2024_Permissive_Training_Input/ISIC_4777020.jpg
ISIC_8412405,0.0,../../../data/ISIC_2024_Permissive_Training_Input/ISIC_8412405.jpg
ISIC_8974581,0.0,../../../data/ISIC_2024_Permissive_Training_Input/ISIC_8974581.jpg
ISIC_1437541,0.0,../../../data/ISIC_2024_Permissive_Training_Input/ISIC_1437541.jpg
melanoma_8583,1.0,../../../data/hand_filtered_dataset/malignant/mel_train/melanoma_8583.jpg
melanoma_5483,1.0,../../../data/hand_filtered_dataset/malignant/mel_train/melanoma_5483.jpg
melanoma_8034,1.0,../../../data/hand_filtered_dataset/malignant/mel_train/melanoma_8034.jpg
melanoma_9463,1.0,../../../data/hand_filtered_dataset/malignant/mel_train/melanoma_9463.jpg
melanoma_9450,1.0,../../../data/hand_filtered_dataset/malignant/mel_train/melanoma_9450.jpg
ISIC_1912936,0.0,../../../data/ISIC_2024_Permissive_Training_Input/ISIC_1912936.jpg
melanoma_5575,1.0,../../../data/hand_filtered_dataset/malignant/mel_train/melanoma_5575.jpg
ISIC_6402395,0.0,../../../data/ISIC_2024_Permissive_Training_Input/ISIC_6402395.jpg
ISIC_6276239,0.0,../../../data/ISIC_2024_Permissive_Training_Input/ISIC_6276239.jpg
ISIC_2369899,0.0,../../../data/ISIC_2024_Permissive_Training_Input/ISIC_2369899.jpg
melanoma_8296,1.0,../../../data/hand_filtered_dataset/malignant/mel_train/melanoma_8296.jpg
ISIC_4943323,0.0,../../../data/ISIC_2024_Permissive_Training_Input/ISIC_4943323.jpg
melanoma_5328,1.0,../../../data/hand_filtered_dataset/malignant/mel_train/melanoma_5328.jpg
ISIC_6533620,0.0,../../../data/ISIC_2024_Permissive_Training_Input/ISIC_6533620.jpg
melanoma_5803,1.0,../../../data/hand_filtered_dataset/malignant/mel_train/melanoma_5803.jpg
ISIC_1050663,0.0,../../../data/ISIC_2024_Permissive_Training_Input/ISIC_1050663.jpg
melanoma_7162,1.0,../../../data/hand_filtered_dataset/malignant/mel_train/melanoma_7162.jpg
melanoma_9394,1.0,../../../data/hand_filtered_dataset/malignant/mel_train/melanoma_9394.jpg
ISIC_9952915,0.0,../../../data/ISIC_2024_Permissive_Training_Input/ISIC_9952915.jpg
ISIC_1222363,0.0,../../../data/ISIC_2024_Permissive_Training_Input/ISIC_1222363.jpg
melanoma_8550,1.0,../../../data/hand_filtered_dataset/malignant/mel_train/melanoma_8550.jpg
ISIC_4363101,1.0,../../../data/ISIC_2024_Permissive_Training_Input/ISIC_4363101.jpg
ISIC_1377023,1.0,../../../data/ISIC_2024_Permissive_Training_Input/ISIC_1377023.jpg
ISIC_9151809,0.0,../../../data/ISIC_2024_Permissive_Training_Input/ISIC_9151809.jpg
ISIC_6442065,0.0,../../../data/ISIC_2024_Permissive_Training_Input/ISIC_6442065.jpg
ISIC_1034966,1.0,../../../data/ISIC_2024_Permissive_Training_Input/ISIC_1034966.jpg
ISIC_7961748,0.0,../../../data/ISIC_2024_Permissive_Training_Input/ISIC_7961748.jpg
ISIC_9565525,0.0,../../../data/ISIC_2024_Permissive_Training_Input/ISIC_9565525.jpg
ISIC_1492640,0.0,../../../data/ISIC_2024_Permissive_Training_Input/ISIC_1492640.jpg
ISIC_6249729,1.0,../../../data/ISIC_2024_Permissive_Training_Input/ISIC_6249729.jpg
ISIC_5630155,0.0,../../../data/ISIC_2024_Permissive_Training_Input/ISIC_5630155.jpg
ISIC_6178914,0.0,../../../data/ISIC_2024_Permissive_Training_Input/ISIC_6178914.jpg
melanoma_7015,1.0,../../../data/hand_filtered_dataset/malignant/mel_train/melanoma_7015.jpg
ISIC_0469338,0.0,../../../data/ISIC_2024_Permissive_Training_Input/ISIC_0469338.jpg
ISIC_6823014,0.0,../../../data/ISIC_2024_Permissive_Training_Input/ISIC_6823014.jpg
melanoma_5496,1.0,../../../data/hand_filtered_dataset/malignant/mel_train/melanoma_5496.jpg
ISIC_0086103,0.0,../../../data/ISIC_2024_Permissive_Training_Input/ISIC_0086103.jpg
ISIC_9891882,0.0,../../../data/ISIC_2024_Permissive_Training_Input/ISIC_9891882.jpg
melanoma_8273,1.0,../../../data/hand_filtered_dataset/malignant/mel_train/melanoma_8273.jpg
melanoma_8204,1.0,../../../data/hand_filtered_dataset/malignant/mel_train/melanoma_8204.jpg
melanoma_5871,1.0,../../../data/hand_filtered_dataset/malignant/mel_train/melanoma_5871.jpg
ISIC_6194394,0.0,../../../data/ISIC_2024_Permissive_Training_Input/ISIC_6194394.jpg
ISIC_8399172,0.0,../../../data/ISIC_2024_Permissive_Training_Input/ISIC_8399172.jpg
melanoma_9600,1.0,../../../data/hand_filtered_dataset/malignant/mel_train/melanoma_9600.jpg
ISIC_3511748,0.0,../../../data/ISIC_2024_Permissive_Training_Input/ISIC_3511748.jpg
melanoma_9233,1.0,../../../data/hand_filtered_dataset/malignant/mel_train/melanoma_9233.jpg
melanoma_5513,1.0,../../../data/hand_filtered_dataset/malignant/mel_train/melanoma_5513.jpg
ISIC_5221028,1.0,../../../data/ISIC_2024_Permissive_Training_Input/ISIC_5221028.jpg
ISIC_8456166,0.0,../../../data/ISIC_2024_Permissive_Training_Input/ISIC_8456166.jpg
ISIC_4343320,0.0,../../../data/ISIC_2024_Permissive_Training_Input/ISIC_4343320.jpg
melanoma_8556,1.0,../../../data/hand_filtered_dataset/malignant/mel_train/melanoma_8556.jpg
ISIC_3438899,0.0,../../../data/ISIC_2024_Permissive_Training_Input/ISIC_3438899.jpg
ISIC_1860563,0.0,../../../data/ISIC_2024_Permissive_Training_Input/ISIC_1860563.jpg
melanoma_5486,1.0,../../../data/hand_filtered_dataset/malignant/mel_train/melanoma_5486.jpg
melanoma_9186,1.0,../../../data/hand_filtered_dataset/malignant/mel_train/melanoma_9186.jpg
ISIC_4193082,0.0,../../../data/ISIC_2024_Permissive_Training_Input/ISIC_4193082.jpg
ISIC_1415211,0.0,../../../data/ISIC_2024_Permissive_Training_Input/ISIC_1415211.jpg
ISIC_4941393,0.0,../../../data/ISIC_2024_Permissive_Training_Input/ISIC_4941393.jpg
ISIC_9646218,0.0,../../../data/ISIC_2024_Permissive_Training_Input/ISIC_9646218.jpg
ISIC_2321132,0.0,../../../data/ISIC_2024_Permissive_Training_Input/ISIC_2321132.jpg
ISIC_2604412,1.0,../../../data/ISIC_2024_Permissive_Training_Input/ISIC_2604412.jpg
melanoma_8059,1.0,../../../data/hand_filtered_dataset/malignant/mel_train/melanoma_8059.jpg
ISIC_3875838,0.0,../../../data/ISIC_2024_Permissive_Training_Input/ISIC_3875838.jpg
ISIC_5542071,1.0,../../../data/ISIC_2024_Permissive_Training_Input/ISIC_5542071.jpg
melanoma_9335,1.0,../../../data/hand_filtered_dataset/malignant/mel_train/melanoma_9335.jpg
ISIC_9638935,0.0,../../../data/ISIC_2024_Permissive_Training_Input/ISIC_9638935.jpg
melanoma_5423,1.0,../../../data/hand_filtered_dataset/malignant/mel_train/melanoma_5423.jpg
melanoma_7657,1.0,../../../data/hand_filtered_dataset/malignant/mel_train/melanoma_7657.jpg
ISIC_4778039,0.0,../../../data/ISIC_2024_Permissive_Training_Input/ISIC_4778039.jpg
ISIC_2530292,0.0,../../../data/ISIC_2024_Permissive_Training_Input/ISIC_2530292.jpg
ISIC_3025187,0.0,../../../data/ISIC_2024_Permissive_Training_Input/ISIC_3025187.jpg
melanoma_5966,1.0,../../../data/hand_filtered_dataset/malignant/mel_train/melanoma_5966.jpg
ISIC_0922500,0.0,../../../data/ISIC_2024_Permissive_Training_Input/ISIC_0922500.jpg
ISIC_1503428,0.0,../../../data/ISIC_2024_Permissive_Training_Input/ISIC_1503428.jpg
melanoma_5142,1.0,../../../data/hand_filtered_dataset/malignant/mel_train/melanoma_5142.jpg
melanoma_8716,1.0,../../../data/hand_filtered_dataset/malignant/mel_train/melanoma_8716.jpg
melanoma_6100,1.0,../../../data/hand_filtered_dataset/malignant/mel_train/melanoma_6100.jpg
melanoma_7612,1.0,../../../data/hand_filtered_dataset/malignant/mel_train/melanoma_7612.jpg
melanoma_5967,1.0,../../../data/hand_filtered_dataset/malignant/mel_train/melanoma_5967.jpg
melanoma_6397,1.0,../../../data/hand_filtered_dataset/malignant/mel_train/melanoma_6397.jpg
melanoma_5923,1.0,../../../data/hand_filtered_dataset/malignant/mel_train/melanoma_5923.jpg
ISIC_0330452,1.0,../../../data/ISIC_2024_Permissive_Training_Input/ISIC_0330452.jpg
ISIC_6364705,0.0,../../../data/ISIC_2024_Permissive_Training_Input/ISIC_6364705.jpg
melanoma_6723,1.0,../../../data/hand_filtered_dataset/malignant/mel_train/melanoma_6723.jpg
ISIC_9366885,0.0,../../../data/ISIC_2024_Permissive_Training_Input/ISIC_9366885.jpg
ISIC_4333726,0.0,../../../data/ISIC_2024_Permissive_Training_Input/ISIC_4333726.jpg
ISIC_0459158,0.0,../../../data/ISIC_2024_Permissive_Training_Input/ISIC_0459158.jpg
ISIC_3831348,1.0,../../../data/ISIC_2024_Permissive_Training_Input/ISIC_3831348.jpg
ISIC_3548513,0.0,../../../data/ISIC_2024_Permissive_Training_Input/ISIC_3548513.jpg
ISIC_3343615,0.0,../../../data/ISIC_2024_Permissive_Training_Input/ISIC_3343615.jpg
melanoma_5703,1.0,../../../data/hand_filtered_dataset/malignant/mel_train/melanoma_5703.jpg
ISIC_6576319,0.0,../../../data/ISIC_2024_Permissive_Training_Input/ISIC_6576319.jpg
melanoma_9507,1.0,../../../data/hand_filtered_dataset/malignant/mel_train/melanoma_9507.jpg
melanoma_6586,1.0,../../../data/hand_filtered_dataset/malignant/mel_train/melanoma_6586.jpg
melanoma_5321,1.0,../../../data/hand_filtered_dataset/malignant/mel_train/melanoma_5321.jpg
melanoma_7862,1.0,../../../data/hand_filtered_dataset/malignant/mel_train/melanoma_7862.jpg
ISIC_5384275,0.0,../../../data/ISIC_2024_Permissive_Training_Input/ISIC_5384275.jpg
melanoma_5920,1.0,../../../data/hand_filtered_dataset/malignant/mel_train/melanoma_5920.jpg
ISIC_7914764,0.0,../../../data/ISIC_2024_Permissive_Training_Input/ISIC_7914764.jpg
ISIC_2431234,0.0,../../../data/ISIC_2024_Permissive_Training_Input/ISIC_2431234.jpg
melanoma_8961,1.0,../../../data/hand_filtered_dataset/malignant/mel_train/melanoma_8961.jpg
melanoma_7675,1.0,../../../data/hand_filtered_dataset/malignant/mel_train/melanoma_7675.jpg
ISIC_0909875,0.0,../../../data/ISIC_2024_Permissive_Training_Input/ISIC_0909875.jpg
ISIC_3022229,0.0,../../../data/ISIC_2024_Permissive_Training_Input/ISIC_3022229.jpg
melanoma_9576,1.0,../../../data/hand_filtered_dataset/malignant/mel_train/melanoma_9576.jpg
ISIC_5496477,0.0,../../../data/ISIC_2024_Permissive_Training_Input/ISIC_5496477.jpg
melanoma_5690,1.0,../../../data/hand_filtered_dataset/malignant/mel_train/melanoma_5690.jpg
ISIC_1360888,0.0,../../../data/ISIC_2024_Permissive_Training_Input/ISIC_1360888.jpg
ISIC_4843324,1.0,../../../data/ISIC_2024_Permissive_Training_Input/ISIC_4843324.jpg
ISIC_0833245,0.0,../../../data/ISIC_2024_Permissive_Training_Input/ISIC_0833245.jpg
melanoma_9066,1.0,../../../data/hand_filtered_dataset/malignant/mel_train/melanoma_9066.jpg
ISIC_0116634,0.0,../../../data/ISIC_2024_Permissive_Training_Input/ISIC_0116634.jpg
ISIC_8448267,0.0,../../../data/ISIC_2024_Permissive_Training_Input/ISIC_8448267.jpg
ISIC_1631226,0.0,../../../data/ISIC_2024_Permissive_Training_Input/ISIC_1631226.jpg
ISIC_0763611,0.0,../../../data/ISIC_2024_Permissive_Training_Input/ISIC_0763611.jpg
ISIC_4685210,0.0,../../../data/ISIC_2024_Permissive_Training_Input/ISIC_4685210.jpg
ISIC_8101483,0.0,../../../data/ISIC_2024_Permissive_Training_Input/ISIC_8101483.jpg
ISIC_5271615,0.0,../../../data/ISIC_2024_Permissive_Training_Input/ISIC_5271615.jpg
ISIC_6730005,0.0,../../../data/ISIC_2024_Permissive_Training_Input/ISIC_6730005.jpg
melanoma_8572,1.0,../../../data/hand_filtered_dataset/malignant/mel_train/melanoma_8572.jpg
ISIC_7949951,0.0,../../../data/ISIC_2024_Permissive_Training_Input/ISIC_7949951.jpg
melanoma_8417,1.0,../../../data/hand_filtered_dataset/malignant/mel_train/melanoma_8417.jpg
melanoma_6782,1.0,../../../data/hand_filtered_dataset/malignant/mel_train/melanoma_6782.jpg
melanoma_7472,1.0,../../../data/hand_filtered_dataset/malignant/mel_train/melanoma_7472.jpg
melanoma_9084,1.0,../../../data/hand_filtered_dataset/malignant/mel_train/melanoma_9084.jpg
melanoma_6899,1.0,../../../data/hand_filtered_dataset/malignant/mel_train/melanoma_6899.jpg
melanoma_6223,1.0,../../../data/hand_filtered_dataset/malignant/mel_train/melanoma_6223.jpg
ISIC_2889724,0.0,../../../data/ISIC_2024_Permissive_Training_Input/ISIC_2889724.jpg
melanoma_7206,1.0,../../../data/hand_filtered_dataset/malignant/mel_train/melanoma_7206.jpg
ISIC_4537489,0.0,../../../data/ISIC_2024_Permissive_Training_Input/ISIC_4537489.jpg
melanoma_8475,1.0,../../../data/hand_filtered_dataset/malignant/mel_train/melanoma_8475.jpg
ISIC_1986463,0.0,../../../data/ISIC_2024_Permissive_Training_Input/ISIC_1986463.jpg
melanoma_5006,1.0,../../../data/hand_filtered_dataset/malignant/mel_train/melanoma_5006.jpg
melanoma_9575,1.0,../../../data/hand_filtered_dataset/malignant/mel_train/melanoma_9575.jpg
melanoma_6466,1.0,../../../data/hand_filtered_dataset/malignant/mel_train/melanoma_6466.jpg
melanoma_8355,1.0,../../../data/hand_filtered_dataset/malignant/mel_train/melanoma_8355.jpg
melanoma_8325,1.0,../../../data/hand_filtered_dataset/malignant/mel_train/melanoma_8325.jpg
melanoma_8338,1.0,../../../data/hand_filtered_dataset/malignant/mel_train/melanoma_8338.jpg
melanoma_6567,1.0,../../../data/hand_filtered_dataset/malignant/mel_train/melanoma_6567.jpg
ISIC_2708309,0.0,../../../data/ISIC_2024_Permissive_Training_Input/ISIC_2708309.jpg
melanoma_7114,1.0,../../../data/hand_filtered_dataset/malignant/mel_train/melanoma_7114.jpg
ISIC_4558229,1.0,../../../data/ISIC_2024_Permissive_Training_Input/ISIC_4558229.jpg
ISIC_8572778,0.0,../../../data/ISIC_2024_Permissive_Training_Input/ISIC_8572778.jpg
ISIC_4290966,0.0,../../../data/ISIC_2024_Permissive_Training_Input/ISIC_4290966.jpg
ISIC_1330068,0.0,../../../data/ISIC_2024_Permissive_Training_Input/ISIC_1330068.jpg
melanoma_9099,1.0,../../../data/hand_filtered_dataset/malignant/mel_train/melanoma_9099.jpg
melanoma_6454,1.0,../../../data/hand_filtered_dataset/malignant/mel_train/melanoma_6454.jpg
melanoma_9200,1.0,../../../data/hand_filtered_dataset/malignant/mel_train/melanoma_9200.jpg
ISIC_2386221,0.0,../../../data/ISIC_2024_Permissive_Training_Input/ISIC_2386221.jpg
ISIC_3156688,1.0,../../../data/ISIC_2024_Permissive_Training_Input/ISIC_3156688.jpg
ISIC_1446997,0.0,../../../data/ISIC_2024_Permissive_Training_Input/ISIC_1446997.jpg
ISIC_4514841,0.0,../../../data/ISIC_2024_Permissive_Training_Input/ISIC_4514841.jpg
ISIC_9027440,0.0,../../../data/ISIC_2024_Permissive_Training_Input/ISIC_9027440.jpg
melanoma_5732,1.0,../../../data/hand_filtered_dataset/malignant/mel_train/melanoma_5732.jpg
melanoma_7259,1.0,../../../data/hand_filtered_dataset/malignant/mel_train/melanoma_7259.jpg
melanoma_9111,1.0,../../../data/hand_filtered_dataset/malignant/mel_train/melanoma_9111.jpg
ISIC_8398547,0.0,../../../data/ISIC_2024_Permissive_Training_Input/ISIC_8398547.jpg
ISIC_8665442,0.0,../../../data/ISIC_2024_Permissive_Training_Input/ISIC_8665442.jpg
ISIC_2727759,0.0,../../../data/ISIC_2024_Permissive_Training_Input/ISIC_2727759.jpg
ISIC_2470046,0.0,../../../data/ISIC_2024_Permissive_Training_Input/ISIC_2470046.jpg
melanoma_5656,1.0,../../../data/hand_filtered_dataset/malignant/mel_train/melanoma_5656.jpg
melanoma_7589,1.0,../../../data/hand_filtered_dataset/malignant/mel_train/melanoma_7589.jpg
ISIC_6604395,0.0,../../../data/ISIC_2024_Permissive_Training_Input/ISIC_6604395.jpg
melanoma_5385,1.0,../../../data/hand_filtered_dataset/malignant/mel_train/melanoma_5385.jpg
ISIC_5365202,0.0,../../../data/ISIC_2024_Permissive_Training_Input/ISIC_5365202.jpg
melanoma_6423,1.0,../../../data/hand_filtered_dataset/malignant/mel_train/melanoma_6423.jpg
ISIC_9244650,0.0,../../../data/ISIC_2024_Permissive_Training_Input/ISIC_9244650.jpg
melanoma_9552,1.0,../../../data/hand_filtered_dataset/malignant/mel_train/melanoma_9552.jpg
ISIC_6341658,0.0,../../../data/ISIC_2024_Permissive_Training_Input/ISIC_6341658.jpg
ISIC_6622648,0.0,../../../data/ISIC_2024_Permissive_Training_Input/ISIC_6622648.jpg
melanoma_9453,1.0,../../../data/hand_filtered_dataset/malignant/mel_train/melanoma_9453.jpg
ISIC_5537462,0.0,../../../data/ISIC_2024_Permissive_Training_Input/ISIC_5537462.jpg
ISIC_5739236,0.0,../../../data/ISIC_2024_Permissive_Training_Input/ISIC_5739236.jpg
ISIC_3429585,0.0,../../../data/ISIC_2024_Permissive_Training_Input/ISIC_3429585.jpg
ISIC_9825546,0.0,../../../data/ISIC_2024_Permissive_Training_Input/ISIC_9825546.jpg
melanoma_6484,1.0,../../../data/hand_filtered_dataset/malignant/mel_train/melanoma_6484.jpg
melanoma_9224,1.0,../../../data/hand_filtered_dataset/malignant/mel_train/melanoma_9224.jpg
ISIC_7897338,0.0,../../../data/ISIC_2024_Permissive_Training_Input/ISIC_7897338.jpg
melanoma_9481,1.0,../../../data/hand_filtered_dataset/malignant/mel_train/melanoma_9481.jpg
ISIC_3254725,0.0,../../../data/ISIC_2024_Permissive_Training_Input/ISIC_3254725.jpg
melanoma_5571,1.0,../../../data/hand_filtered_dataset/malignant/mel_train/melanoma_5571.jpg
melanoma_5323,1.0,../../../data/hand_filtered_dataset/malignant/mel_train/melanoma_5323.jpg
ISIC_7305054,0.0,../../../data/ISIC_2024_Permissive_Training_Input/ISIC_7305054.jpg
melanoma_7018,1.0,../../../data/hand_filtered_dataset/malignant/mel_train/melanoma_7018.jpg
ISIC_5002269,0.0,../../../data/ISIC_2024_Permissive_Training_Input/ISIC_5002269.jpg
ISIC_2512604,0.0,../../../data/ISIC_2024_Permissive_Training_Input/ISIC_2512604.jpg
ISIC_9200702,0.0,../../../data/ISIC_2024_Permissive_Training_Input/ISIC_9200702.jpg
ISIC_4010972,0.0,../../../data/ISIC_2024_Permissive_Training_Input/ISIC_4010972.jpg
ISIC_0817018,0.0,../../../data/ISIC_2024_Permissive_Training_Input/ISIC_0817018.jpg
ISIC_7725734,0.0,../../../data/ISIC_2024_Permissive_Training_Input/ISIC_7725734.jpg
melanoma_7271,1.0,../../../data/hand_filtered_dataset/malignant/mel_train/melanoma_7271.jpg
ISIC_4367682,0.0,../../../data/ISIC_2024_Permissive_Training_Input/ISIC_4367682.jpg
ISIC_3921012,1.0,../../../data/ISIC_2024_Permissive_Training_Input/ISIC_3921012.jpg
ISIC_9040216,0.0,../../../data/ISIC_2024_Permissive_Training_Input/ISIC_9040216.jpg
melanoma_7487,1.0,../../../data/hand_filtered_dataset/malignant/mel_train/melanoma_7487.jpg
melanoma_7379,1.0,../../../data/hand_filtered_dataset/malignant/mel_train/melanoma_7379.jpg
melanoma_5219,1.0,../../../data/hand_filtered_dataset/malignant/mel_train/melanoma_5219.jpg
ISIC_0119495,1.0,../../../data/ISIC_2024_Permissive_Training_Input/ISIC_0119495.jpg
melanoma_7982,1.0,../../../data/hand_filtered_dataset/malignant/mel_train/melanoma_7982.jpg
ISIC_7170153,0.0,../../../data/ISIC_2024_Permissive_Training_Input/ISIC_7170153.jpg
melanoma_8523,1.0,../../../data/hand_filtered_dataset/malignant/mel_train/melanoma_8523.jpg
ISIC_9718863,0.0,../../../data/ISIC_2024_Permissive_Training_Input/ISIC_9718863.jpg
ISIC_1209141,0.0,../../../data/ISIC_2024_Permissive_Training_Input/ISIC_1209141.jpg
ISIC_3456342,0.0,../../../data/ISIC_2024_Permissive_Training_Input/ISIC_3456342.jpg
melanoma_6689,1.0,../../../data/hand_filtered_dataset/malignant/mel_train/melanoma_6689.jpg
ISIC_6435852,0.0,../../../data/ISIC_2024_Permissive_Training_Input/ISIC_6435852.jpg
ISIC_1792562,1.0,../../../data/ISIC_2024_Permissive_Training_Input/ISIC_1792562.jpg
ISIC_5486443,0.0,../../../data/ISIC_2024_Permissive_Training_Input/ISIC_5486443.jpg
ISIC_7720195,0.0,../../../data/ISIC_2024_Permissive_Training_Input/ISIC_7720195.jpg
ISIC_7607546,0.0,../../../data/ISIC_2024_Permissive_Training_Input/ISIC_7607546.jpg
melanoma_8354,1.0,../../../data/hand_filtered_dataset/malignant/mel_train/melanoma_8354.jpg
melanoma_8302,1.0,../../../data/hand_filtered_dataset/malignant/mel_train/melanoma_8302.jpg
ISIC_6531388,0.0,../../../data/ISIC_2024_Permissive_Training_Input/ISIC_6531388.jpg
melanoma_6794,1.0,../../../data/hand_filtered_dataset/malignant/mel_train/melanoma_6794.jpg
ISIC_4986995,0.0,../../../data/ISIC_2024_Permissive_Training_Input/ISIC_4986995.jpg
ISIC_4825739,0.0,../../../data/ISIC_2024_Permissive_Training_Input/ISIC_4825739.jpg
ISIC_3715684,0.0,../../../data/ISIC_2024_Permissive_Training_Input/ISIC_3715684.jpg
melanoma_8959,1.0,../../../data/hand_filtered_dataset/malignant/mel_train/melanoma_8959.jpg
melanoma_6269,1.0,../../../data/hand_filtered_dataset/malignant/mel_train/melanoma_6269.jpg
ISIC_7155922,0.0,../../../data/ISIC_2024_Permissive_Training_Input/ISIC_7155922.jpg
melanoma_9104,1.0,../../../data/hand_filtered_dataset/malignant/mel_train/melanoma_9104.jpg
melanoma_8649,1.0,../../../data/hand_filtered_dataset/malignant/mel_train/melanoma_8649.jpg
melanoma_5989,1.0,../../../data/hand_filtered_dataset/malignant/mel_train/melanoma_5989.jpg
melanoma_8124,1.0,../../../data/hand_filtered_dataset/malignant/mel_train/melanoma_8124.jpg
ISIC_1393768,0.0,../../../data/ISIC_2024_Permissive_Training_Input/ISIC_1393768.jpg
ISIC_2306161,0.0,../../../data/ISIC_2024_Permissive_Training_Input/ISIC_2306161.jpg
melanoma_6973,1.0,../../../data/hand_filtered_dataset/malignant/mel_train/melanoma_6973.jpg
melanoma_7344,1.0,../../../data/hand_filtered_dataset/malignant/mel_train/melanoma_7344.jpg
ISIC_8218426,0.0,../../../data/ISIC_2024_Permissive_Training_Input/ISIC_8218426.jpg
ISIC_7156396,0.0,../../../data/ISIC_2024_Permissive_Training_Input/ISIC_7156396.jpg
ISIC_6547619,0.0,../../../data/ISIC_2024_Permissive_Training_Input/ISIC_6547619.jpg
ISIC_1304058,0.0,../../../data/ISIC_2024_Permissive_Training_Input/ISIC_1304058.jpg
ISIC_9752760,0.0,../../../data/ISIC_2024_Permissive_Training_Input/ISIC_9752760.jpg
ISIC_7878481,0.0,../../../data/ISIC_2024_Permissive_Training_Input/ISIC_7878481.jpg
ISIC_3161774,0.0,../../../data/ISIC_2024_Permissive_Training_Input/ISIC_3161774.jpg
ISIC_0275647,1.0,../../../data/ISIC_2024_Permissive_Training_Input/ISIC_0275647.jpg
melanoma_5192,1.0,../../../data/hand_filtered_dataset/malignant/mel_train/melanoma_5192.jpg
melanoma_8342,1.0,../../../data/hand_filtered_dataset/malignant/mel_train/melanoma_8342.jpg
melanoma_5104,1.0,../../../data/hand_filtered_dataset/malignant/mel_train/melanoma_5104.jpg
ISIC_8111620,0.0,../../../data/ISIC_2024_Permissive_Training_Input/ISIC_8111620.jpg
ISIC_6998828,0.0,../../../data/ISIC_2024_Permissive_Training_Input/ISIC_6998828.jpg
ISIC_5500732,0.0,../../../data/ISIC_2024_Permissive_Training_Input/ISIC_5500732.jpg
melanoma_8412,1.0,../../../data/hand_filtered_dataset/malignant/mel_train/melanoma_8412.jpg
ISIC_9570152,0.0,../../../data/ISIC_2024_Permissive_Training_Input/ISIC_9570152.jpg
melanoma_9319,1.0,../../../data/hand_filtered_dataset/malignant/mel_train/melanoma_9319.jpg
ISIC_4773980,0.0,../../../data/ISIC_2024_Permissive_Training_Input/ISIC_4773980.jpg
melanoma_6134,1.0,../../../data/hand_filtered_dataset/malignant/mel_train/melanoma_6134.jpg
melanoma_7499,1.0,../../../data/hand_filtered_dataset/malignant/mel_train/melanoma_7499.jpg
melanoma_5178,1.0,../../../data/hand_filtered_dataset/malignant/mel_train/melanoma_5178.jpg
melanoma_5021,1.0,../../../data/hand_filtered_dataset/malignant/mel_train/melanoma_5021.jpg
ISIC_4105767,0.0,../../../data/ISIC_2024_Permissive_Training_Input/ISIC_4105767.jpg
melanoma_8295,1.0,../../../data/hand_filtered_dataset/malignant/mel_train/melanoma_8295.jpg
ISIC_4460791,0.0,../../../data/ISIC_2024_Permissive_Training_Input/ISIC_4460791.jpg
ISIC_9495306,0.0,../../../data/ISIC_2024_Permissive_Training_Input/ISIC_9495306.jpg
melanoma_7164,1.0,../../../data/hand_filtered_dataset/malignant/mel_train/melanoma_7164.jpg
ISIC_3924635,0.0,../../../data/ISIC_2024_Permissive_Training_Input/ISIC_3924635.jpg
ISIC_2256791,0.0,../../../data/ISIC_2024_Permissive_Training_Input/ISIC_2256791.jpg
ISIC_3410196,0.0,../../../data/ISIC_2024_Permissive_Training_Input/ISIC_3410196.jpg
melanoma_9511,1.0,../../../data/hand_filtered_dataset/malignant/mel_train/melanoma_9511.jpg
ISIC_1863390,0.0,../../../data/ISIC_2024_Permissive_Training_Input/ISIC_1863390.jpg
ISIC_6441475,0.0,../../../data/ISIC_2024_Permissive_Training_Input/ISIC_6441475.jpg
ISIC_5230080,0.0,../../../data/ISIC_2024_Permissive_Training_Input/ISIC_5230080.jpg
ISIC_1414336,0.0,../../../data/ISIC_2024_Permissive_Training_Input/ISIC_1414336.jpg
ISIC_8780022,0.0,../../../data/ISIC_2024_Permissive_Training_Input/ISIC_8780022.jpg
ISIC_2502551,0.0,../../../data/ISIC_2024_Permissive_Training_Input/ISIC_2502551.jpg
melanoma_6380,1.0,../../../data/hand_filtered_dataset/malignant/mel_train/melanoma_6380.jpg
melanoma_7179,1.0,../../../data/hand_filtered_dataset/malignant/mel_train/melanoma_7179.jpg
ISIC_3562900,0.0,../../../data/ISIC_2024_Permissive_Training_Input/ISIC_3562900.jpg
melanoma_9497,1.0,../../../data/hand_filtered_dataset/malignant/mel_train/melanoma_9497.jpg
melanoma_7970,1.0,../../../data/hand_filtered_dataset/malignant/mel_train/melanoma_7970.jpg
melanoma_5507,1.0,../../../data/hand_filtered_dataset/malignant/mel_train/melanoma_5507.jpg
ISIC_2507717,0.0,../../../data/ISIC_2024_Permissive_Training_Input/ISIC_2507717.jpg
ISIC_0377108,0.0,../../../data/ISIC_2024_Permissive_Training_Input/ISIC_0377108.jpg
ISIC_5167425,0.0,../../../data/ISIC_2024_Permissive_Training_Input/ISIC_5167425.jpg
ISIC_2651179,0.0,../../../data/ISIC_2024_Permissive_Training_Input/ISIC_2651179.jpg
melanoma_9595,1.0,../../../data/hand_filtered_dataset/malignant/mel_train/melanoma_9595.jpg
ISIC_5455096,0.0,../../../data/ISIC_2024_Permissive_Training_Input/ISIC_5455096.jpg
ISIC_3018760,0.0,../../../data/ISIC_2024_Permissive_Training_Input/ISIC_3018760.jpg
ISIC_3585149,1.0,../../../data/ISIC_2024_Permissive_Training_Input/ISIC_3585149.jpg
ISIC_1295172,0.0,../../../data/ISIC_2024_Permissive_Training_Input/ISIC_1295172.jpg
ISIC_5952462,0.0,../../../data/ISIC_2024_Permissive_Training_Input/ISIC_5952462.jpg
ISIC_2155202,0.0,../../../data/ISIC_2024_Permissive_Training_Input/ISIC_2155202.jpg
ISIC_4051620,0.0,../../../data/ISIC_2024_Permissive_Training_Input/ISIC_4051620.jpg
ISIC_2451696,0.0,../../../data/ISIC_2024_Permissive_Training_Input/ISIC_2451696.jpg
melanoma_5866,1.0,../../../data/hand_filtered_dataset/malignant/mel_train/melanoma_5866.jpg
melanoma_8279,1.0,../../../data/hand_filtered_dataset/malignant/mel_train/melanoma_8279.jpg
ISIC_6359447,0.0,../../../data/ISIC_2024_Permissive_Training_Input/ISIC_6359447.jpg
melanoma_6437,1.0,../../../data/hand_filtered_dataset/malignant/mel_train/melanoma_6437.jpg
melanoma_8563,1.0,../../../data/hand_filtered_dataset/malignant/mel_train/melanoma_8563.jpg
ISIC_1594283,0.0,../../../data/ISIC_2024_Permissive_Training_Input/ISIC_1594283.jpg
melanoma_6812,1.0,../../../data/hand_filtered_dataset/malignant/mel_train/melanoma_6812.jpg
ISIC_6407904,0.0,../../../data/ISIC_2024_Permissive_Training_Input/ISIC_6407904.jpg
melanoma_5797,1.0,../../../data/hand_filtered_dataset/malignant/mel_train/melanoma_5797.jpg
ISIC_3314240,0.0,../../../data/ISIC_2024_Permissive_Training_Input/ISIC_3314240.jpg
melanoma_9000,1.0,../../../data/hand_filtered_dataset/malignant/mel_train/melanoma_9000.jpg
melanoma_9347,1.0,../../../data/hand_filtered_dataset/malignant/mel_train/melanoma_9347.jpg
ISIC_8820491,0.0,../../../data/ISIC_2024_Permissive_Training_Input/ISIC_8820491.jpg
melanoma_9069,1.0,../../../data/hand_filtered_dataset/malignant/mel_train/melanoma_9069.jpg
ISIC_9756272,0.0,../../../data/ISIC_2024_Permissive_Training_Input/ISIC_9756272.jpg
melanoma_7877,1.0,../../../data/hand_filtered_dataset/malignant/mel_train/melanoma_7877.jpg
melanoma_7161,1.0,../../../data/hand_filtered_dataset/malignant/mel_train/melanoma_7161.jpg
melanoma_9044,1.0,../../../data/hand_filtered_dataset/malignant/mel_train/melanoma_9044.jpg
ISIC_6788763,0.0,../../../data/ISIC_2024_Permissive_Training_Input/ISIC_6788763.jpg
melanoma_6797,1.0,../../../data/hand_filtered_dataset/malignant/mel_train/melanoma_6797.jpg
melanoma_6597,1.0,../../../data/hand_filtered_dataset/malignant/mel_train/melanoma_6597.jpg
ISIC_1071408,1.0,../../../data/ISIC_2024_Permissive_Training_Input/ISIC_1071408.jpg
ISIC_9408327,0.0,../../../data/ISIC_2024_Permissive_Training_Input/ISIC_9408327.jpg
melanoma_5114,1.0,../../../data/hand_filtered_dataset/malignant/mel_train/melanoma_5114.jpg
melanoma_5877,1.0,../../../data/hand_filtered_dataset/malignant/mel_train/melanoma_5877.jpg
ISIC_9172549,0.0,../../../data/ISIC_2024_Permissive_Training_Input/ISIC_9172549.jpg
melanoma_8515,1.0,../../../data/hand_filtered_dataset/malignant/mel_train/melanoma_8515.jpg
ISIC_2481793,0.0,../../../data/ISIC_2024_Permissive_Training_Input/ISIC_2481793.jpg
ISIC_9780145,0.0,../../../data/ISIC_2024_Permissive_Training_Input/ISIC_9780145.jpg
melanoma_7293,1.0,../../../data/hand_filtered_dataset/malignant/mel_train/melanoma_7293.jpg
ISIC_4717719,0.0,../../../data/ISIC_2024_Permissive_Training_Input/ISIC_4717719.jpg
ISIC_9714988,0.0,../../../data/ISIC_2024_Permissive_Training_Input/ISIC_9714988.jpg
ISIC_9647410,0.0,../../../data/ISIC_2024_Permissive_Training_Input/ISIC_9647410.jpg
melanoma_8573,1.0,../../../data/hand_filtered_dataset/malignant/mel_train/melanoma_8573.jpg
melanoma_5258,1.0,../../../data/hand_filtered_dataset/malignant/mel_train/melanoma_5258.jpg
melanoma_6766,1.0,../../../data/hand_filtered_dataset/malignant/mel_train/melanoma_6766.jpg
ISIC_4263405,0.0,../../../data/ISIC_2024_Permissive_Training_Input/ISIC_4263405.jpg
ISIC_3065168,0.0,../../../data/ISIC_2024_Permissive_Training_Input/ISIC_3065168.jpg
melanoma_7960,1.0,../../../data/hand_filtered_dataset/malignant/mel_train/melanoma_7960.jpg
melanoma_9094,1.0,../../../data/hand_filtered_dataset/malignant/mel_train/melanoma_9094.jpg
ISIC_3032778,0.0,../../../data/ISIC_2024_Permissive_Training_Input/ISIC_3032778.jpg
ISIC_6952666,0.0,../../../data/ISIC_2024_Permissive_Training_Input/ISIC_6952666.jpg
melanoma_5879,1.0,../../../data/hand_filtered_dataset/malignant/mel_train/melanoma_5879.jpg
ISIC_8419188,0.0,../../../data/ISIC_2024_Permissive_Training_Input/ISIC_8419188.jpg
ISIC_9047938,0.0,../../../data/ISIC_2024_Permissive_Training_Input/ISIC_9047938.jpg
ISIC_3721737,0.0,../../../data/ISIC_2024_Permissive_Training_Input/ISIC_3721737.jpg
ISIC_4942562,0.0,../../../data/ISIC_2024_Permissive_Training_Input/ISIC_4942562.jpg
melanoma_7628,1.0,../../../data/hand_filtered_dataset/malignant/mel_train/melanoma_7628.jpg
ISIC_1705108,1.0,../../../data/ISIC_2024_Permissive_Training_Input/ISIC_1705108.jpg
melanoma_6840,1.0,../../../data/hand_filtered_dataset/malignant/mel_train/melanoma_6840.jpg
ISIC_9002285,0.0,../../../data/ISIC_2024_Permissive_Training_Input/ISIC_9002285.jpg
ISIC_7646902,0.0,../../../data/ISIC_2024_Permissive_Training_Input/ISIC_7646902.jpg
ISIC_1145601,1.0,../../../data/ISIC_2024_Permissive_Training_Input/ISIC_1145601.jpg
ISIC_0123699,0.0,../../../data/ISIC_2024_Permissive_Training_Input/ISIC_0123699.jpg
ISIC_2055566,0.0,../../../data/ISIC_2024_Permissive_Training_Input/ISIC_2055566.jpg
ISIC_5810271,0.0,../../../data/ISIC_2024_Permissive_Training_Input/ISIC_5810271.jpg
melanoma_6979,1.0,../../../data/hand_filtered_dataset/malignant/mel_train/melanoma_6979.jpg
ISIC_2048820,0.0,../../../data/ISIC_2024_Permissive_Training_Input/ISIC_2048820.jpg
ISIC_3265795,0.0,../../../data/ISIC_2024_Permissive_Training_Input/ISIC_3265795.jpg
ISIC_3389482,0.0,../../../data/ISIC_2024_Permissive_Training_Input/ISIC_3389482.jpg
melanoma_6023,1.0,../../../data/hand_filtered_dataset/malignant/mel_train/melanoma_6023.jpg
ISIC_1306995,0.0,../../../data/ISIC_2024_Permissive_Training_Input/ISIC_1306995.jpg
ISIC_1946448,0.0,../../../data/ISIC_2024_Permissive_Training_Input/ISIC_1946448.jpg
ISIC_3780711,1.0,../../../data/ISIC_2024_Permissive_Training_Input/ISIC_3780711.jpg
ISIC_1672652,0.0,../../../data/ISIC_2024_Permissive_Training_Input/ISIC_1672652.jpg
ISIC_2764427,0.0,../../../data/ISIC_2024_Permissive_Training_Input/ISIC_2764427.jpg
melanoma_6541,1.0,../../../data/hand_filtered_dataset/malignant/mel_train/melanoma_6541.jpg
ISIC_4473762,0.0,../../../data/ISIC_2024_Permissive_Training_Input/ISIC_4473762.jpg
ISIC_3387548,0.0,../../../data/ISIC_2024_Permissive_Training_Input/ISIC_3387548.jpg
melanoma_5317,1.0,../../../data/hand_filtered_dataset/malignant/mel_train/melanoma_5317.jpg
melanoma_6784,1.0,../../../data/hand_filtered_dataset/malignant/mel_train/melanoma_6784.jpg
ISIC_1352960,0.0,../../../data/ISIC_2024_Permissive_Training_Input/ISIC_1352960.jpg
melanoma_6946,1.0,../../../data/hand_filtered_dataset/malignant/mel_train/melanoma_6946.jpg
ISIC_3116894,0.0,../../../data/ISIC_2024_Permissive_Training_Input/ISIC_3116894.jpg
melanoma_5399,1.0,../../../data/hand_filtered_dataset/malignant/mel_train/melanoma_5399.jpg
ISIC_0956553,0.0,../../../data/ISIC_2024_Permissive_Training_Input/ISIC_0956553.jpg
melanoma_5962,1.0,../../../data/hand_filtered_dataset/malignant/mel_train/melanoma_5962.jpg
ISIC_5380478,0.0,../../../data/ISIC_2024_Permissive_Training_Input/ISIC_5380478.jpg
melanoma_6616,1.0,../../../data/hand_filtered_dataset/malignant/mel_train/melanoma_6616.jpg
ISIC_6322416,0.0,../../../data/ISIC_2024_Permissive_Training_Input/ISIC_6322416.jpg
melanoma_7696,1.0,../../../data/hand_filtered_dataset/malignant/mel_train/melanoma_7696.jpg
melanoma_6029,1.0,../../../data/hand_filtered_dataset/malignant/mel_train/melanoma_6029.jpg
ISIC_9735344,1.0,../../../data/ISIC_2024_Permissive_Training_Input/ISIC_9735344.jpg
ISIC_1171991,0.0,../../../data/ISIC_2024_Permissive_Training_Input/ISIC_1171991.jpg
ISIC_5949453,0.0,../../../data/ISIC_2024_Permissive_Training_Input/ISIC_5949453.jpg
ISIC_5667508,0.0,../../../data/ISIC_2024_Permissive_Training_Input/ISIC_5667508.jpg
ISIC_4033924,0.0,../../../data/ISIC_2024_Permissive_Training_Input/ISIC_4033924.jpg
ISIC_2291655,0.0,../../../data/ISIC_2024_Permissive_Training_Input/ISIC_2291655.jpg
melanoma_7491,1.0,../../../data/hand_filtered_dataset/malignant/mel_train/melanoma_7491.jpg
ISIC_6815328,0.0,../../../data/ISIC_2024_Permissive_Training_Input/ISIC_6815328.jpg
ISIC_6730784,1.0,../../../data/ISIC_2024_Permissive_Training_Input/ISIC_6730784.jpg
melanoma_8448,1.0,../../../data/hand_filtered_dataset/malignant/mel_train/melanoma_8448.jpg
ISIC_8069610,0.0,../../../data/ISIC_2024_Permissive_Training_Input/ISIC_8069610.jpg
melanoma_5285,1.0,../../../data/hand_filtered_dataset/malignant/mel_train/melanoma_5285.jpg
ISIC_5670838,0.0,../../../data/ISIC_2024_Permissive_Training_Input/ISIC_5670838.jpg
ISIC_6242031,1.0,../../../data/ISIC_2024_Permissive_Training_Input/ISIC_6242031.jpg
melanoma_6477,1.0,../../../data/hand_filtered_dataset/malignant/mel_train/melanoma_6477.jpg
melanoma_6552,1.0,../../../data/hand_filtered_dataset/malignant/mel_train/melanoma_6552.jpg
melanoma_5144,1.0,../../../data/hand_filtered_dataset/malignant/mel_train/melanoma_5144.jpg
melanoma_5647,1.0,../../../data/hand_filtered_dataset/malignant/mel_train/melanoma_5647.jpg
melanoma_6836,1.0,../../../data/hand_filtered_dataset/malignant/mel_train/melanoma_6836.jpg
ISIC_5233903,0.0,../../../data/ISIC_2024_Permissive_Training_Input/ISIC_5233903.jpg
ISIC_8235934,0.0,../../../data/ISIC_2024_Permissive_Training_Input/ISIC_8235934.jpg
melanoma_7257,1.0,../../../data/hand_filtered_dataset/malignant/mel_train/melanoma_7257.jpg
melanoma_5012,1.0,../../../data/hand_filtered_dataset/malignant/mel_train/melanoma_5012.jpg
ISIC_1309841,0.0,../../../data/ISIC_2024_Permissive_Training_Input/ISIC_1309841.jpg
ISIC_0444337,0.0,../../../data/ISIC_2024_Permissive_Training_Input/ISIC_0444337.jpg
ISIC_9974892,0.0,../../../data/ISIC_2024_Permissive_Training_Input/ISIC_9974892.jpg
melanoma_5141,1.0,../../../data/hand_filtered_dataset/malignant/mel_train/melanoma_5141.jpg
ISIC_6592591,0.0,../../../data/ISIC_2024_Permissive_Training_Input/ISIC_6592591.jpg
ISIC_9318686,0.0,../../../data/ISIC_2024_Permissive_Training_Input/ISIC_9318686.jpg
melanoma_5566,1.0,../../../data/hand_filtered_dataset/malignant/mel_train/melanoma_5566.jpg
ISIC_1737117,0.0,../../../data/ISIC_2024_Permissive_Training_Input/ISIC_1737117.jpg
melanoma_7649,1.0,../../../data/hand_filtered_dataset/malignant/mel_train/melanoma_7649.jpg
melanoma_9148,1.0,../../../data/hand_filtered_dataset/malignant/mel_train/melanoma_9148.jpg
ISIC_6223184,0.0,../../../data/ISIC_2024_Permissive_Training_Input/ISIC_6223184.jpg
ISIC_9533979,0.0,../../../data/ISIC_2024_Permissive_Training_Input/ISIC_9533979.jpg
melanoma_8612,1.0,../../../data/hand_filtered_dataset/malignant/mel_train/melanoma_8612.jpg
ISIC_7585796,0.0,../../../data/ISIC_2024_Permissive_Training_Input/ISIC_7585796.jpg
ISIC_0598352,0.0,../../../data/ISIC_2024_Permissive_Training_Input/ISIC_0598352.jpg
ISIC_5801036,0.0,../../../data/ISIC_2024_Permissive_Training_Input/ISIC_5801036.jpg
melanoma_8513,1.0,../../../data/hand_filtered_dataset/malignant/mel_train/melanoma_8513.jpg
ISIC_7335741,0.0,../../../data/ISIC_2024_Permissive_Training_Input/ISIC_7335741.jpg
ISIC_0406471,0.0,../../../data/ISIC_2024_Permissive_Training_Input/ISIC_0406471.jpg
melanoma_5230,1.0,../../../data/hand_filtered_dataset/malignant/mel_train/melanoma_5230.jpg
ISIC_8774692,0.0,../../../data/ISIC_2024_Permissive_Training_Input/ISIC_8774692.jpg
melanoma_7376,1.0,../../../data/hand_filtered_dataset/malignant/mel_train/melanoma_7376.jpg
ISIC_3893892,0.0,../../../data/ISIC_2024_Permissive_Training_Input/ISIC_3893892.jpg
ISIC_4330808,0.0,../../../data/ISIC_2024_Permissive_Training_Input/ISIC_4330808.jpg
ISIC_3876213,0.0,../../../data/ISIC_2024_Permissive_Training_Input/ISIC_3876213.jpg
ISIC_0774436,0.0,../../../data/ISIC_2024_Permissive_Training_Input/ISIC_0774436.jpg
melanoma_7874,1.0,../../../data/hand_filtered_dataset/malignant/mel_train/melanoma_7874.jpg
melanoma_8557,1.0,../../../data/hand_filtered_dataset/malignant/mel_train/melanoma_8557.jpg
ISIC_7159095,0.0,../../../data/ISIC_2024_Permissive_Training_Input/ISIC_7159095.jpg
melanoma_6853,1.0,../../../data/hand_filtered_dataset/malignant/mel_train/melanoma_6853.jpg
melanoma_5354,1.0,../../../data/hand_filtered_dataset/malignant/mel_train/melanoma_5354.jpg
ISIC_6367358,1.0,../../../data/ISIC_2024_Permissive_Training_Input/ISIC_6367358.jpg
melanoma_8143,1.0,../../../data/hand_filtered_dataset/malignant/mel_train/melanoma_8143.jpg
ISIC_6586215,0.0,../../../data/ISIC_2024_Permissive_Training_Input/ISIC_6586215.jpg
melanoma_5679,1.0,../../../data/hand_filtered_dataset/malignant/mel_train/melanoma_5679.jpg
ISIC_3059317,0.0,../../../data/ISIC_2024_Permissive_Training_Input/ISIC_3059317.jpg
ISIC_2565037,0.0,../../../data/ISIC_2024_Permissive_Training_Input/ISIC_2565037.jpg
melanoma_7775,1.0,../../../data/hand_filtered_dataset/malignant/mel_train/melanoma_7775.jpg
melanoma_5405,1.0,../../../data/hand_filtered_dataset/malignant/mel_train/melanoma_5405.jpg
ISIC_5657464,0.0,../../../data/ISIC_2024_Permissive_Training_Input/ISIC_5657464.jpg
melanoma_8700,1.0,../../../data/hand_filtered_dataset/malignant/mel_train/melanoma_8700.jpg
ISIC_9434090,0.0,../../../data/ISIC_2024_Permissive_Training_Input/ISIC_9434090.jpg
ISIC_4452538,0.0,../../../data/ISIC_2024_Permissive_Training_Input/ISIC_4452538.jpg
melanoma_9163,1.0,../../../data/hand_filtered_dataset/malignant/mel_train/melanoma_9163.jpg
melanoma_8168,1.0,../../../data/hand_filtered_dataset/malignant/mel_train/melanoma_8168.jpg
ISIC_1346304,0.0,../../../data/ISIC_2024_Permissive_Training_Input/ISIC_1346304.jpg
melanoma_7208,1.0,../../../data/hand_filtered_dataset/malignant/mel_train/melanoma_7208.jpg
melanoma_8304,1.0,../../../data/hand_filtered_dataset/malignant/mel_train/melanoma_8304.jpg
melanoma_5599,1.0,../../../data/hand_filtered_dataset/malignant/mel_train/melanoma_5599.jpg
ISIC_0748105,0.0,../../../data/ISIC_2024_Permissive_Training_Input/ISIC_0748105.jpg
melanoma_7343,1.0,../../../data/hand_filtered_dataset/malignant/mel_train/melanoma_7343.jpg
ISIC_9188287,1.0,../../../data/ISIC_2024_Permissive_Training_Input/ISIC_9188287.jpg
melanoma_7360,1.0,../../../data/hand_filtered_dataset/malignant/mel_train/melanoma_7360.jpg
melanoma_6922,1.0,../../../data/hand_filtered_dataset/malignant/mel_train/melanoma_6922.jpg
ISIC_3325206,0.0,../../../data/ISIC_2024_Permissive_Training_Input/ISIC_3325206.jpg
ISIC_2998143,0.0,../../../data/ISIC_2024_Permissive_Training_Input/ISIC_2998143.jpg
ISIC_3552770,0.0,../../../data/ISIC_2024_Permissive_Training_Input/ISIC_3552770.jpg
ISIC_1449898,0.0,../../../data/ISIC_2024_Permissive_Training_Input/ISIC_1449898.jpg
melanoma_6663,1.0,../../../data/hand_filtered_dataset/malignant/mel_train/melanoma_6663.jpg
ISIC_3297719,0.0,../../../data/ISIC_2024_Permissive_Training_Input/ISIC_3297719.jpg
ISIC_0556503,0.0,../../../data/ISIC_2024_Permissive_Training_Input/ISIC_0556503.jpg
ISIC_9963050,0.0,../../../data/ISIC_2024_Permissive_Training_Input/ISIC_9963050.jpg
ISIC_8808515,0.0,../../../data/ISIC_2024_Permissive_Training_Input/ISIC_8808515.jpg
melanoma_6379,1.0,../../../data/hand_filtered_dataset/malignant/mel_train/melanoma_6379.jpg
melanoma_9564,1.0,../../../data/hand_filtered_dataset/malignant/mel_train/melanoma_9564.jpg
melanoma_5505,1.0,../../../data/hand_filtered_dataset/malignant/mel_train/melanoma_5505.jpg
melanoma_5604,1.0,../../../data/hand_filtered_dataset/malignant/mel_train/melanoma_5604.jpg
ISIC_7748442,1.0,../../../data/ISIC_2024_Permissive_Training_Input/ISIC_7748442.jpg
melanoma_6914,1.0,../../../data/hand_filtered_dataset/malignant/mel_train/melanoma_6914.jpg
melanoma_8657,1.0,../../../data/hand_filtered_dataset/malignant/mel_train/melanoma_8657.jpg
melanoma_5367,1.0,../../../data/hand_filtered_dataset/malignant/mel_train/melanoma_5367.jpg
ISIC_8006417,0.0,../../../data/ISIC_2024_Permissive_Training_Input/ISIC_8006417.jpg
melanoma_8477,1.0,../../../data/hand_filtered_dataset/malignant/mel_train/melanoma_8477.jpg
ISIC_9909286,0.0,../../../data/ISIC_2024_Permissive_Training_Input/ISIC_9909286.jpg
melanoma_9574,1.0,../../../data/hand_filtered_dataset/malignant/mel_train/melanoma_9574.jpg
ISIC_6270458,0.0,../../../data/ISIC_2024_Permissive_Training_Input/ISIC_6270458.jpg
melanoma_5536,1.0,../../../data/hand_filtered_dataset/malignant/mel_train/melanoma_5536.jpg
ISIC_0620075,0.0,../../../data/ISIC_2024_Permissive_Training_Input/ISIC_0620075.jpg
ISIC_2658901,0.0,../../../data/ISIC_2024_Permissive_Training_Input/ISIC_2658901.jpg
ISIC_3866901,0.0,../../../data/ISIC_2024_Permissive_Training_Input/ISIC_3866901.jpg
melanoma_9503,1.0,../../../data/hand_filtered_dataset/malignant/mel_train/melanoma_9503.jpg
ISIC_1563365,0.0,../../../data/ISIC_2024_Permissive_Training_Input/ISIC_1563365.jpg
melanoma_5600,1.0,../../../data/hand_filtered_dataset/malignant/mel_train/melanoma_5600.jpg
ISIC_1291652,0.0,../../../data/ISIC_2024_Permissive_Training_Input/ISIC_1291652.jpg
melanoma_7261,1.0,../../../data/hand_filtered_dataset/malignant/mel_train/melanoma_7261.jpg
ISIC_4172802,0.0,../../../data/ISIC_2024_Permissive_Training_Input/ISIC_4172802.jpg
ISIC_2235682,1.0,../../../data/ISIC_2024_Permissive_Training_Input/ISIC_2235682.jpg
ISIC_7288340,0.0,../../../data/ISIC_2024_Permissive_Training_Input/ISIC_7288340.jpg
ISIC_5096479,0.0,../../../data/ISIC_2024_Permissive_Training_Input/ISIC_5096479.jpg
ISIC_7345959,0.0,../../../data/ISIC_2024_Permissive_Training_Input/ISIC_7345959.jpg
ISIC_2684016,0.0,../../../data/ISIC_2024_Permissive_Training_Input/ISIC_2684016.jpg
melanoma_5055,1.0,../../../data/hand_filtered_dataset/malignant/mel_train/melanoma_5055.jpg
melanoma_8308,1.0,../../../data/hand_filtered_dataset/malignant/mel_train/melanoma_8308.jpg
melanoma_7582,1.0,../../../data/hand_filtered_dataset/malignant/mel_train/melanoma_7582.jpg
ISIC_1319913,0.0,../../../data/ISIC_2024_Permissive_Training_Input/ISIC_1319913.jpg
ISIC_6218923,1.0,../../../data/ISIC_2024_Permissive_Training_Input/ISIC_6218923.jpg
melanoma_8206,1.0,../../../data/hand_filtered_dataset/malignant/mel_train/melanoma_8206.jpg
melanoma_9210,1.0,../../../data/hand_filtered_dataset/malignant/mel_train/melanoma_9210.jpg
ISIC_6775871,0.0,../../../data/ISIC_2024_Permissive_Training_Input/ISIC_6775871.jpg
ISIC_5230611,0.0,../../../data/ISIC_2024_Permissive_Training_Input/ISIC_5230611.jpg
ISIC_9494262,0.0,../../../data/ISIC_2024_Permissive_Training_Input/ISIC_9494262.jpg
ISIC_2816306,0.0,../../../data/ISIC_2024_Permissive_Training_Input/ISIC_2816306.jpg
melanoma_9363,1.0,../../../data/hand_filtered_dataset/malignant/mel_train/melanoma_9363.jpg
ISIC_8344812,0.0,../../../data/ISIC_2024_Permissive_Training_Input/ISIC_8344812.jpg
melanoma_6883,1.0,../../../data/hand_filtered_dataset/malignant/mel_train/melanoma_6883.jpg
melanoma_6878,1.0,../../../data/hand_filtered_dataset/malignant/mel_train/melanoma_6878.jpg
ISIC_9903088,0.0,../../../data/ISIC_2024_Permissive_Training_Input/ISIC_9903088.jpg
ISIC_0266173,0.0,../../../data/ISIC_2024_Permissive_Training_Input/ISIC_0266173.jpg
melanoma_5730,1.0,../../../data/hand_filtered_dataset/malignant/mel_train/melanoma_5730.jpg
melanoma_8836,1.0,../../../data/hand_filtered_dataset/malignant/mel_train/melanoma_8836.jpg
ISIC_8085417,0.0,../../../data/ISIC_2024_Permissive_Training_Input/ISIC_8085417.jpg
ISIC_0231954,0.0,../../../data/ISIC_2024_Permissive_Training_Input/ISIC_0231954.jpg
melanoma_9391,1.0,../../../data/hand_filtered_dataset/malignant/mel_train/melanoma_9391.jpg
ISIC_2964134,0.0,../../../data/ISIC_2024_Permissive_Training_Input/ISIC_2964134.jpg
melanoma_7652,1.0,../../../data/hand_filtered_dataset/malignant/mel_train/melanoma_7652.jpg
ISIC_8412135,1.0,../../../data/ISIC_2024_Permissive_Training_Input/ISIC_8412135.jpg
melanoma_8332,1.0,../../../data/hand_filtered_dataset/malignant/mel_train/melanoma_8332.jpg
ISIC_4825228,0.0,../../../data/ISIC_2024_Permissive_Training_Input/ISIC_4825228.jpg
ISIC_2432192,0.0,../../../data/ISIC_2024_Permissive_Training_Input/ISIC_2432192.jpg
ISIC_0460477,0.0,../../../data/ISIC_2024_Permissive_Training_Input/ISIC_0460477.jpg
melanoma_8170,1.0,../../../data/hand_filtered_dataset/malignant/mel_train/melanoma_8170.jpg
ISIC_6971511,0.0,../../../data/ISIC_2024_Permissive_Training_Input/ISIC_6971511.jpg
ISIC_4114301,1.0,../../../data/ISIC_2024_Permissive_Training_Input/ISIC_4114301.jpg
ISIC_5583714,1.0,../../../data/ISIC_2024_Permissive_Training_Input/ISIC_5583714.jpg
ISIC_7815706,0.0,../../../data/ISIC_2024_Permissive_Training_Input/ISIC_7815706.jpg
melanoma_6512,1.0,../../../data/hand_filtered_dataset/malignant/mel_train/melanoma_6512.jpg
melanoma_5621,1.0,../../../data/hand_filtered_dataset/malignant/mel_train/melanoma_5621.jpg
melanoma_9088,1.0,../../../data/hand_filtered_dataset/malignant/mel_train/melanoma_9088.jpg
ISIC_9150768,0.0,../../../data/ISIC_2024_Permissive_Training_Input/ISIC_9150768.jpg
ISIC_8928279,0.0,../../../data/ISIC_2024_Permissive_Training_Input/ISIC_8928279.jpg
ISIC_3655348,0.0,../../../data/ISIC_2024_Permissive_Training_Input/ISIC_3655348.jpg
melanoma_8109,1.0,../../../data/hand_filtered_dataset/malignant/mel_train/melanoma_8109.jpg
melanoma_7679,1.0,../../../data/hand_filtered_dataset/malignant/mel_train/melanoma_7679.jpg
melanoma_5233,1.0,../../../data/hand_filtered_dataset/malignant/mel_train/melanoma_5233.jpg
ISIC_1153777,0.0,../../../data/ISIC_2024_Permissive_Training_Input/ISIC_1153777.jpg
ISIC_9941636,1.0,../../../data/ISIC_2024_Permissive_Training_Input/ISIC_9941636.jpg
ISIC_9845456,0.0,../../../data/ISIC_2024_Permissive_Training_Input/ISIC_9845456.jpg
melanoma_5559,1.0,../../../data/hand_filtered_dataset/malignant/mel_train/melanoma_5559.jpg
melanoma_7211,1.0,../../../data/hand_filtered_dataset/malignant/mel_train/melanoma_7211.jpg
melanoma_6041,1.0,../../../data/hand_filtered_dataset/malignant/mel_train/melanoma_6041.jpg
ISIC_8370313,1.0,../../../data/ISIC_2024_Permissive_Training_Input/ISIC_8370313.jpg
ISIC_9645024,0.0,../../../data/ISIC_2024_Permissive_Training_Input/ISIC_9645024.jpg
melanoma_5739,1.0,../../../data/hand_filtered_dataset/malignant/mel_train/melanoma_5739.jpg
melanoma_8885,1.0,../../../data/hand_filtered_dataset/malignant/mel_train/melanoma_8885.jpg
ISIC_3506467,0.0,../../../data/ISIC_2024_Permissive_Training_Input/ISIC_3506467.jpg
melanoma_9500,1.0,../../../data/hand_filtered_dataset/malignant/mel_train/melanoma_9500.jpg
ISIC_8163525,0.0,../../../data/ISIC_2024_Permissive_Training_Input/ISIC_8163525.jpg
ISIC_5215470,0.0,../../../data/ISIC_2024_Permissive_Training_Input/ISIC_5215470.jpg
ISIC_4938448,1.0,../../../data/ISIC_2024_Permissive_Training_Input/ISIC_4938448.jpg
ISIC_9307132,0.0,../../../data/ISIC_2024_Permissive_Training_Input/ISIC_9307132.jpg
melanoma_5301,1.0,../../../data/hand_filtered_dataset/malignant/mel_train/melanoma_5301.jpg
ISIC_7251980,0.0,../../../data/ISIC_2024_Permissive_Training_Input/ISIC_7251980.jpg
melanoma_6565,1.0,../../../data/hand_filtered_dataset/malignant/mel_train/melanoma_6565.jpg
ISIC_0780359,0.0,../../../data/ISIC_2024_Permissive_Training_Input/ISIC_0780359.jpg
ISIC_3801297,1.0,../../../data/ISIC_2024_Permissive_Training_Input/ISIC_3801297.jpg
ISIC_8088358,0.0,../../../data/ISIC_2024_Permissive_Training_Input/ISIC_8088358.jpg
melanoma_8084,1.0,../../../data/hand_filtered_dataset/malignant/mel_train/melanoma_8084.jpg
melanoma_5904,1.0,../../../data/hand_filtered_dataset/malignant/mel_train/melanoma_5904.jpg
ISIC_3531183,0.0,../../../data/ISIC_2024_Permissive_Training_Input/ISIC_3531183.jpg
melanoma_5792,1.0,../../../data/hand_filtered_dataset/malignant/mel_train/melanoma_5792.jpg
ISIC_5418778,0.0,../../../data/ISIC_2024_Permissive_Training_Input/ISIC_5418778.jpg
ISIC_9766528,0.0,../../../data/ISIC_2024_Permissive_Training_Input/ISIC_9766528.jpg
melanoma_5752,1.0,../../../data/hand_filtered_dataset/malignant/mel_train/melanoma_5752.jpg
ISIC_9544804,1.0,../../../data/ISIC_2024_Permissive_Training_Input/ISIC_9544804.jpg
ISIC_2145777,0.0,../../../data/ISIC_2024_Permissive_Training_Input/ISIC_2145777.jpg
ISIC_7325812,0.0,../../../data/ISIC_2024_Permissive_Training_Input/ISIC_7325812.jpg
ISIC_7012439,0.0,../../../data/ISIC_2024_Permissive_Training_Input/ISIC_7012439.jpg
ISIC_6469432,0.0,../../../data/ISIC_2024_Permissive_Training_Input/ISIC_6469432.jpg
ISIC_3897481,0.0,../../../data/ISIC_2024_Permissive_Training_Input/ISIC_3897481.jpg
ISIC_6395169,1.0,../../../data/ISIC_2024_Permissive_Training_Input/ISIC_6395169.jpg
ISIC_1167743,0.0,../../../data/ISIC_2024_Permissive_Training_Input/ISIC_1167743.jpg
ISIC_6518831,0.0,../../../data/ISIC_2024_Permissive_Training_Input/ISIC_6518831.jpg
ISIC_8229288,0.0,../../../data/ISIC_2024_Permissive_Training_Input/ISIC_8229288.jpg
melanoma_8270,1.0,../../../data/hand_filtered_dataset/malignant/mel_train/melanoma_8270.jpg
ISIC_8520464,1.0,../../../data/ISIC_2024_Permissive_Training_Input/ISIC_8520464.jpg
ISIC_8497174,0.0,../../../data/ISIC_2024_Permissive_Training_Input/ISIC_8497174.jpg
melanoma_9585,1.0,../../../data/hand_filtered_dataset/malignant/mel_train/melanoma_9585.jpg
melanoma_6943,1.0,../../../data/hand_filtered_dataset/malignant/mel_train/melanoma_6943.jpg
ISIC_0595941,0.0,../../../data/ISIC_2024_Permissive_Training_Input/ISIC_0595941.jpg
ISIC_2169737,0.0,../../../data/ISIC_2024_Permissive_Training_Input/ISIC_2169737.jpg
ISIC_8795160,0.0,../../../data/ISIC_2024_Permissive_Training_Input/ISIC_8795160.jpg
melanoma_8664,1.0,../../../data/hand_filtered_dataset/malignant/mel_train/melanoma_8664.jpg
melanoma_6290,1.0,../../../data/hand_filtered_dataset/malignant/mel_train/melanoma_6290.jpg
ISIC_7688862,0.0,../../../data/ISIC_2024_Permissive_Training_Input/ISIC_7688862.jpg
melanoma_7601,1.0,../../../data/hand_filtered_dataset/malignant/mel_train/melanoma_7601.jpg
melanoma_9535,1.0,../../../data/hand_filtered_dataset/malignant/mel_train/melanoma_9535.jpg
melanoma_6944,1.0,../../../data/hand_filtered_dataset/malignant/mel_train/melanoma_6944.jpg
ISIC_5605101,0.0,../../../data/ISIC_2024_Permissive_Training_Input/ISIC_5605101.jpg
melanoma_8194,1.0,../../../data/hand_filtered_dataset/malignant/mel_train/melanoma_8194.jpg
melanoma_5474,1.0,../../../data/hand_filtered_dataset/malignant/mel_train/melanoma_5474.jpg
ISIC_7514788,0.0,../../../data/ISIC_2024_Permissive_Training_Input/ISIC_7514788.jpg
ISIC_3075597,0.0,../../../data/ISIC_2024_Permissive_Training_Input/ISIC_3075597.jpg
ISIC_3745498,0.0,../../../data/ISIC_2024_Permissive_Training_Input/ISIC_3745498.jpg
ISIC_4788756,0.0,../../../data/ISIC_2024_Permissive_Training_Input/ISIC_4788756.jpg
ISIC_9838693,0.0,../../../data/ISIC_2024_Permissive_Training_Input/ISIC_9838693.jpg
ISIC_2203378,0.0,../../../data/ISIC_2024_Permissive_Training_Input/ISIC_2203378.jpg
ISIC_9829554,0.0,../../../data/ISIC_2024_Permissive_Training_Input/ISIC_9829554.jpg
ISIC_7278766,0.0,../../../data/ISIC_2024_Permissive_Training_Input/ISIC_7278766.jpg
melanoma_6351,1.0,../../../data/hand_filtered_dataset/malignant/mel_train/melanoma_6351.jpg
ISIC_1340551,0.0,../../../data/ISIC_2024_Permissive_Training_Input/ISIC_1340551.jpg
melanoma_5751,1.0,../../../data/hand_filtered_dataset/malignant/mel_train/melanoma_5751.jpg
melanoma_7234,1.0,../../../data/hand_filtered_dataset/malignant/mel_train/melanoma_7234.jpg
ISIC_1186361,1.0,../../../data/ISIC_2024_Permissive_Training_Input/ISIC_1186361.jpg
ISIC_8660853,0.0,../../../data/ISIC_2024_Permissive_Training_Input/ISIC_8660853.jpg
melanoma_5968,1.0,../../../data/hand_filtered_dataset/malignant/mel_train/melanoma_5968.jpg
ISIC_8099676,0.0,../../../data/ISIC_2024_Permissive_Training_Input/ISIC_8099676.jpg
melanoma_7245,1.0,../../../data/hand_filtered_dataset/malignant/mel_train/melanoma_7245.jpg
melanoma_5438,1.0,../../../data/hand_filtered_dataset/malignant/mel_train/melanoma_5438.jpg
ISIC_7357651,0.0,../../../data/ISIC_2024_Permissive_Training_Input/ISIC_7357651.jpg
melanoma_6679,1.0,../../../data/hand_filtered_dataset/malignant/mel_train/melanoma_6679.jpg
ISIC_6382027,1.0,../../../data/ISIC_2024_Permissive_Training_Input/ISIC_6382027.jpg
melanoma_5762,1.0,../../../data/hand_filtered_dataset/malignant/mel_train/melanoma_5762.jpg
melanoma_9246,1.0,../../../data/hand_filtered_dataset/malignant/mel_train/melanoma_9246.jpg
melanoma_6046,1.0,../../../data/hand_filtered_dataset/malignant/mel_train/melanoma_6046.jpg
melanoma_7813,1.0,../../../data/hand_filtered_dataset/malignant/mel_train/melanoma_7813.jpg
ISIC_0398407,0.0,../../../data/ISIC_2024_Permissive_Training_Input/ISIC_0398407.jpg
ISIC_8214396,0.0,../../../data/ISIC_2024_Permissive_Training_Input/ISIC_8214396.jpg
ISIC_2031355,1.0,../../../data/ISIC_2024_Permissive_Training_Input/ISIC_2031355.jpg
melanoma_8948,1.0,../../../data/hand_filtered_dataset/malignant/mel_train/melanoma_8948.jpg
ISIC_5661573,1.0,../../../data/ISIC_2024_Permissive_Training_Input/ISIC_5661573.jpg
ISIC_1876467,0.0,../../../data/ISIC_2024_Permissive_Training_Input/ISIC_1876467.jpg
melanoma_5313,1.0,../../../data/hand_filtered_dataset/malignant/mel_train/melanoma_5313.jpg
melanoma_8223,1.0,../../../data/hand_filtered_dataset/malignant/mel_train/melanoma_8223.jpg
melanoma_8277,1.0,../../../data/hand_filtered_dataset/malignant/mel_train/melanoma_8277.jpg
ISIC_0662441,0.0,../../../data/ISIC_2024_Permissive_Training_Input/ISIC_0662441.jpg
melanoma_5549,1.0,../../../data/hand_filtered_dataset/malignant/mel_train/melanoma_5549.jpg
melanoma_8995,1.0,../../../data/hand_filtered_dataset/malignant/mel_train/melanoma_8995.jpg
ISIC_9611747,0.0,../../../data/ISIC_2024_Permissive_Training_Input/ISIC_9611747.jpg
ISIC_0528190,1.0,../../../data/ISIC_2024_Permissive_Training_Input/ISIC_0528190.jpg
melanoma_5470,1.0,../../../data/hand_filtered_dataset/malignant/mel_train/melanoma_5470.jpg
melanoma_6886,1.0,../../../data/hand_filtered_dataset/malignant/mel_train/melanoma_6886.jpg
ISIC_9168745,0.0,../../../data/ISIC_2024_Permissive_Training_Input/ISIC_9168745.jpg
ISIC_6513362,0.0,../../../data/ISIC_2024_Permissive_Training_Input/ISIC_6513362.jpg
ISIC_2454165,0.0,../../../data/ISIC_2024_Permissive_Training_Input/ISIC_2454165.jpg
ISIC_9521236,0.0,../../../data/ISIC_2024_Permissive_Training_Input/ISIC_9521236.jpg
melanoma_5091,1.0,../../../data/hand_filtered_dataset/malignant/mel_train/melanoma_5091.jpg
ISIC_6504101,0.0,../../../data/ISIC_2024_Permissive_Training_Input/ISIC_6504101.jpg
ISIC_6166598,1.0,../../../data/ISIC_2024_Permissive_Training_Input/ISIC_6166598.jpg
melanoma_9362,1.0,../../../data/hand_filtered_dataset/malignant/mel_train/melanoma_9362.jpg
ISIC_3096479,0.0,../../../data/ISIC_2024_Permissive_Training_Input/ISIC_3096479.jpg
ISIC_3929736,1.0,../../../data/ISIC_2024_Permissive_Training_Input/ISIC_3929736.jpg
ISIC_5992468,0.0,../../../data/ISIC_2024_Permissive_Training_Input/ISIC_5992468.jpg
melanoma_8289,1.0,../../../data/hand_filtered_dataset/malignant/mel_train/melanoma_8289.jpg
ISIC_8173929,0.0,../../../data/ISIC_2024_Permissive_Training_Input/ISIC_8173929.jpg
ISIC_4855959,0.0,../../../data/ISIC_2024_Permissive_Training_Input/ISIC_4855959.jpg
ISIC_0211092,1.0,../../../data/ISIC_2024_Permissive_Training_Input/ISIC_0211092.jpg
ISIC_2694081,0.0,../../../data/ISIC_2024_Permissive_Training_Input/ISIC_2694081.jpg
ISIC_3998494,0.0,../../../data/ISIC_2024_Permissive_Training_Input/ISIC_3998494.jpg
ISIC_2374426,0.0,../../../data/ISIC_2024_Permissive_Training_Input/ISIC_2374426.jpg
ISIC_7147740,0.0,../../../data/ISIC_2024_Permissive_Training_Input/ISIC_7147740.jpg
melanoma_6360,1.0,../../../data/hand_filtered_dataset/malignant/mel_train/melanoma_6360.jpg
ISIC_4782931,0.0,../../../data/ISIC_2024_Permissive_Training_Input/ISIC_4782931.jpg
ISIC_6655855,0.0,../../../data/ISIC_2024_Permissive_Training_Input/ISIC_6655855.jpg
melanoma_7930,1.0,../../../data/hand_filtered_dataset/malignant/mel_train/melanoma_7930.jpg
ISIC_5499289,0.0,../../../data/ISIC_2024_Permissive_Training_Input/ISIC_5499289.jpg
ISIC_9910819,0.0,../../../data/ISIC_2024_Permissive_Training_Input/ISIC_9910819.jpg
ISIC_6881432,0.0,../../../data/ISIC_2024_Permissive_Training_Input/ISIC_6881432.jpg
melanoma_9505,1.0,../../../data/hand_filtered_dataset/malignant/mel_train/melanoma_9505.jpg
ISIC_3313043,0.0,../../../data/ISIC_2024_Permissive_Training_Input/ISIC_3313043.jpg
ISIC_7728894,0.0,../../../data/ISIC_2024_Permissive_Training_Input/ISIC_7728894.jpg
ISIC_4382122,0.0,../../../data/ISIC_2024_Permissive_Training_Input/ISIC_4382122.jpg
ISIC_0396306,0.0,../../../data/ISIC_2024_Permissive_Training_Input/ISIC_0396306.jpg
melanoma_9372,1.0,../../../data/hand_filtered_dataset/malignant/mel_train/melanoma_9372.jpg
ISIC_3965837,0.0,../../../data/ISIC_2024_Permissive_Training_Input/ISIC_3965837.jpg
ISIC_4995849,0.0,../../../data/ISIC_2024_Permissive_Training_Input/ISIC_4995849.jpg
melanoma_8446,1.0,../../../data/hand_filtered_dataset/malignant/mel_train/melanoma_8446.jpg
melanoma_7139,1.0,../../../data/hand_filtered_dataset/malignant/mel_train/melanoma_7139.jpg
melanoma_9271,1.0,../../../data/hand_filtered_dataset/malignant/mel_train/melanoma_9271.jpg
melanoma_5932,1.0,../../../data/hand_filtered_dataset/malignant/mel_train/melanoma_5932.jpg
ISIC_1071492,1.0,../../../data/ISIC_2024_Permissive_Training_Input/ISIC_1071492.jpg
melanoma_7978,1.0,../../../data/hand_filtered_dataset/malignant/mel_train/melanoma_7978.jpg
ISIC_9087820,0.0,../../../data/ISIC_2024_Permissive_Training_Input/ISIC_9087820.jpg
ISIC_2000136,0.0,../../../data/ISIC_2024_Permissive_Training_Input/ISIC_2000136.jpg
ISIC_9952141,0.0,../../../data/ISIC_2024_Permissive_Training_Input/ISIC_9952141.jpg
ISIC_7836547,0.0,../../../data/ISIC_2024_Permissive_Training_Input/ISIC_7836547.jpg
ISIC_2988623,0.0,../../../data/ISIC_2024_Permissive_Training_Input/ISIC_2988623.jpg
melanoma_9542,1.0,../../../data/hand_filtered_dataset/malignant/mel_train/melanoma_9542.jpg
ISIC_8186819,0.0,../../../data/ISIC_2024_Permissive_Training_Input/ISIC_8186819.jpg
ISIC_4240958,0.0,../../../data/ISIC_2024_Permissive_Training_Input/ISIC_4240958.jpg
ISIC_5950889,0.0,../../../data/ISIC_2024_Permissive_Training_Input/ISIC_5950889.jpg
ISIC_3898145,0.0,../../../data/ISIC_2024_Permissive_Training_Input/ISIC_3898145.jpg
ISIC_3227717,0.0,../../../data/ISIC_2024_Permissive_Training_Input/ISIC_3227717.jpg
melanoma_5464,1.0,../../../data/hand_filtered_dataset/malignant/mel_train/melanoma_5464.jpg
ISIC_8855150,0.0,../../../data/ISIC_2024_Permissive_Training_Input/ISIC_8855150.jpg
ISIC_6263412,0.0,../../../data/ISIC_2024_Permissive_Training_Input/ISIC_6263412.jpg
melanoma_9418,1.0,../../../data/hand_filtered_dataset/malignant/mel_train/melanoma_9418.jpg
ISIC_5956582,1.0,../../../data/ISIC_2024_Permissive_Training_Input/ISIC_5956582.jpg
melanoma_5476,1.0,../../../data/hand_filtered_dataset/malignant/mel_train/melanoma_5476.jpg
ISIC_7471423,0.0,../../../data/ISIC_2024_Permissive_Training_Input/ISIC_7471423.jpg
ISIC_2293921,0.0,../../../data/ISIC_2024_Permissive_Training_Input/ISIC_2293921.jpg
ISIC_4580377,0.0,../../../data/ISIC_2024_Permissive_Training_Input/ISIC_4580377.jpg
ISIC_0517987,0.0,../../../data/ISIC_2024_Permissive_Training_Input/ISIC_0517987.jpg
ISIC_0902340,0.0,../../../data/ISIC_2024_Permissive_Training_Input/ISIC_0902340.jpg
ISIC_3501835,1.0,../../../data/ISIC_2024_Permissive_Training_Input/ISIC_3501835.jpg
melanoma_5071,1.0,../../../data/hand_filtered_dataset/malignant/mel_train/melanoma_5071.jpg
ISIC_7526121,0.0,../../../data/ISIC_2024_Permissive_Training_Input/ISIC_7526121.jpg
ISIC_4017015,0.0,../../../data/ISIC_2024_Permissive_Training_Input/ISIC_4017015.jpg
ISIC_4300477,0.0,../../../data/ISIC_2024_Permissive_Training_Input/ISIC_4300477.jpg
ISIC_5985180,1.0,../../../data/ISIC_2024_Permissive_Training_Input/ISIC_5985180.jpg
melanoma_7057,1.0,../../../data/hand_filtered_dataset/malignant/mel_train/melanoma_7057.jpg
melanoma_9549,1.0,../../../data/hand_filtered_dataset/malignant/mel_train/melanoma_9549.jpg
melanoma_6727,1.0,../../../data/hand_filtered_dataset/malignant/mel_train/melanoma_6727.jpg
melanoma_8430,1.0,../../../data/hand_filtered_dataset/malignant/mel_train/melanoma_8430.jpg
ISIC_4039501,0.0,../../../data/ISIC_2024_Permissive_Training_Input/ISIC_4039501.jpg
melanoma_7080,1.0,../../../data/hand_filtered_dataset/malignant/mel_train/melanoma_7080.jpg
ISIC_7162175,0.0,../../../data/ISIC_2024_Permissive_Training_Input/ISIC_7162175.jpg
ISIC_3118846,0.0,../../../data/ISIC_2024_Permissive_Training_Input/ISIC_3118846.jpg
melanoma_6368,1.0,../../../data/hand_filtered_dataset/malignant/mel_train/melanoma_6368.jpg
ISIC_4717838,0.0,../../../data/ISIC_2024_Permissive_Training_Input/ISIC_4717838.jpg
ISIC_2751047,0.0,../../../data/ISIC_2024_Permissive_Training_Input/ISIC_2751047.jpg
ISIC_3540378,0.0,../../../data/ISIC_2024_Permissive_Training_Input/ISIC_3540378.jpg
ISIC_2764227,1.0,../../../data/ISIC_2024_Permissive_Training_Input/ISIC_2764227.jpg
ISIC_7674202,0.0,../../../data/ISIC_2024_Permissive_Training_Input/ISIC_7674202.jpg
ISIC_2138186,0.0,../../../data/ISIC_2024_Permissive_Training_Input/ISIC_2138186.jpg
ISIC_3351886,0.0,../../../data/ISIC_2024_Permissive_Training_Input/ISIC_3351886.jpg
melanoma_6748,1.0,../../../data/hand_filtered_dataset/malignant/mel_train/melanoma_6748.jpg
ISIC_7161735,0.0,../../../data/ISIC_2024_Permissive_Training_Input/ISIC_7161735.jpg
ISIC_9282195,0.0,../../../data/ISIC_2024_Permissive_Training_Input/ISIC_9282195.jpg
ISIC_1156774,0.0,../../../data/ISIC_2024_Permissive_Training_Input/ISIC_1156774.jpg
ISIC_4700100,1.0,../../../data/ISIC_2024_Permissive_Training_Input/ISIC_4700100.jpg
melanoma_7089,1.0,../../../data/hand_filtered_dataset/malignant/mel_train/melanoma_7089.jpg
ISIC_2598111,0.0,../../../data/ISIC_2024_Permissive_Training_Input/ISIC_2598111.jpg
melanoma_8483,1.0,../../../data/hand_filtered_dataset/malignant/mel_train/melanoma_8483.jpg
melanoma_5391,1.0,../../../data/hand_filtered_dataset/malignant/mel_train/melanoma_5391.jpg
ISIC_8336168,0.0,../../../data/ISIC_2024_Permissive_Training_Input/ISIC_8336168.jpg
ISIC_4429864,0.0,../../../data/ISIC_2024_Permissive_Training_Input/ISIC_4429864.jpg
melanoma_7668,1.0,../../../data/hand_filtered_dataset/malignant/mel_train/melanoma_7668.jpg
ISIC_1112528,0.0,../../../data/ISIC_2024_Permissive_Training_Input/ISIC_1112528.jpg
ISIC_7031844,1.0,../../../data/ISIC_2024_Permissive_Training_Input/ISIC_7031844.jpg
melanoma_7966,1.0,../../../data/hand_filtered_dataset/malignant/mel_train/melanoma_7966.jpg
ISIC_2299573,1.0,../../../data/ISIC_2024_Permissive_Training_Input/ISIC_2299573.jpg
ISIC_3894961,0.0,../../../data/ISIC_2024_Permissive_Training_Input/ISIC_3894961.jpg
ISIC_8138715,0.0,../../../data/ISIC_2024_Permissive_Training_Input/ISIC_8138715.jpg
ISIC_5624481,0.0,../../../data/ISIC_2024_Permissive_Training_Input/ISIC_5624481.jpg
melanoma_6384,1.0,../../../data/hand_filtered_dataset/malignant/mel_train/melanoma_6384.jpg
ISIC_4366445,0.0,../../../data/ISIC_2024_Permissive_Training_Input/ISIC_4366445.jpg
melanoma_6147,1.0,../../../data/hand_filtered_dataset/malignant/mel_train/melanoma_6147.jpg
ISIC_0178091,0.0,../../../data/ISIC_2024_Permissive_Training_Input/ISIC_0178091.jpg
melanoma_8227,1.0,../../../data/hand_filtered_dataset/malignant/mel_train/melanoma_8227.jpg
ISIC_5967620,0.0,../../../data/ISIC_2024_Permissive_Training_Input/ISIC_5967620.jpg
ISIC_4453481,0.0,../../../data/ISIC_2024_Permissive_Training_Input/ISIC_4453481.jpg
melanoma_7856,1.0,../../../data/hand_filtered_dataset/malignant/mel_train/melanoma_7856.jpg
melanoma_9532,1.0,../../../data/hand_filtered_dataset/malignant/mel_train/melanoma_9532.jpg
ISIC_1456422,0.0,../../../data/ISIC_2024_Permissive_Training_Input/ISIC_1456422.jpg
melanoma_7656,1.0,../../../data/hand_filtered_dataset/malignant/mel_train/melanoma_7656.jpg
melanoma_7846,1.0,../../../data/hand_filtered_dataset/malignant/mel_train/melanoma_7846.jpg
ISIC_7712024,0.0,../../../data/ISIC_2024_Permissive_Training_Input/ISIC_7712024.jpg
melanoma_7300,1.0,../../../data/hand_filtered_dataset/malignant/mel_train/melanoma_7300.jpg
ISIC_9732380,0.0,../../../data/ISIC_2024_Permissive_Training_Input/ISIC_9732380.jpg
ISIC_5300708,0.0,../../../data/ISIC_2024_Permissive_Training_Input/ISIC_5300708.jpg
ISIC_5399974,0.0,../../../data/ISIC_2024_Permissive_Training_Input/ISIC_5399974.jpg
ISIC_4864948,0.0,../../../data/ISIC_2024_Permissive_Training_Input/ISIC_4864948.jpg
ISIC_1680550,0.0,../../../data/ISIC_2024_Permissive_Training_Input/ISIC_1680550.jpg
ISIC_5712068,0.0,../../../data/ISIC_2024_Permissive_Training_Input/ISIC_5712068.jpg
ISIC_9812442,0.0,../../../data/ISIC_2024_Permissive_Training_Input/ISIC_9812442.jpg
ISIC_6354900,0.0,../../../data/ISIC_2024_Permissive_Training_Input/ISIC_6354900.jpg
ISIC_1514791,0.0,../../../data/ISIC_2024_Permissive_Training_Input/ISIC_1514791.jpg
ISIC_8347032,0.0,../../../data/ISIC_2024_Permissive_Training_Input/ISIC_8347032.jpg
melanoma_7462,1.0,../../../data/hand_filtered_dataset/malignant/mel_train/melanoma_7462.jpg
ISIC_2839459,0.0,../../../data/ISIC_2024_Permissive_Training_Input/ISIC_2839459.jpg
melanoma_5953,1.0,../../../data/hand_filtered_dataset/malignant/mel_train/melanoma_5953.jpg
ISIC_2946607,0.0,../../../data/ISIC_2024_Permissive_Training_Input/ISIC_2946607.jpg
melanoma_5106,1.0,../../../data/hand_filtered_dataset/malignant/mel_train/melanoma_5106.jpg
ISIC_8765962,0.0,../../../data/ISIC_2024_Permissive_Training_Input/ISIC_8765962.jpg
ISIC_1851168,0.0,../../../data/ISIC_2024_Permissive_Training_Input/ISIC_1851168.jpg
melanoma_6623,1.0,../../../data/hand_filtered_dataset/malignant/mel_train/melanoma_6623.jpg
ISIC_3453066,0.0,../../../data/ISIC_2024_Permissive_Training_Input/ISIC_3453066.jpg
melanoma_9324,1.0,../../../data/hand_filtered_dataset/malignant/mel_train/melanoma_9324.jpg
ISIC_7809031,0.0,../../../data/ISIC_2024_Permissive_Training_Input/ISIC_7809031.jpg
ISIC_6424207,0.0,../../../data/ISIC_2024_Permissive_Training_Input/ISIC_6424207.jpg
ISIC_7527783,0.0,../../../data/ISIC_2024_Permissive_Training_Input/ISIC_7527783.jpg
melanoma_9171,1.0,../../../data/hand_filtered_dataset/malignant/mel_train/melanoma_9171.jpg
ISIC_9124183,0.0,../../../data/ISIC_2024_Permissive_Training_Input/ISIC_9124183.jpg
ISIC_5197822,0.0,../../../data/ISIC_2024_Permissive_Training_Input/ISIC_5197822.jpg
melanoma_9155,1.0,../../../data/hand_filtered_dataset/malignant/mel_train/melanoma_9155.jpg
ISIC_5159583,0.0,../../../data/ISIC_2024_Permissive_Training_Input/ISIC_5159583.jpg
melanoma_7501,1.0,../../../data/hand_filtered_dataset/malignant/mel_train/melanoma_7501.jpg
ISIC_3089086,0.0,../../../data/ISIC_2024_Permissive_Training_Input/ISIC_3089086.jpg
melanoma_7715,1.0,../../../data/hand_filtered_dataset/malignant/mel_train/melanoma_7715.jpg
melanoma_5087,1.0,../../../data/hand_filtered_dataset/malignant/mel_train/melanoma_5087.jpg
melanoma_8353,1.0,../../../data/hand_filtered_dataset/malignant/mel_train/melanoma_8353.jpg
ISIC_5368461,0.0,../../../data/ISIC_2024_Permissive_Training_Input/ISIC_5368461.jpg
ISIC_5261302,0.0,../../../data/ISIC_2024_Permissive_Training_Input/ISIC_5261302.jpg
melanoma_9551,1.0,../../../data/hand_filtered_dataset/malignant/mel_train/melanoma_9551.jpg
ISIC_7459778,0.0,../../../data/ISIC_2024_Permissive_Training_Input/ISIC_7459778.jpg
melanoma_5311,1.0,../../../data/hand_filtered_dataset/malignant/mel_train/melanoma_5311.jpg
melanoma_5428,1.0,../../../data/hand_filtered_dataset/malignant/mel_train/melanoma_5428.jpg
ISIC_9431871,0.0,../../../data/ISIC_2024_Permissive_Training_Input/ISIC_9431871.jpg
melanoma_8860,1.0,../../../data/hand_filtered_dataset/malignant/mel_train/melanoma_8860.jpg
melanoma_7711,1.0,../../../data/hand_filtered_dataset/malignant/mel_train/melanoma_7711.jpg
ISIC_7244966,0.0,../../../data/ISIC_2024_Permissive_Training_Input/ISIC_7244966.jpg
ISIC_2224861,0.0,../../../data/ISIC_2024_Permissive_Training_Input/ISIC_2224861.jpg
melanoma_6222,1.0,../../../data/hand_filtered_dataset/malignant/mel_train/melanoma_6222.jpg
melanoma_6109,1.0,../../../data/hand_filtered_dataset/malignant/mel_train/melanoma_6109.jpg
ISIC_4799058,0.0,../../../data/ISIC_2024_Permissive_Training_Input/ISIC_4799058.jpg
melanoma_8499,1.0,../../../data/hand_filtered_dataset/malignant/mel_train/melanoma_8499.jpg
ISIC_6768718,0.0,../../../data/ISIC_2024_Permissive_Training_Input/ISIC_6768718.jpg
ISIC_1400407,0.0,../../../data/ISIC_2024_Permissive_Training_Input/ISIC_1400407.jpg
ISIC_2483599,0.0,../../../data/ISIC_2024_Permissive_Training_Input/ISIC_2483599.jpg
melanoma_6898,1.0,../../../data/hand_filtered_dataset/malignant/mel_train/melanoma_6898.jpg
ISIC_6017754,0.0,../../../data/ISIC_2024_Permissive_Training_Input/ISIC_6017754.jpg
melanoma_8494,1.0,../../../data/hand_filtered_dataset/malignant/mel_train/melanoma_8494.jpg
melanoma_9036,1.0,../../../data/hand_filtered_dataset/malignant/mel_train/melanoma_9036.jpg
melanoma_8134,1.0,../../../data/hand_filtered_dataset/malignant/mel_train/melanoma_8134.jpg
melanoma_8729,1.0,../../../data/hand_filtered_dataset/malignant/mel_train/melanoma_8729.jpg
ISIC_2262619,0.0,../../../data/ISIC_2024_Permissive_Training_Input/ISIC_2262619.jpg
ISIC_5565464,0.0,../../../data/ISIC_2024_Permissive_Training_Input/ISIC_5565464.jpg
ISIC_3227093,0.0,../../../data/ISIC_2024_Permissive_Training_Input/ISIC_3227093.jpg
ISIC_7105211,1.0,../../../data/ISIC_2024_Permissive_Training_Input/ISIC_7105211.jpg
melanoma_9352,1.0,../../../data/hand_filtered_dataset/malignant/mel_train/melanoma_9352.jpg
ISIC_5250234,0.0,../../../data/ISIC_2024_Permissive_Training_Input/ISIC_5250234.jpg
ISIC_8902573,0.0,../../../data/ISIC_2024_Permissive_Training_Input/ISIC_8902573.jpg
ISIC_1695585,0.0,../../../data/ISIC_2024_Permissive_Training_Input/ISIC_1695585.jpg
ISIC_5489720,0.0,../../../data/ISIC_2024_Permissive_Training_Input/ISIC_5489720.jpg
melanoma_8493,1.0,../../../data/hand_filtered_dataset/malignant/mel_train/melanoma_8493.jpg
melanoma_9173,1.0,../../../data/hand_filtered_dataset/malignant/mel_train/melanoma_9173.jpg
melanoma_8767,1.0,../../../data/hand_filtered_dataset/malignant/mel_train/melanoma_8767.jpg
ISIC_6541017,0.0,../../../data/ISIC_2024_Permissive_Training_Input/ISIC_6541017.jpg
ISIC_0778233,0.0,../../../data/ISIC_2024_Permissive_Training_Input/ISIC_0778233.jpg
ISIC_9105616,0.0,../../../data/ISIC_2024_Permissive_Training_Input/ISIC_9105616.jpg
ISIC_3230629,0.0,../../../data/ISIC_2024_Permissive_Training_Input/ISIC_3230629.jpg
melanoma_6581,1.0,../../../data/hand_filtered_dataset/malignant/mel_train/melanoma_6581.jpg
ISIC_1713612,0.0,../../../data/ISIC_2024_Permissive_Training_Input/ISIC_1713612.jpg
ISIC_0719195,0.0,../../../data/ISIC_2024_Permissive_Training_Input/ISIC_0719195.jpg
melanoma_6266,1.0,../../../data/hand_filtered_dataset/malignant/mel_train/melanoma_6266.jpg
melanoma_6510,1.0,../../../data/hand_filtered_dataset/malignant/mel_train/melanoma_6510.jpg
ISIC_7948785,0.0,../../../data/ISIC_2024_Permissive_Training_Input/ISIC_7948785.jpg
ISIC_2943219,1.0,../../../data/ISIC_2024_Permissive_Training_Input/ISIC_2943219.jpg
ISIC_3459844,0.0,../../../data/ISIC_2024_Permissive_Training_Input/ISIC_3459844.jpg
melanoma_6190,1.0,../../../data/hand_filtered_dataset/malignant/mel_train/melanoma_6190.jpg
melanoma_5122,1.0,../../../data/hand_filtered_dataset/malignant/mel_train/melanoma_5122.jpg
melanoma_6832,1.0,../../../data/hand_filtered_dataset/malignant/mel_train/melanoma_6832.jpg
ISIC_2344597,0.0,../../../data/ISIC_2024_Permissive_Training_Input/ISIC_2344597.jpg
ISIC_0830547,0.0,../../../data/ISIC_2024_Permissive_Training_Input/ISIC_0830547.jpg
ISIC_6184108,1.0,../../../data/ISIC_2024_Permissive_Training_Input/ISIC_6184108.jpg
melanoma_7804,1.0,../../../data/hand_filtered_dataset/malignant/mel_train/melanoma_7804.jpg
ISIC_8520820,0.0,../../../data/ISIC_2024_Permissive_Training_Input/ISIC_8520820.jpg
ISIC_8163496,0.0,../../../data/ISIC_2024_Permissive_Training_Input/ISIC_8163496.jpg
ISIC_6973695,0.0,../../../data/ISIC_2024_Permissive_Training_Input/ISIC_6973695.jpg
ISIC_2409385,0.0,../../../data/ISIC_2024_Permissive_Training_Input/ISIC_2409385.jpg
ISIC_7418666,0.0,../../../data/ISIC_2024_Permissive_Training_Input/ISIC_7418666.jpg
ISIC_4837793,0.0,../../../data/ISIC_2024_Permissive_Training_Input/ISIC_4837793.jpg
melanoma_5834,1.0,../../../data/hand_filtered_dataset/malignant/mel_train/melanoma_5834.jpg
melanoma_6906,1.0,../../../data/hand_filtered_dataset/malignant/mel_train/melanoma_6906.jpg
melanoma_5200,1.0,../../../data/hand_filtered_dataset/malignant/mel_train/melanoma_5200.jpg
melanoma_8533,1.0,../../../data/hand_filtered_dataset/malignant/mel_train/melanoma_8533.jpg
melanoma_7115,1.0,../../../data/hand_filtered_dataset/malignant/mel_train/melanoma_7115.jpg
melanoma_9536,1.0,../../../data/hand_filtered_dataset/malignant/mel_train/melanoma_9536.jpg
melanoma_6839,1.0,../../../data/hand_filtered_dataset/malignant/mel_train/melanoma_6839.jpg
melanoma_8343,1.0,../../../data/hand_filtered_dataset/malignant/mel_train/melanoma_8343.jpg
melanoma_6719,1.0,../../../data/hand_filtered_dataset/malignant/mel_train/melanoma_6719.jpg
ISIC_3129869,0.0,../../../data/ISIC_2024_Permissive_Training_Input/ISIC_3129869.jpg
melanoma_6657,1.0,../../../data/hand_filtered_dataset/malignant/mel_train/melanoma_6657.jpg
ISIC_5157504,0.0,../../../data/ISIC_2024_Permissive_Training_Input/ISIC_5157504.jpg
ISIC_5920215,0.0,../../../data/ISIC_2024_Permissive_Training_Input/ISIC_5920215.jpg
melanoma_7154,1.0,../../../data/hand_filtered_dataset/malignant/mel_train/melanoma_7154.jpg
melanoma_9443,1.0,../../../data/hand_filtered_dataset/malignant/mel_train/melanoma_9443.jpg
melanoma_9556,1.0,../../../data/hand_filtered_dataset/malignant/mel_train/melanoma_9556.jpg
melanoma_5981,1.0,../../../data/hand_filtered_dataset/malignant/mel_train/melanoma_5981.jpg
melanoma_8600,1.0,../../../data/hand_filtered_dataset/malignant/mel_train/melanoma_8600.jpg
melanoma_5664,1.0,../../../data/hand_filtered_dataset/malignant/mel_train/melanoma_5664.jpg
melanoma_5310,1.0,../../../data/hand_filtered_dataset/malignant/mel_train/melanoma_5310.jpg
melanoma_5594,1.0,../../../data/hand_filtered_dataset/malignant/mel_train/melanoma_5594.jpg
ISIC_0329809,0.0,../../../data/ISIC_2024_Permissive_Training_Input/ISIC_0329809.jpg
melanoma_7634,1.0,../../../data/hand_filtered_dataset/malignant/mel_train/melanoma_7634.jpg
ISIC_8135749,0.0,../../../data/ISIC_2024_Permissive_Training_Input/ISIC_8135749.jpg
melanoma_5523,1.0,../../../data/hand_filtered_dataset/malignant/mel_train/melanoma_5523.jpg
melanoma_7220,1.0,../../../data/hand_filtered_dataset/malignant/mel_train/melanoma_7220.jpg
ISIC_7442925,0.0,../../../data/ISIC_2024_Permissive_Training_Input/ISIC_7442925.jpg
ISIC_8337192,0.0,../../../data/ISIC_2024_Permissive_Training_Input/ISIC_8337192.jpg
ISIC_5105236,0.0,../../../data/ISIC_2024_Permissive_Training_Input/ISIC_5105236.jpg
ISIC_1369628,0.0,../../../data/ISIC_2024_Permissive_Training_Input/ISIC_1369628.jpg
ISIC_1041239,0.0,../../../data/ISIC_2024_Permissive_Training_Input/ISIC_1041239.jpg
melanoma_6301,1.0,../../../data/hand_filtered_dataset/malignant/mel_train/melanoma_6301.jpg
melanoma_6756,1.0,../../../data/hand_filtered_dataset/malignant/mel_train/melanoma_6756.jpg
melanoma_6080,1.0,../../../data/hand_filtered_dataset/malignant/mel_train/melanoma_6080.jpg
ISIC_2781879,0.0,../../../data/ISIC_2024_Permissive_Training_Input/ISIC_2781879.jpg
melanoma_9315,1.0,../../../data/hand_filtered_dataset/malignant/mel_train/melanoma_9315.jpg
ISIC_3121581,0.0,../../../data/ISIC_2024_Permissive_Training_Input/ISIC_3121581.jpg
ISIC_0113396,0.0,../../../data/ISIC_2024_Permissive_Training_Input/ISIC_0113396.jpg
melanoma_9330,1.0,../../../data/hand_filtered_dataset/malignant/mel_train/melanoma_9330.jpg
melanoma_5070,1.0,../../../data/hand_filtered_dataset/malignant/mel_train/melanoma_5070.jpg
ISIC_4763758,0.0,../../../data/ISIC_2024_Permissive_Training_Input/ISIC_4763758.jpg
ISIC_8674454,0.0,../../../data/ISIC_2024_Permissive_Training_Input/ISIC_8674454.jpg
melanoma_7722,1.0,../../../data/hand_filtered_dataset/malignant/mel_train/melanoma_7722.jpg
melanoma_9582,1.0,../../../data/hand_filtered_dataset/malignant/mel_train/melanoma_9582.jpg
melanoma_6072,1.0,../../../data/hand_filtered_dataset/malignant/mel_train/melanoma_6072.jpg
ISIC_1669851,0.0,../../../data/ISIC_2024_Permissive_Training_Input/ISIC_1669851.jpg
ISIC_9544998,0.0,../../../data/ISIC_2024_Permissive_Training_Input/ISIC_9544998.jpg
melanoma_5619,1.0,../../../data/hand_filtered_dataset/malignant/mel_train/melanoma_5619.jpg
melanoma_5974,1.0,../../../data/hand_filtered_dataset/malignant/mel_train/melanoma_5974.jpg
ISIC_2138706,1.0,../../../data/ISIC_2024_Permissive_Training_Input/ISIC_2138706.jpg
ISIC_1079134,0.0,../../../data/ISIC_2024_Permissive_Training_Input/ISIC_1079134.jpg
melanoma_9110,1.0,../../../data/hand_filtered_dataset/malignant/mel_train/melanoma_9110.jpg
melanoma_7708,1.0,../../../data/hand_filtered_dataset/malignant/mel_train/melanoma_7708.jpg
ISIC_1572284,0.0,../../../data/ISIC_2024_Permissive_Training_Input/ISIC_1572284.jpg
melanoma_5409,1.0,../../../data/hand_filtered_dataset/malignant/mel_train/melanoma_5409.jpg
ISIC_8888725,0.0,../../../data/ISIC_2024_Permissive_Training_Input/ISIC_8888725.jpg
ISIC_1055266,0.0,../../../data/ISIC_2024_Permissive_Training_Input/ISIC_1055266.jpg
melanoma_9369,1.0,../../../data/hand_filtered_dataset/malignant/mel_train/melanoma_9369.jpg
melanoma_6128,1.0,../../../data/hand_filtered_dataset/malignant/mel_train/melanoma_6128.jpg
ISIC_5852794,0.0,../../../data/ISIC_2024_Permissive_Training_Input/ISIC_5852794.jpg
melanoma_7767,1.0,../../../data/hand_filtered_dataset/malignant/mel_train/melanoma_7767.jpg
ISIC_3712173,0.0,../../../data/ISIC_2024_Permissive_Training_Input/ISIC_3712173.jpg
ISIC_7417412,0.0,../../../data/ISIC_2024_Permissive_Training_Input/ISIC_7417412.jpg
melanoma_9070,1.0,../../../data/hand_filtered_dataset/malignant/mel_train/melanoma_9070.jpg
melanoma_9353,1.0,../../../data/hand_filtered_dataset/malignant/mel_train/melanoma_9353.jpg
ISIC_6648657,0.0,../../../data/ISIC_2024_Permissive_Training_Input/ISIC_6648657.jpg
melanoma_7997,1.0,../../../data/hand_filtered_dataset/malignant/mel_train/melanoma_7997.jpg
ISIC_8800401,0.0,../../../data/ISIC_2024_Permissive_Training_Input/ISIC_8800401.jpg
melanoma_5089,1.0,../../../data/hand_filtered_dataset/malignant/mel_train/melanoma_5089.jpg
melanoma_5175,1.0,../../../data/hand_filtered_dataset/malignant/mel_train/melanoma_5175.jpg
ISIC_7324271,0.0,../../../data/ISIC_2024_Permissive_Training_Input/ISIC_7324271.jpg
melanoma_7156,1.0,../../../data/hand_filtered_dataset/malignant/mel_train/melanoma_7156.jpg
ISIC_3918644,0.0,../../../data/ISIC_2024_Permissive_Training_Input/ISIC_3918644.jpg
melanoma_6776,1.0,../../../data/hand_filtered_dataset/malignant/mel_train/melanoma_6776.jpg
ISIC_2469338,0.0,../../../data/ISIC_2024_Permissive_Training_Input/ISIC_2469338.jpg
melanoma_7621,1.0,../../../data/hand_filtered_dataset/malignant/mel_train/melanoma_7621.jpg
ISIC_3116267,0.0,../../../data/ISIC_2024_Permissive_Training_Input/ISIC_3116267.jpg
ISIC_8648172,0.0,../../../data/ISIC_2024_Permissive_Training_Input/ISIC_8648172.jpg
ISIC_9080873,0.0,../../../data/ISIC_2024_Permissive_Training_Input/ISIC_9080873.jpg
ISIC_2180571,0.0,../../../data/ISIC_2024_Permissive_Training_Input/ISIC_2180571.jpg
ISIC_9127831,1.0,../../../data/ISIC_2024_Permissive_Training_Input/ISIC_9127831.jpg
ISIC_2862738,0.0,../../../data/ISIC_2024_Permissive_Training_Input/ISIC_2862738.jpg
melanoma_7145,1.0,../../../data/hand_filtered_dataset/malignant/mel_train/melanoma_7145.jpg
ISIC_6999208,0.0,../../../data/ISIC_2024_Permissive_Training_Input/ISIC_6999208.jpg
ISIC_0252780,0.0,../../../data/ISIC_2024_Permissive_Training_Input/ISIC_0252780.jpg
ISIC_8818980,0.0,../../../data/ISIC_2024_Permissive_Training_Input/ISIC_8818980.jpg
melanoma_7099,1.0,../../../data/hand_filtered_dataset/malignant/mel_train/melanoma_7099.jpg
melanoma_7062,1.0,../../../data/hand_filtered_dataset/malignant/mel_train/melanoma_7062.jpg
ISIC_0841353,0.0,../../../data/ISIC_2024_Permissive_Training_Input/ISIC_0841353.jpg
melanoma_9486,1.0,../../../data/hand_filtered_dataset/malignant/mel_train/melanoma_9486.jpg
melanoma_5296,1.0,../../../data/hand_filtered_dataset/malignant/mel_train/melanoma_5296.jpg
melanoma_9283,1.0,../../../data/hand_filtered_dataset/malignant/mel_train/melanoma_9283.jpg
ISIC_0951354,0.0,../../../data/ISIC_2024_Permissive_Training_Input/ISIC_0951354.jpg
ISIC_2011915,0.0,../../../data/ISIC_2024_Permissive_Training_Input/ISIC_2011915.jpg
ISIC_5447121,0.0,../../../data/ISIC_2024_Permissive_Training_Input/ISIC_5447121.jpg
ISIC_4109551,0.0,../../../data/ISIC_2024_Permissive_Training_Input/ISIC_4109551.jpg
ISIC_7538059,1.0,../../../data/ISIC_2024_Permissive_Training_Input/ISIC_7538059.jpg
melanoma_6163,1.0,../../../data/hand_filtered_dataset/malignant/mel_train/melanoma_6163.jpg
melanoma_7091,1.0,../../../data/hand_filtered_dataset/malignant/mel_train/melanoma_7091.jpg
melanoma_5107,1.0,../../../data/hand_filtered_dataset/malignant/mel_train/melanoma_5107.jpg
melanoma_8597,1.0,../../../data/hand_filtered_dataset/malignant/mel_train/melanoma_8597.jpg
ISIC_7294678,1.0,../../../data/ISIC_2024_Permissive_Training_Input/ISIC_7294678.jpg
ISIC_8999774,0.0,../../../data/ISIC_2024_Permissive_Training_Input/ISIC_8999774.jpg
ISIC_9470211,0.0,../../../data/ISIC_2024_Permissive_Training_Input/ISIC_9470211.jpg
melanoma_8282,1.0,../../../data/hand_filtered_dataset/malignant/mel_train/melanoma_8282.jpg
ISIC_0247677,0.0,../../../data/ISIC_2024_Permissive_Training_Input/ISIC_0247677.jpg
ISIC_0096034,1.0,../../../data/ISIC_2024_Permissive_Training_Input/ISIC_0096034.jpg
ISIC_0429895,1.0,../../../data/ISIC_2024_Permissive_Training_Input/ISIC_0429895.jpg
ISIC_7671151,0.0,../../../data/ISIC_2024_Permissive_Training_Input/ISIC_7671151.jpg
ISIC_9679811,0.0,../../../data/ISIC_2024_Permissive_Training_Input/ISIC_9679811.jpg
melanoma_8037,1.0,../../../data/hand_filtered_dataset/malignant/mel_train/melanoma_8037.jpg
ISIC_7063512,0.0,../../../data/ISIC_2024_Permissive_Training_Input/ISIC_7063512.jpg
ISIC_1453513,0.0,../../../data/ISIC_2024_Permissive_Training_Input/ISIC_1453513.jpg
melanoma_7557,1.0,../../../data/hand_filtered_dataset/malignant/mel_train/melanoma_7557.jpg
ISIC_9064769,0.0,../../../data/ISIC_2024_Permissive_Training_Input/ISIC_9064769.jpg
ISIC_1063394,1.0,../../../data/ISIC_2024_Permissive_Training_Input/ISIC_1063394.jpg
melanoma_8336,1.0,../../../data/hand_filtered_dataset/malignant/mel_train/melanoma_8336.jpg
melanoma_8305,1.0,../../../data/hand_filtered_dataset/malignant/mel_train/melanoma_8305.jpg
melanoma_9089,1.0,../../../data/hand_filtered_dataset/malignant/mel_train/melanoma_9089.jpg
ISIC_6209570,0.0,../../../data/ISIC_2024_Permissive_Training_Input/ISIC_6209570.jpg
melanoma_9382,1.0,../../../data/hand_filtered_dataset/malignant/mel_train/melanoma_9382.jpg
ISIC_6346014,0.0,../../../data/ISIC_2024_Permissive_Training_Input/ISIC_6346014.jpg
melanoma_8463,1.0,../../../data/hand_filtered_dataset/malignant/mel_train/melanoma_8463.jpg
melanoma_7083,1.0,../../../data/hand_filtered_dataset/malignant/mel_train/melanoma_7083.jpg
melanoma_5469,1.0,../../../data/hand_filtered_dataset/malignant/mel_train/melanoma_5469.jpg
ISIC_1127302,0.0,../../../data/ISIC_2024_Permissive_Training_Input/ISIC_1127302.jpg
ISIC_3697384,0.0,../../../data/ISIC_2024_Permissive_Training_Input/ISIC_3697384.jpg
ISIC_9949612,0.0,../../../data/ISIC_2024_Permissive_Training_Input/ISIC_9949612.jpg
ISIC_3890780,1.0,../../../data/ISIC_2024_Permissive_Training_Input/ISIC_3890780.jpg
melanoma_6180,1.0,../../../data/hand_filtered_dataset/malignant/mel_train/melanoma_6180.jpg
melanoma_8187,1.0,../../../data/hand_filtered_dataset/malignant/mel_train/melanoma_8187.jpg
melanoma_7364,1.0,../../../data/hand_filtered_dataset/malignant/mel_train/melanoma_7364.jpg
melanoma_5561,1.0,../../../data/hand_filtered_dataset/malignant/mel_train/melanoma_5561.jpg
melanoma_7052,1.0,../../../data/hand_filtered_dataset/malignant/mel_train/melanoma_7052.jpg
ISIC_1184573,0.0,../../../data/ISIC_2024_Permissive_Training_Input/ISIC_1184573.jpg
melanoma_9521,1.0,../../../data/hand_filtered_dataset/malignant/mel_train/melanoma_9521.jpg
ISIC_6913391,0.0,../../../data/ISIC_2024_Permissive_Training_Input/ISIC_6913391.jpg
ISIC_7679666,0.0,../../../data/ISIC_2024_Permissive_Training_Input/ISIC_7679666.jpg
melanoma_9523,1.0,../../../data/hand_filtered_dataset/malignant/mel_train/melanoma_9523.jpg
ISIC_5030930,0.0,../../../data/ISIC_2024_Permissive_Training_Input/ISIC_5030930.jpg
ISIC_1988345,0.0,../../../data/ISIC_2024_Permissive_Training_Input/ISIC_1988345.jpg
melanoma_5020,1.0,../../../data/hand_filtered_dataset/malignant/mel_train/melanoma_5020.jpg
melanoma_7596,1.0,../../../data/hand_filtered_dataset/malignant/mel_train/melanoma_7596.jpg
melanoma_6102,1.0,../../../data/hand_filtered_dataset/malignant/mel_train/melanoma_6102.jpg
ISIC_2148528,0.0,../../../data/ISIC_2024_Permissive_Training_Input/ISIC_2148528.jpg
melanoma_6333,1.0,../../../data/hand_filtered_dataset/malignant/mel_train/melanoma_6333.jpg
melanoma_5667,1.0,../../../data/hand_filtered_dataset/malignant/mel_train/melanoma_5667.jpg
ISIC_5027348,0.0,../../../data/ISIC_2024_Permissive_Training_Input/ISIC_5027348.jpg
ISIC_1624766,0.0,../../../data/ISIC_2024_Permissive_Training_Input/ISIC_1624766.jpg
melanoma_7731,1.0,../../../data/hand_filtered_dataset/malignant/mel_train/melanoma_7731.jpg
melanoma_7687,1.0,../../../data/hand_filtered_dataset/malignant/mel_train/melanoma_7687.jpg
melanoma_8013,1.0,../../../data/hand_filtered_dataset/malignant/mel_train/melanoma_8013.jpg
ISIC_2238418,0.0,../../../data/ISIC_2024_Permissive_Training_Input/ISIC_2238418.jpg
ISIC_9273554,0.0,../../../data/ISIC_2024_Permissive_Training_Input/ISIC_9273554.jpg
melanoma_9168,1.0,../../../data/hand_filtered_dataset/malignant/mel_train/melanoma_9168.jpg
ISIC_9264189,0.0,../../../data/ISIC_2024_Permissive_Training_Input/ISIC_9264189.jpg
melanoma_7210,1.0,../../../data/hand_filtered_dataset/malignant/mel_train/melanoma_7210.jpg
ISIC_7570814,0.0,../../../data/ISIC_2024_Permissive_Training_Input/ISIC_7570814.jpg
melanoma_5949,1.0,../../../data/hand_filtered_dataset/malignant/mel_train/melanoma_5949.jpg
melanoma_6129,1.0,../../../data/hand_filtered_dataset/malignant/mel_train/melanoma_6129.jpg
ISIC_6744205,0.0,../../../data/ISIC_2024_Permissive_Training_Input/ISIC_6744205.jpg
ISIC_3963035,0.0,../../../data/ISIC_2024_Permissive_Training_Input/ISIC_3963035.jpg
ISIC_8958446,0.0,../../../data/ISIC_2024_Permissive_Training_Input/ISIC_8958446.jpg
ISIC_9393725,0.0,../../../data/ISIC_2024_Permissive_Training_Input/ISIC_9393725.jpg
ISIC_1876067,0.0,../../../data/ISIC_2024_Permissive_Training_Input/ISIC_1876067.jpg
ISIC_6840421,0.0,../../../data/ISIC_2024_Permissive_Training_Input/ISIC_6840421.jpg
ISIC_3593457,0.0,../../../data/ISIC_2024_Permissive_Training_Input/ISIC_3593457.jpg
melanoma_5610,1.0,../../../data/hand_filtered_dataset/malignant/mel_train/melanoma_5610.jpg
ISIC_7484347,0.0,../../../data/ISIC_2024_Permissive_Training_Input/ISIC_7484347.jpg
melanoma_5072,1.0,../../../data/hand_filtered_dataset/malignant/mel_train/melanoma_5072.jpg
ISIC_7887373,0.0,../../../data/ISIC_2024_Permissive_Training_Input/ISIC_7887373.jpg
ISIC_6867552,0.0,../../../data/ISIC_2024_Permissive_Training_Input/ISIC_6867552.jpg
ISIC_9496185,0.0,../../../data/ISIC_2024_Permissive_Training_Input/ISIC_9496185.jpg
ISIC_4091415,0.0,../../../data/ISIC_2024_Permissive_Training_Input/ISIC_4091415.jpg
melanoma_6744,1.0,../../../data/hand_filtered_dataset/malignant/mel_train/melanoma_6744.jpg
melanoma_5033,1.0,../../../data/hand_filtered_dataset/malignant/mel_train/melanoma_5033.jpg
melanoma_5044,1.0,../../../data/hand_filtered_dataset/malignant/mel_train/melanoma_5044.jpg
ISIC_9823786,0.0,../../../data/ISIC_2024_Permissive_Training_Input/ISIC_9823786.jpg
ISIC_9972649,1.0,../../../data/ISIC_2024_Permissive_Training_Input/ISIC_9972649.jpg
ISIC_1886872,0.0,../../../data/ISIC_2024_Permissive_Training_Input/ISIC_1886872.jpg
melanoma_9444,1.0,../../../data/hand_filtered_dataset/malignant/mel_train/melanoma_9444.jpg
ISIC_7600263,0.0,../../../data/ISIC_2024_Permissive_Training_Input/ISIC_7600263.jpg
melanoma_6934,1.0,../../../data/hand_filtered_dataset/malignant/mel_train/melanoma_6934.jpg
melanoma_7622,1.0,../../../data/hand_filtered_dataset/malignant/mel_train/melanoma_7622.jpg
melanoma_5546,1.0,../../../data/hand_filtered_dataset/malignant/mel_train/melanoma_5546.jpg
melanoma_5691,1.0,../../../data/hand_filtered_dataset/malignant/mel_train/melanoma_5691.jpg
melanoma_9385,1.0,../../../data/hand_filtered_dataset/malignant/mel_train/melanoma_9385.jpg
melanoma_5215,1.0,../../../data/hand_filtered_dataset/malignant/mel_train/melanoma_5215.jpg
ISIC_6246414,1.0,../../../data/ISIC_2024_Permissive_Training_Input/ISIC_6246414.jpg
ISIC_7097251,0.0,../../../data/ISIC_2024_Permissive_Training_Input/ISIC_7097251.jpg
ISIC_0978700,0.0,../../../data/ISIC_2024_Permissive_Training_Input/ISIC_0978700.jpg
melanoma_7241,1.0,../../../data/hand_filtered_dataset/malignant/mel_train/melanoma_7241.jpg
ISIC_3995804,0.0,../../../data/ISIC_2024_Permissive_Training_Input/ISIC_3995804.jpg
ISIC_0738151,0.0,../../../data/ISIC_2024_Permissive_Training_Input/ISIC_0738151.jpg
ISIC_6833593,0.0,../../../data/ISIC_2024_Permissive_Training_Input/ISIC_6833593.jpg
melanoma_6506,1.0,../../../data/hand_filtered_dataset/malignant/mel_train/melanoma_6506.jpg
ISIC_5153993,0.0,../../../data/ISIC_2024_Permissive_Training_Input/ISIC_5153993.jpg
ISIC_0708989,0.0,../../../data/ISIC_2024_Permissive_Training_Input/ISIC_0708989.jpg
melanoma_9367,1.0,../../../data/hand_filtered_dataset/malignant/mel_train/melanoma_9367.jpg
melanoma_5830,1.0,../../../data/hand_filtered_dataset/malignant/mel_train/melanoma_5830.jpg
ISIC_2485126,0.0,../../../data/ISIC_2024_Permissive_Training_Input/ISIC_2485126.jpg
ISIC_8731383,1.0,../../../data/ISIC_2024_Permissive_Training_Input/ISIC_8731383.jpg
melanoma_8470,1.0,../../../data/hand_filtered_dataset/malignant/mel_train/melanoma_8470.jpg
ISIC_7081315,0.0,../../../data/ISIC_2024_Permissive_Training_Input/ISIC_7081315.jpg
ISIC_0695513,0.0,../../../data/ISIC_2024_Permissive_Training_Input/ISIC_0695513.jpg
ISIC_3631780,1.0,../../../data/ISIC_2024_Permissive_Training_Input/ISIC_3631780.jpg
ISIC_3926438,0.0,../../../data/ISIC_2024_Permissive_Training_Input/ISIC_3926438.jpg
ISIC_4627602,0.0,../../../data/ISIC_2024_Permissive_Training_Input/ISIC_4627602.jpg
ISIC_9766200,0.0,../../../data/ISIC_2024_Permissive_Training_Input/ISIC_9766200.jpg
ISIC_4579281,0.0,../../../data/ISIC_2024_Permissive_Training_Input/ISIC_4579281.jpg
melanoma_6732,1.0,../../../data/hand_filtered_dataset/malignant/mel_train/melanoma_6732.jpg
melanoma_7460,1.0,../../../data/hand_filtered_dataset/malignant/mel_train/melanoma_7460.jpg
ISIC_3696532,0.0,../../../data/ISIC_2024_Permissive_Training_Input/ISIC_3696532.jpg
melanoma_9426,1.0,../../../data/hand_filtered_dataset/malignant/mel_train/melanoma_9426.jpg
ISIC_0452332,1.0,../../../data/ISIC_2024_Permissive_Training_Input/ISIC_0452332.jpg
ISIC_0334458,0.0,../../../data/ISIC_2024_Permissive_Training_Input/ISIC_0334458.jpg
melanoma_5368,1.0,../../../data/hand_filtered_dataset/malignant/mel_train/melanoma_5368.jpg
ISIC_6859953,0.0,../../../data/ISIC_2024_Permissive_Training_Input/ISIC_6859953.jpg
ISIC_4605849,0.0,../../../data/ISIC_2024_Permissive_Training_Input/ISIC_4605849.jpg
ISIC_0571955,0.0,../../../data/ISIC_2024_Permissive_Training_Input/ISIC_0571955.jpg
melanoma_6302,1.0,../../../data/hand_filtered_dataset/malignant/mel_train/melanoma_6302.jpg
melanoma_6455,1.0,../../../data/hand_filtered_dataset/malignant/mel_train/melanoma_6455.jpg
melanoma_7732,1.0,../../../data/hand_filtered_dataset/malignant/mel_train/melanoma_7732.jpg
melanoma_8089,1.0,../../../data/hand_filtered_dataset/malignant/mel_train/melanoma_8089.jpg
ISIC_6700414,0.0,../../../data/ISIC_2024_Permissive_Training_Input/ISIC_6700414.jpg
melanoma_8665,1.0,../../../data/hand_filtered_dataset/malignant/mel_train/melanoma_8665.jpg
ISIC_2832105,0.0,../../../data/ISIC_2024_Permissive_Training_Input/ISIC_2832105.jpg
melanoma_5448,1.0,../../../data/hand_filtered_dataset/malignant/mel_train/melanoma_5448.jpg
ISIC_9090322,1.0,../../../data/ISIC_2024_Permissive_Training_Input/ISIC_9090322.jpg
ISIC_8966407,1.0,../../../data/ISIC_2024_Permissive_Training_Input/ISIC_8966407.jpg
ISIC_8691039,0.0,../../../data/ISIC_2024_Permissive_Training_Input/ISIC_8691039.jpg
melanoma_9062,1.0,../../../data/hand_filtered_dataset/malignant/mel_train/melanoma_9062.jpg
ISIC_9577205,0.0,../../../data/ISIC_2024_Permissive_Training_Input/ISIC_9577205.jpg
melanoma_5525,1.0,../../../data/hand_filtered_dataset/malignant/mel_train/melanoma_5525.jpg
melanoma_8245,1.0,../../../data/hand_filtered_dataset/malignant/mel_train/melanoma_8245.jpg
melanoma_5369,1.0,../../../data/hand_filtered_dataset/malignant/mel_train/melanoma_5369.jpg
ISIC_4773732,0.0,../../../data/ISIC_2024_Permissive_Training_Input/ISIC_4773732.jpg
ISIC_5814779,1.0,../../../data/ISIC_2024_Permissive_Training_Input/ISIC_5814779.jpg
ISIC_9703338,0.0,../../../data/ISIC_2024_Permissive_Training_Input/ISIC_9703338.jpg
ISIC_4832744,0.0,../../../data/ISIC_2024_Permissive_Training_Input/ISIC_4832744.jpg
melanoma_8405,1.0,../../../data/hand_filtered_dataset/malignant/mel_train/melanoma_8405.jpg
ISIC_8429381,0.0,../../../data/ISIC_2024_Permissive_Training_Input/ISIC_8429381.jpg
ISIC_6235595,0.0,../../../data/ISIC_2024_Permissive_Training_Input/ISIC_6235595.jpg
melanoma_5997,1.0,../../../data/hand_filtered_dataset/malignant/mel_train/melanoma_5997.jpg
ISIC_1225546,0.0,../../../data/ISIC_2024_Permissive_Training_Input/ISIC_1225546.jpg
melanoma_8589,1.0,../../../data/hand_filtered_dataset/malignant/mel_train/melanoma_8589.jpg
ISIC_1195419,0.0,../../../data/ISIC_2024_Permissive_Training_Input/ISIC_1195419.jpg
melanoma_8148,1.0,../../../data/hand_filtered_dataset/malignant/mel_train/melanoma_8148.jpg
ISIC_7257561,0.0,../../../data/ISIC_2024_Permissive_Training_Input/ISIC_7257561.jpg
ISIC_6873453,0.0,../../../data/ISIC_2024_Permissive_Training_Input/ISIC_6873453.jpg
ISIC_4928537,0.0,../../../data/ISIC_2024_Permissive_Training_Input/ISIC_4928537.jpg
ISIC_6399573,1.0,../../../data/ISIC_2024_Permissive_Training_Input/ISIC_6399573.jpg
ISIC_5062029,0.0,../../../data/ISIC_2024_Permissive_Training_Input/ISIC_5062029.jpg
ISIC_8760640,0.0,../../../data/ISIC_2024_Permissive_Training_Input/ISIC_8760640.jpg
ISIC_1021468,0.0,../../../data/ISIC_2024_Permissive_Training_Input/ISIC_1021468.jpg
melanoma_8436,1.0,../../../data/hand_filtered_dataset/malignant/mel_train/melanoma_8436.jpg
ISIC_3314554,0.0,../../../data/ISIC_2024_Permissive_Training_Input/ISIC_3314554.jpg
ISIC_6842634,0.0,../../../data/ISIC_2024_Permissive_Training_Input/ISIC_6842634.jpg
ISIC_1940319,0.0,../../../data/ISIC_2024_Permissive_Training_Input/ISIC_1940319.jpg
melanoma_5173,1.0,../../../data/hand_filtered_dataset/malignant/mel_train/melanoma_5173.jpg
ISIC_4874224,0.0,../../../data/ISIC_2024_Permissive_Training_Input/ISIC_4874224.jpg
ISIC_7239283,0.0,../../../data/ISIC_2024_Permissive_Training_Input/ISIC_7239283.jpg
melanoma_6814,1.0,../../../data/hand_filtered_dataset/malignant/mel_train/melanoma_6814.jpg
ISIC_9811227,0.0,../../../data/ISIC_2024_Permissive_Training_Input/ISIC_9811227.jpg
ISIC_2418359,0.0,../../../data/ISIC_2024_Permissive_Training_Input/ISIC_2418359.jpg
ISIC_8045507,0.0,../../../data/ISIC_2024_Permissive_Training_Input/ISIC_8045507.jpg
ISIC_2670008,0.0,../../../data/ISIC_2024_Permissive_Training_Input/ISIC_2670008.jpg
ISIC_5736176,0.0,../../../data/ISIC_2024_Permissive_Training_Input/ISIC_5736176.jpg
melanoma_5289,1.0,../../../data/hand_filtered_dataset/malignant/mel_train/melanoma_5289.jpg
ISIC_6569185,0.0,../../../data/ISIC_2024_Permissive_Training_Input/ISIC_6569185.jpg
melanoma_6068,1.0,../../../data/hand_filtered_dataset/malignant/mel_train/melanoma_6068.jpg
ISIC_2802266,0.0,../../../data/ISIC_2024_Permissive_Training_Input/ISIC_2802266.jpg
ISIC_3151987,0.0,../../../data/ISIC_2024_Permissive_Training_Input/ISIC_3151987.jpg
ISIC_8353921,0.0,../../../data/ISIC_2024_Permissive_Training_Input/ISIC_8353921.jpg
melanoma_9026,1.0,../../../data/hand_filtered_dataset/malignant/mel_train/melanoma_9026.jpg
melanoma_9018,1.0,../../../data/hand_filtered_dataset/malignant/mel_train/melanoma_9018.jpg
melanoma_5907,1.0,../../../data/hand_filtered_dataset/malignant/mel_train/melanoma_5907.jpg
melanoma_7595,1.0,../../../data/hand_filtered_dataset/malignant/mel_train/melanoma_7595.jpg
ISIC_9583890,0.0,../../../data/ISIC_2024_Permissive_Training_Input/ISIC_9583890.jpg
melanoma_5374,1.0,../../../data/hand_filtered_dataset/malignant/mel_train/melanoma_5374.jpg
ISIC_4900611,0.0,../../../data/ISIC_2024_Permissive_Training_Input/ISIC_4900611.jpg
melanoma_6962,1.0,../../../data/hand_filtered_dataset/malignant/mel_train/melanoma_6962.jpg
melanoma_8401,1.0,../../../data/hand_filtered_dataset/malignant/mel_train/melanoma_8401.jpg
melanoma_5579,1.0,../../../data/hand_filtered_dataset/malignant/mel_train/melanoma_5579.jpg
melanoma_7579,1.0,../../../data/hand_filtered_dataset/malignant/mel_train/melanoma_7579.jpg
melanoma_6715,1.0,../../../data/hand_filtered_dataset/malignant/mel_train/melanoma_6715.jpg
ISIC_7574574,0.0,../../../data/ISIC_2024_Permissive_Training_Input/ISIC_7574574.jpg
melanoma_5913,1.0,../../../data/hand_filtered_dataset/malignant/mel_train/melanoma_5913.jpg
melanoma_7692,1.0,../../../data/hand_filtered_dataset/malignant/mel_train/melanoma_7692.jpg
melanoma_9355,1.0,../../../data/hand_filtered_dataset/malignant/mel_train/melanoma_9355.jpg
ISIC_1663430,0.0,../../../data/ISIC_2024_Permissive_Training_Input/ISIC_1663430.jpg
melanoma_5775,1.0,../../../data/hand_filtered_dataset/malignant/mel_train/melanoma_5775.jpg
ISIC_6022611,0.0,../../../data/ISIC_2024_Permissive_Training_Input/ISIC_6022611.jpg
ISIC_8898380,1.0,../../../data/ISIC_2024_Permissive_Training_Input/ISIC_8898380.jpg
ISIC_4883996,1.0,../../../data/ISIC_2024_Permissive_Training_Input/ISIC_4883996.jpg
melanoma_9117,1.0,../../../data/hand_filtered_dataset/malignant/mel_train/melanoma_9117.jpg
ISIC_5837897,0.0,../../../data/ISIC_2024_Permissive_Training_Input/ISIC_5837897.jpg
ISIC_7188117,1.0,../../../data/ISIC_2024_Permissive_Training_Input/ISIC_7188117.jpg
ISIC_9957953,0.0,../../../data/ISIC_2024_Permissive_Training_Input/ISIC_9957953.jpg
melanoma_8681,1.0,../../../data/hand_filtered_dataset/malignant/mel_train/melanoma_8681.jpg
melanoma_8690,1.0,../../../data/hand_filtered_dataset/malignant/mel_train/melanoma_8690.jpg
melanoma_8496,1.0,../../../data/hand_filtered_dataset/malignant/mel_train/melanoma_8496.jpg
ISIC_8142853,0.0,../../../data/ISIC_2024_Permissive_Training_Input/ISIC_8142853.jpg
ISIC_9879278,0.0,../../../data/ISIC_2024_Permissive_Training_Input/ISIC_9879278.jpg
melanoma_9290,1.0,../../../data/hand_filtered_dataset/malignant/mel_train/melanoma_9290.jpg
ISIC_4541526,0.0,../../../data/ISIC_2024_Permissive_Training_Input/ISIC_4541526.jpg
ISIC_8040610,0.0,../../../data/ISIC_2024_Permissive_Training_Input/ISIC_8040610.jpg
melanoma_6753,1.0,../../../data/hand_filtered_dataset/malignant/mel_train/melanoma_6753.jpg
melanoma_7808,1.0,../../../data/hand_filtered_dataset/malignant/mel_train/melanoma_7808.jpg
melanoma_6478,1.0,../../../data/hand_filtered_dataset/malignant/mel_train/melanoma_6478.jpg
ISIC_3567171,0.0,../../../data/ISIC_2024_Permissive_Training_Input/ISIC_3567171.jpg
melanoma_5577,1.0,../../../data/hand_filtered_dataset/malignant/mel_train/melanoma_5577.jpg
ISIC_1171267,0.0,../../../data/ISIC_2024_Permissive_Training_Input/ISIC_1171267.jpg
ISIC_3744161,1.0,../../../data/ISIC_2024_Permissive_Training_Input/ISIC_3744161.jpg
melanoma_5716,1.0,../../../data/hand_filtered_dataset/malignant/mel_train/melanoma_5716.jpg
melanoma_9154,1.0,../../../data/hand_filtered_dataset/malignant/mel_train/melanoma_9154.jpg
melanoma_7682,1.0,../../../data/hand_filtered_dataset/malignant/mel_train/melanoma_7682.jpg
ISIC_8307128,0.0,../../../data/ISIC_2024_Permissive_Training_Input/ISIC_8307128.jpg
ISIC_8485396,0.0,../../../data/ISIC_2024_Permissive_Training_Input/ISIC_8485396.jpg
melanoma_8045,1.0,../../../data/hand_filtered_dataset/malignant/mel_train/melanoma_8045.jpg
melanoma_8419,1.0,../../../data/hand_filtered_dataset/malignant/mel_train/melanoma_8419.jpg
melanoma_7610,1.0,../../../data/hand_filtered_dataset/malignant/mel_train/melanoma_7610.jpg
melanoma_9115,1.0,../../../data/hand_filtered_dataset/malignant/mel_train/melanoma_9115.jpg
ISIC_6798815,1.0,../../../data/ISIC_2024_Permissive_Training_Input/ISIC_6798815.jpg
melanoma_9558,1.0,../../../data/hand_filtered_dataset/malignant/mel_train/melanoma_9558.jpg
ISIC_6520297,0.0,../../../data/ISIC_2024_Permissive_Training_Input/ISIC_6520297.jpg
ISIC_0782183,0.0,../../../data/ISIC_2024_Permissive_Training_Input/ISIC_0782183.jpg
melanoma_7779,1.0,../../../data/hand_filtered_dataset/malignant/mel_train/melanoma_7779.jpg
melanoma_8047,1.0,../../../data/hand_filtered_dataset/malignant/mel_train/melanoma_8047.jpg
ISIC_5068210,1.0,../../../data/ISIC_2024_Permissive_Training_Input/ISIC_5068210.jpg
melanoma_6361,1.0,../../../data/hand_filtered_dataset/malignant/mel_train/melanoma_6361.jpg
ISIC_7845111,0.0,../../../data/ISIC_2024_Permissive_Training_Input/ISIC_7845111.jpg
melanoma_6951,1.0,../../../data/hand_filtered_dataset/malignant/mel_train/melanoma_6951.jpg
melanoma_5800,1.0,../../../data/hand_filtered_dataset/malignant/mel_train/melanoma_5800.jpg
melanoma_6593,1.0,../../../data/hand_filtered_dataset/malignant/mel_train/melanoma_6593.jpg
ISIC_2145582,0.0,../../../data/ISIC_2024_Permissive_Training_Input/ISIC_2145582.jpg
melanoma_7631,1.0,../../../data/hand_filtered_dataset/malignant/mel_train/melanoma_7631.jpg
ISIC_4398545,0.0,../../../data/ISIC_2024_Permissive_Training_Input/ISIC_4398545.jpg
melanoma_5484,1.0,../../../data/hand_filtered_dataset/malignant/mel_train/melanoma_5484.jpg
melanoma_6001,1.0,../../../data/hand_filtered_dataset/malignant/mel_train/melanoma_6001.jpg
melanoma_9314,1.0,../../../data/hand_filtered_dataset/malignant/mel_train/melanoma_9314.jpg
ISIC_4305489,0.0,../../../data/ISIC_2024_Permissive_Training_Input/ISIC_4305489.jpg
ISIC_4620273,0.0,../../../data/ISIC_2024_Permissive_Training_Input/ISIC_4620273.jpg
melanoma_7636,1.0,../../../data/hand_filtered_dataset/malignant/mel_train/melanoma_7636.jpg
ISIC_4563631,0.0,../../../data/ISIC_2024_Permissive_Training_Input/ISIC_4563631.jpg
melanoma_5605,1.0,../../../data/hand_filtered_dataset/malignant/mel_train/melanoma_5605.jpg
melanoma_9598,1.0,../../../data/hand_filtered_dataset/malignant/mel_train/melanoma_9598.jpg
ISIC_0737283,0.0,../../../data/ISIC_2024_Permissive_Training_Input/ISIC_0737283.jpg
melanoma_5542,1.0,../../../data/hand_filtered_dataset/malignant/mel_train/melanoma_5542.jpg
melanoma_6529,1.0,../../../data/hand_filtered_dataset/malignant/mel_train/melanoma_6529.jpg
ISIC_0735360,0.0,../../../data/ISIC_2024_Permissive_Training_Input/ISIC_0735360.jpg
melanoma_8650,1.0,../../../data/hand_filtered_dataset/malignant/mel_train/melanoma_8650.jpg
ISIC_0415472,0.0,../../../data/ISIC_2024_Permissive_Training_Input/ISIC_0415472.jpg
melanoma_8637,1.0,../../../data/hand_filtered_dataset/malignant/mel_train/melanoma_8637.jpg
melanoma_9465,1.0,../../../data/hand_filtered_dataset/malignant/mel_train/melanoma_9465.jpg
ISIC_4457452,0.0,../../../data/ISIC_2024_Permissive_Training_Input/ISIC_4457452.jpg
melanoma_9130,1.0,../../../data/hand_filtered_dataset/malignant/mel_train/melanoma_9130.jpg
melanoma_9192,1.0,../../../data/hand_filtered_dataset/malignant/mel_train/melanoma_9192.jpg
melanoma_7133,1.0,../../../data/hand_filtered_dataset/malignant/mel_train/melanoma_7133.jpg
melanoma_7763,1.0,../../../data/hand_filtered_dataset/malignant/mel_train/melanoma_7763.jpg
melanoma_5261,1.0,../../../data/hand_filtered_dataset/malignant/mel_train/melanoma_5261.jpg
ISIC_5645899,0.0,../../../data/ISIC_2024_Permissive_Training_Input/ISIC_5645899.jpg
ISIC_5004346,0.0,../../../data/ISIC_2024_Permissive_Training_Input/ISIC_5004346.jpg
ISIC_6250620,0.0,../../../data/ISIC_2024_Permissive_Training_Input/ISIC_6250620.jpg
melanoma_9081,1.0,../../../data/hand_filtered_dataset/malignant/mel_train/melanoma_9081.jpg
ISIC_9943981,0.0,../../../data/ISIC_2024_Permissive_Training_Input/ISIC_9943981.jpg
ISIC_9557797,0.0,../../../data/ISIC_2024_Permissive_Training_Input/ISIC_9557797.jpg
melanoma_7756,1.0,../../../data/hand_filtered_dataset/malignant/mel_train/melanoma_7756.jpg
melanoma_6000,1.0,../../../data/hand_filtered_dataset/malignant/mel_train/melanoma_6000.jpg
melanoma_5037,1.0,../../../data/hand_filtered_dataset/malignant/mel_train/melanoma_5037.jpg
melanoma_9413,1.0,../../../data/hand_filtered_dataset/malignant/mel_train/melanoma_9413.jpg
ISIC_6049489,0.0,../../../data/ISIC_2024_Permissive_Training_Input/ISIC_6049489.jpg
melanoma_7104,1.0,../../../data/hand_filtered_dataset/malignant/mel_train/melanoma_7104.jpg
ISIC_4879710,0.0,../../../data/ISIC_2024_Permissive_Training_Input/ISIC_4879710.jpg
melanoma_7542,1.0,../../../data/hand_filtered_dataset/malignant/mel_train/melanoma_7542.jpg
melanoma_8495,1.0,../../../data/hand_filtered_dataset/malignant/mel_train/melanoma_8495.jpg
melanoma_6226,1.0,../../../data/hand_filtered_dataset/malignant/mel_train/melanoma_6226.jpg
melanoma_8571,1.0,../../../data/hand_filtered_dataset/malignant/mel_train/melanoma_8571.jpg
melanoma_5090,1.0,../../../data/hand_filtered_dataset/malignant/mel_train/melanoma_5090.jpg
melanoma_8907,1.0,../../../data/hand_filtered_dataset/malignant/mel_train/melanoma_8907.jpg
melanoma_8001,1.0,../../../data/hand_filtered_dataset/malignant/mel_train/melanoma_8001.jpg
melanoma_8115,1.0,../../../data/hand_filtered_dataset/malignant/mel_train/melanoma_8115.jpg
ISIC_1222322,0.0,../../../data/ISIC_2024_Permissive_Training_Input/ISIC_1222322.jpg
ISIC_1125504,0.0,../../../data/ISIC_2024_Permissive_Training_Input/ISIC_1125504.jpg
melanoma_5479,1.0,../../../data/hand_filtered_dataset/malignant/mel_train/melanoma_5479.jpg
ISIC_4411106,0.0,../../../data/ISIC_2024_Permissive_Training_Input/ISIC_4411106.jpg
melanoma_8497,1.0,../../../data/hand_filtered_dataset/malignant/mel_train/melanoma_8497.jpg
ISIC_4838858,0.0,../../../data/ISIC_2024_Permissive_Training_Input/ISIC_4838858.jpg
melanoma_6653,1.0,../../../data/hand_filtered_dataset/malignant/mel_train/melanoma_6653.jpg
melanoma_5413,1.0,../../../data/hand_filtered_dataset/malignant/mel_train/melanoma_5413.jpg
melanoma_5856,1.0,../../../data/hand_filtered_dataset/malignant/mel_train/melanoma_5856.jpg
ISIC_8687756,0.0,../../../data/ISIC_2024_Permissive_Training_Input/ISIC_8687756.jpg
ISIC_3310786,0.0,../../../data/ISIC_2024_Permissive_Training_Input/ISIC_3310786.jpg
ISIC_8159573,0.0,../../../data/ISIC_2024_Permissive_Training_Input/ISIC_8159573.jpg
ISIC_7373227,1.0,../../../data/ISIC_2024_Permissive_Training_Input/ISIC_7373227.jpg
ISIC_1095689,0.0,../../../data/ISIC_2024_Permissive_Training_Input/ISIC_1095689.jpg
melanoma_5612,1.0,../../../data/hand_filtered_dataset/malignant/mel_train/melanoma_5612.jpg
ISIC_3439285,0.0,../../../data/ISIC_2024_Permissive_Training_Input/ISIC_3439285.jpg
ISIC_7366418,0.0,../../../data/ISIC_2024_Permissive_Training_Input/ISIC_7366418.jpg
ISIC_0104229,1.0,../../../data/ISIC_2024_Permissive_Training_Input/ISIC_0104229.jpg
ISIC_7609216,0.0,../../../data/ISIC_2024_Permissive_Training_Input/ISIC_7609216.jpg
melanoma_8696,1.0,../../../data/hand_filtered_dataset/malignant/mel_train/melanoma_8696.jpg
ISIC_3467445,1.0,../../../data/ISIC_2024_Permissive_Training_Input/ISIC_3467445.jpg
melanoma_9175,1.0,../../../data/hand_filtered_dataset/malignant/mel_train/melanoma_9175.jpg
ISIC_1712609,0.0,../../../data/ISIC_2024_Permissive_Training_Input/ISIC_1712609.jpg
melanoma_9307,1.0,../../../data/hand_filtered_dataset/malignant/mel_train/melanoma_9307.jpg
melanoma_6427,1.0,../../../data/hand_filtered_dataset/malignant/mel_train/melanoma_6427.jpg
ISIC_7192088,0.0,../../../data/ISIC_2024_Permissive_Training_Input/ISIC_7192088.jpg
ISIC_8357503,0.0,../../../data/ISIC_2024_Permissive_Training_Input/ISIC_8357503.jpg
ISIC_6326068,0.0,../../../data/ISIC_2024_Permissive_Training_Input/ISIC_6326068.jpg
ISIC_5366444,1.0,../../../data/ISIC_2024_Permissive_Training_Input/ISIC_5366444.jpg
ISIC_6226496,0.0,../../../data/ISIC_2024_Permissive_Training_Input/ISIC_6226496.jpg
ISIC_5408887,0.0,../../../data/ISIC_2024_Permissive_Training_Input/ISIC_5408887.jpg
melanoma_5632,1.0,../../../data/hand_filtered_dataset/malignant/mel_train/melanoma_5632.jpg
ISIC_2955928,0.0,../../../data/ISIC_2024_Permissive_Training_Input/ISIC_2955928.jpg
melanoma_7429,1.0,../../../data/hand_filtered_dataset/malignant/mel_train/melanoma_7429.jpg
ISIC_8404669,1.0,../../../data/ISIC_2024_Permissive_Training_Input/ISIC_8404669.jpg
ISIC_5475654,1.0,../../../data/ISIC_2024_Permissive_Training_Input/ISIC_5475654.jpg
ISIC_3952806,0.0,../../../data/ISIC_2024_Permissive_Training_Input/ISIC_3952806.jpg
melanoma_6002,1.0,../../../data/hand_filtered_dataset/malignant/mel_train/melanoma_6002.jpg
ISIC_2751137,0.0,../../../data/ISIC_2024_Permissive_Training_Input/ISIC_2751137.jpg
melanoma_5492,1.0,../../../data/hand_filtered_dataset/malignant/mel_train/melanoma_5492.jpg
melanoma_5424,1.0,../../../data/hand_filtered_dataset/malignant/mel_train/melanoma_5424.jpg
ISIC_2149146,0.0,../../../data/ISIC_2024_Permissive_Training_Input/ISIC_2149146.jpg
melanoma_6042,1.0,../../../data/hand_filtered_dataset/malignant/mel_train/melanoma_6042.jpg
ISIC_7102217,0.0,../../../data/ISIC_2024_Permissive_Training_Input/ISIC_7102217.jpg
melanoma_5284,1.0,../../../data/hand_filtered_dataset/malignant/mel_train/melanoma_5284.jpg
ISIC_9403615,0.0,../../../data/ISIC_2024_Permissive_Training_Input/ISIC_9403615.jpg
ISIC_2345540,0.0,../../../data/ISIC_2024_Permissive_Training_Input/ISIC_2345540.jpg
ISIC_2026983,0.0,../../../data/ISIC_2024_Permissive_Training_Input/ISIC_2026983.jpg
melanoma_7536,1.0,../../../data/hand_filtered_dataset/malignant/mel_train/melanoma_7536.jpg
melanoma_8012,1.0,../../../data/hand_filtered_dataset/malignant/mel_train/melanoma_8012.jpg
ISIC_2232675,0.0,../../../data/ISIC_2024_Permissive_Training_Input/ISIC_2232675.jpg
melanoma_9092,1.0,../../../data/hand_filtered_dataset/malignant/mel_train/melanoma_9092.jpg
melanoma_5034,1.0,../../../data/hand_filtered_dataset/malignant/mel_train/melanoma_5034.jpg
ISIC_6427592,0.0,../../../data/ISIC_2024_Permissive_Training_Input/ISIC_6427592.jpg
ISIC_8911847,0.0,../../../data/ISIC_2024_Permissive_Training_Input/ISIC_8911847.jpg
melanoma_5045,1.0,../../../data/hand_filtered_dataset/malignant/mel_train/melanoma_5045.jpg
ISIC_6892871,0.0,../../../data/ISIC_2024_Permissive_Training_Input/ISIC_6892871.jpg
ISIC_6622898,0.0,../../../data/ISIC_2024_Permissive_Training_Input/ISIC_6622898.jpg
melanoma_6019,1.0,../../../data/hand_filtered_dataset/malignant/mel_train/melanoma_6019.jpg
melanoma_9469,1.0,../../../data/hand_filtered_dataset/malignant/mel_train/melanoma_9469.jpg
ISIC_8512129,1.0,../../../data/ISIC_2024_Permissive_Training_Input/ISIC_8512129.jpg
ISIC_1895123,0.0,../../../data/ISIC_2024_Permissive_Training_Input/ISIC_1895123.jpg
ISIC_3104127,0.0,../../../data/ISIC_2024_Permissive_Training_Input/ISIC_3104127.jpg
ISIC_4076967,0.0,../../../data/ISIC_2024_Permissive_Training_Input/ISIC_4076967.jpg
melanoma_8193,1.0,../../../data/hand_filtered_dataset/malignant/mel_train/melanoma_8193.jpg
melanoma_8321,1.0,../../../data/hand_filtered_dataset/malignant/mel_train/melanoma_8321.jpg
ISIC_2479902,0.0,../../../data/ISIC_2024_Permissive_Training_Input/ISIC_2479902.jpg
ISIC_4011141,0.0,../../../data/ISIC_2024_Permissive_Training_Input/ISIC_4011141.jpg
ISIC_1207199,0.0,../../../data/ISIC_2024_Permissive_Training_Input/ISIC_1207199.jpg
melanoma_9080,1.0,../../../data/hand_filtered_dataset/malignant/mel_train/melanoma_9080.jpg
ISIC_3951587,0.0,../../../data/ISIC_2024_Permissive_Training_Input/ISIC_3951587.jpg
melanoma_7232,1.0,../../../data/hand_filtered_dataset/malignant/mel_train/melanoma_7232.jpg
melanoma_5895,1.0,../../../data/hand_filtered_dataset/malignant/mel_train/melanoma_5895.jpg
ISIC_7505891,0.0,../../../data/ISIC_2024_Permissive_Training_Input/ISIC_7505891.jpg
melanoma_8947,1.0,../../../data/hand_filtered_dataset/malignant/mel_train/melanoma_8947.jpg
melanoma_8259,1.0,../../../data/hand_filtered_dataset/malignant/mel_train/melanoma_8259.jpg
ISIC_5490371,0.0,../../../data/ISIC_2024_Permissive_Training_Input/ISIC_5490371.jpg
melanoma_9183,1.0,../../../data/hand_filtered_dataset/malignant/mel_train/melanoma_9183.jpg
ISIC_7965164,0.0,../../../data/ISIC_2024_Permissive_Training_Input/ISIC_7965164.jpg
ISIC_5670468,0.0,../../../data/ISIC_2024_Permissive_Training_Input/ISIC_5670468.jpg
melanoma_7078,1.0,../../../data/hand_filtered_dataset/malignant/mel_train/melanoma_7078.jpg
ISIC_6421412,0.0,../../../data/ISIC_2024_Permissive_Training_Input/ISIC_6421412.jpg
ISIC_1924514,0.0,../../../data/ISIC_2024_Permissive_Training_Input/ISIC_1924514.jpg
melanoma_8679,1.0,../../../data/hand_filtered_dataset/malignant/mel_train/melanoma_8679.jpg
ISIC_5239417,0.0,../../../data/ISIC_2024_Permissive_Training_Input/ISIC_5239417.jpg
ISIC_4091825,0.0,../../../data/ISIC_2024_Permissive_Training_Input/ISIC_4091825.jpg
ISIC_8249044,0.0,../../../data/ISIC_2024_Permissive_Training_Input/ISIC_8249044.jpg
melanoma_8564,1.0,../../../data/hand_filtered_dataset/malignant/mel_train/melanoma_8564.jpg
melanoma_9203,1.0,../../../data/hand_filtered_dataset/malignant/mel_train/melanoma_9203.jpg
melanoma_9188,1.0,../../../data/hand_filtered_dataset/malignant/mel_train/melanoma_9188.jpg
ISIC_1095725,0.0,../../../data/ISIC_2024_Permissive_Training_Input/ISIC_1095725.jpg
ISIC_1111537,1.0,../../../data/ISIC_2024_Permissive_Training_Input/ISIC_1111537.jpg
melanoma_8294,1.0,../../../data/hand_filtered_dataset/malignant/mel_train/melanoma_8294.jpg
melanoma_5980,1.0,../../../data/hand_filtered_dataset/malignant/mel_train/melanoma_5980.jpg
melanoma_6638,1.0,../../../data/hand_filtered_dataset/malignant/mel_train/melanoma_6638.jpg
melanoma_5686,1.0,../../../data/hand_filtered_dataset/malignant/mel_train/melanoma_5686.jpg
ISIC_8586897,0.0,../../../data/ISIC_2024_Permissive_Training_Input/ISIC_8586897.jpg
ISIC_3310921,0.0,../../../data/ISIC_2024_Permissive_Training_Input/ISIC_3310921.jpg
ISIC_9326941,0.0,../../../data/ISIC_2024_Permissive_Training_Input/ISIC_9326941.jpg
melanoma_7032,1.0,../../../data/hand_filtered_dataset/malignant/mel_train/melanoma_7032.jpg
melanoma_9520,1.0,../../../data/hand_filtered_dataset/malignant/mel_train/melanoma_9520.jpg
melanoma_6913,1.0,../../../data/hand_filtered_dataset/malignant/mel_train/melanoma_6913.jpg
ISIC_5462961,0.0,../../../data/ISIC_2024_Permissive_Training_Input/ISIC_5462961.jpg
ISIC_4623431,0.0,../../../data/ISIC_2024_Permissive_Training_Input/ISIC_4623431.jpg
ISIC_5668270,1.0,../../../data/ISIC_2024_Permissive_Training_Input/ISIC_5668270.jpg
melanoma_8023,1.0,../../../data/hand_filtered_dataset/malignant/mel_train/melanoma_8023.jpg
melanoma_8566,1.0,../../../data/hand_filtered_dataset/malignant/mel_train/melanoma_8566.jpg
melanoma_6003,1.0,../../../data/hand_filtered_dataset/malignant/mel_train/melanoma_6003.jpg
ISIC_4453854,0.0,../../../data/ISIC_2024_Permissive_Training_Input/ISIC_4453854.jpg
melanoma_9043,1.0,../../../data/hand_filtered_dataset/malignant/mel_train/melanoma_9043.jpg
melanoma_6868,1.0,../../../data/hand_filtered_dataset/malignant/mel_train/melanoma_6868.jpg
melanoma_9496,1.0,../../../data/hand_filtered_dataset/malignant/mel_train/melanoma_9496.jpg
melanoma_6793,1.0,../../../data/hand_filtered_dataset/malignant/mel_train/melanoma_6793.jpg
melanoma_6283,1.0,../../../data/hand_filtered_dataset/malignant/mel_train/melanoma_6283.jpg
ISIC_7420584,1.0,../../../data/ISIC_2024_Permissive_Training_Input/ISIC_7420584.jpg
ISIC_2548499,0.0,../../../data/ISIC_2024_Permissive_Training_Input/ISIC_2548499.jpg
ISIC_1021576,0.0,../../../data/ISIC_2024_Permissive_Training_Input/ISIC_1021576.jpg
ISIC_3707056,0.0,../../../data/ISIC_2024_Permissive_Training_Input/ISIC_3707056.jpg
melanoma_9599,1.0,../../../data/hand_filtered_dataset/malignant/mel_train/melanoma_9599.jpg
melanoma_6173,1.0,../../../data/hand_filtered_dataset/malignant/mel_train/melanoma_6173.jpg
ISIC_9032119,0.0,../../../data/ISIC_2024_Permissive_Training_Input/ISIC_9032119.jpg
melanoma_6773,1.0,../../../data/hand_filtered_dataset/malignant/mel_train/melanoma_6773.jpg
ISIC_9821697,0.0,../../../data/ISIC_2024_Permissive_Training_Input/ISIC_9821697.jpg
ISIC_6082046,0.0,../../../data/ISIC_2024_Permissive_Training_Input/ISIC_6082046.jpg
ISIC_5475038,0.0,../../../data/ISIC_2024_Permissive_Training_Input/ISIC_5475038.jpg
ISIC_2649829,0.0,../../../data/ISIC_2024_Permissive_Training_Input/ISIC_2649829.jpg
ISIC_3705092,1.0,../../../data/ISIC_2024_Permissive_Training_Input/ISIC_3705092.jpg
ISIC_7980076,0.0,../../../data/ISIC_2024_Permissive_Training_Input/ISIC_7980076.jpg
ISIC_4221683,0.0,../../../data/ISIC_2024_Permissive_Training_Input/ISIC_4221683.jpg
ISIC_2891289,0.0,../../../data/ISIC_2024_Permissive_Training_Input/ISIC_2891289.jpg
melanoma_5172,1.0,../../../data/hand_filtered_dataset/malignant/mel_train/melanoma_5172.jpg
ISIC_6443381,0.0,../../../data/ISIC_2024_Permissive_Training_Input/ISIC_6443381.jpg
ISIC_6373830,0.0,../../../data/ISIC_2024_Permissive_Training_Input/ISIC_6373830.jpg
ISIC_8137894,1.0,../../../data/ISIC_2024_Permissive_Training_Input/ISIC_8137894.jpg
melanoma_8311,1.0,../../../data/hand_filtered_dataset/malignant/mel_train/melanoma_8311.jpg
ISIC_4027092,0.0,../../../data/ISIC_2024_Permissive_Training_Input/ISIC_4027092.jpg
ISIC_0740543,0.0,../../../data/ISIC_2024_Permissive_Training_Input/ISIC_0740543.jpg
ISIC_8758133,0.0,../../../data/ISIC_2024_Permissive_Training_Input/ISIC_8758133.jpg
ISIC_5055095,0.0,../../../data/ISIC_2024_Permissive_Training_Input/ISIC_5055095.jpg
ISIC_8161976,0.0,../../../data/ISIC_2024_Permissive_Training_Input/ISIC_8161976.jpg
ISIC_1543865,0.0,../../../data/ISIC_2024_Permissive_Training_Input/ISIC_1543865.jpg
ISIC_0208158,0.0,../../../data/ISIC_2024_Permissive_Training_Input/ISIC_0208158.jpg
melanoma_7175,1.0,../../../data/hand_filtered_dataset/malignant/mel_train/melanoma_7175.jpg
ISIC_2803730,0.0,../../../data/ISIC_2024_Permissive_Training_Input/ISIC_2803730.jpg
ISIC_1959918,0.0,../../../data/ISIC_2024_Permissive_Training_Input/ISIC_1959918.jpg
ISIC_4005797,0.0,../../../data/ISIC_2024_Permissive_Training_Input/ISIC_4005797.jpg
ISIC_0558087,0.0,../../../data/ISIC_2024_Permissive_Training_Input/ISIC_0558087.jpg
ISIC_5975415,0.0,../../../data/ISIC_2024_Permissive_Training_Input/ISIC_5975415.jpg
ISIC_6239242,0.0,../../../data/ISIC_2024_Permissive_Training_Input/ISIC_6239242.jpg
melanoma_6887,1.0,../../../data/hand_filtered_dataset/malignant/mel_train/melanoma_6887.jpg
ISIC_7835812,1.0,../../../data/ISIC_2024_Permissive_Training_Input/ISIC_7835812.jpg
ISIC_5068504,0.0,../../../data/ISIC_2024_Permissive_Training_Input/ISIC_5068504.jpg
ISIC_8125054,0.0,../../../data/ISIC_2024_Permissive_Training_Input/ISIC_8125054.jpg
melanoma_9256,1.0,../../../data/hand_filtered_dataset/malignant/mel_train/melanoma_9256.jpg
melanoma_5652,1.0,../../../data/hand_filtered_dataset/malignant/mel_train/melanoma_5652.jpg
melanoma_5529,1.0,../../../data/hand_filtered_dataset/malignant/mel_train/melanoma_5529.jpg
ISIC_7794203,0.0,../../../data/ISIC_2024_Permissive_Training_Input/ISIC_7794203.jpg
ISIC_7495373,0.0,../../../data/ISIC_2024_Permissive_Training_Input/ISIC_7495373.jpg
melanoma_9349,1.0,../../../data/hand_filtered_dataset/malignant/mel_train/melanoma_9349.jpg
ISIC_9489622,0.0,../../../data/ISIC_2024_Permissive_Training_Input/ISIC_9489622.jpg
melanoma_8552,1.0,../../../data/hand_filtered_dataset/malignant/mel_train/melanoma_8552.jpg
ISIC_7724107,0.0,../../../data/ISIC_2024_Permissive_Training_Input/ISIC_7724107.jpg
ISIC_6189621,0.0,../../../data/ISIC_2024_Permissive_Training_Input/ISIC_6189621.jpg
ISIC_4730641,0.0,../../../data/ISIC_2024_Permissive_Training_Input/ISIC_4730641.jpg
melanoma_8244,1.0,../../../data/hand_filtered_dataset/malignant/mel_train/melanoma_8244.jpg
ISIC_7137311,0.0,../../../data/ISIC_2024_Permissive_Training_Input/ISIC_7137311.jpg
ISIC_0613254,0.0,../../../data/ISIC_2024_Permissive_Training_Input/ISIC_0613254.jpg
melanoma_5515,1.0,../../../data/hand_filtered_dataset/malignant/mel_train/melanoma_5515.jpg
ISIC_6619696,0.0,../../../data/ISIC_2024_Permissive_Training_Input/ISIC_6619696.jpg
melanoma_5705,1.0,../../../data/hand_filtered_dataset/malignant/mel_train/melanoma_5705.jpg
ISIC_3343069,0.0,../../../data/ISIC_2024_Permissive_Training_Input/ISIC_3343069.jpg
ISIC_2571086,0.0,../../../data/ISIC_2024_Permissive_Training_Input/ISIC_2571086.jpg
ISIC_2311598,0.0,../../../data/ISIC_2024_Permissive_Training_Input/ISIC_2311598.jpg
ISIC_7728113,0.0,../../../data/ISIC_2024_Permissive_Training_Input/ISIC_7728113.jpg
ISIC_3301781,0.0,../../../data/ISIC_2024_Permissive_Training_Input/ISIC_3301781.jpg
ISIC_9790937,0.0,../../../data/ISIC_2024_Permissive_Training_Input/ISIC_9790937.jpg
ISIC_8291017,0.0,../../../data/ISIC_2024_Permissive_Training_Input/ISIC_8291017.jpg
ISIC_0811515,1.0,../../../data/ISIC_2024_Permissive_Training_Input/ISIC_0811515.jpg
ISIC_9697402,0.0,../../../data/ISIC_2024_Permissive_Training_Input/ISIC_9697402.jpg
ISIC_3248102,0.0,../../../data/ISIC_2024_Permissive_Training_Input/ISIC_3248102.jpg
ISIC_7959699,0.0,../../../data/ISIC_2024_Permissive_Training_Input/ISIC_7959699.jpg
melanoma_5533,1.0,../../../data/hand_filtered_dataset/malignant/mel_train/melanoma_5533.jpg
ISIC_2040901,0.0,../../../data/ISIC_2024_Permissive_Training_Input/ISIC_2040901.jpg
ISIC_7046480,0.0,../../../data/ISIC_2024_Permissive_Training_Input/ISIC_7046480.jpg
melanoma_6387,1.0,../../../data/hand_filtered_dataset/malignant/mel_train/melanoma_6387.jpg
ISIC_6293126,0.0,../../../data/ISIC_2024_Permissive_Training_Input/ISIC_6293126.jpg
ISIC_0699524,1.0,../../../data/ISIC_2024_Permissive_Training_Input/ISIC_0699524.jpg
melanoma_7193,1.0,../../../data/hand_filtered_dataset/malignant/mel_train/melanoma_7193.jpg
ISIC_9746174,0.0,../../../data/ISIC_2024_Permissive_Training_Input/ISIC_9746174.jpg
ISIC_6334282,1.0,../../../data/ISIC_2024_Permissive_Training_Input/ISIC_6334282.jpg
melanoma_5527,1.0,../../../data/hand_filtered_dataset/malignant/mel_train/melanoma_5527.jpg
ISIC_1182873,0.0,../../../data/ISIC_2024_Permissive_Training_Input/ISIC_1182873.jpg
melanoma_7658,1.0,../../../data/hand_filtered_dataset/malignant/mel_train/melanoma_7658.jpg
melanoma_5053,1.0,../../../data/hand_filtered_dataset/malignant/mel_train/melanoma_5053.jpg
melanoma_7389,1.0,../../../data/hand_filtered_dataset/malignant/mel_train/melanoma_7389.jpg
melanoma_8532,1.0,../../../data/hand_filtered_dataset/malignant/mel_train/melanoma_8532.jpg
melanoma_7964,1.0,../../../data/hand_filtered_dataset/malignant/mel_train/melanoma_7964.jpg
melanoma_9123,1.0,../../../data/hand_filtered_dataset/malignant/mel_train/melanoma_9123.jpg
ISIC_9075322,0.0,../../../data/ISIC_2024_Permissive_Training_Input/ISIC_9075322.jpg
ISIC_8208006,0.0,../../../data/ISIC_2024_Permissive_Training_Input/ISIC_8208006.jpg
melanoma_5371,1.0,../../../data/hand_filtered_dataset/malignant/mel_train/melanoma_5371.jpg
melanoma_8026,1.0,../../../data/hand_filtered_dataset/malignant/mel_train/melanoma_8026.jpg
melanoma_7575,1.0,../../../data/hand_filtered_dataset/malignant/mel_train/melanoma_7575.jpg
melanoma_5516,1.0,../../../data/hand_filtered_dataset/malignant/mel_train/melanoma_5516.jpg
ISIC_2892876,0.0,../../../data/ISIC_2024_Permissive_Training_Input/ISIC_2892876.jpg
melanoma_6620,1.0,../../../data/hand_filtered_dataset/malignant/mel_train/melanoma_6620.jpg
melanoma_7305,1.0,../../../data/hand_filtered_dataset/malignant/mel_train/melanoma_7305.jpg
ISIC_6534513,0.0,../../../data/ISIC_2024_Permissive_Training_Input/ISIC_6534513.jpg
ISIC_9996602,1.0,../../../data/ISIC_2024_Permissive_Training_Input/ISIC_9996602.jpg
melanoma_5017,1.0,../../../data/hand_filtered_dataset/malignant/mel_train/melanoma_5017.jpg
ISIC_6732551,0.0,../../../data/ISIC_2024_Permissive_Training_Input/ISIC_6732551.jpg
melanoma_5286,1.0,../../../data/hand_filtered_dataset/malignant/mel_train/melanoma_5286.jpg
ISIC_0780146,0.0,../../../data/ISIC_2024_Permissive_Training_Input/ISIC_0780146.jpg
melanoma_9149,1.0,../../../data/hand_filtered_dataset/malignant/mel_train/melanoma_9149.jpg
ISIC_8397014,0.0,../../../data/ISIC_2024_Permissive_Training_Input/ISIC_8397014.jpg
melanoma_7056,1.0,../../../data/hand_filtered_dataset/malignant/mel_train/melanoma_7056.jpg
ISIC_2510296,0.0,../../../data/ISIC_2024_Permissive_Training_Input/ISIC_2510296.jpg
melanoma_5056,1.0,../../../data/hand_filtered_dataset/malignant/mel_train/melanoma_5056.jpg
melanoma_9415,1.0,../../../data/hand_filtered_dataset/malignant/mel_train/melanoma_9415.jpg
melanoma_9263,1.0,../../../data/hand_filtered_dataset/malignant/mel_train/melanoma_9263.jpg
melanoma_6920,1.0,../../../data/hand_filtered_dataset/malignant/mel_train/melanoma_6920.jpg
melanoma_8434,1.0,../../../data/hand_filtered_dataset/malignant/mel_train/melanoma_8434.jpg
melanoma_5655,1.0,../../../data/hand_filtered_dataset/malignant/mel_train/melanoma_5655.jpg
melanoma_8975,1.0,../../../data/hand_filtered_dataset/malignant/mel_train/melanoma_8975.jpg
ISIC_4636261,0.0,../../../data/ISIC_2024_Permissive_Training_Input/ISIC_4636261.jpg
melanoma_6893,1.0,../../../data/hand_filtered_dataset/malignant/mel_train/melanoma_6893.jpg
ISIC_6566181,0.0,../../../data/ISIC_2024_Permissive_Training_Input/ISIC_6566181.jpg
ISIC_6789434,0.0,../../../data/ISIC_2024_Permissive_Training_Input/ISIC_6789434.jpg
ISIC_0338157,0.0,../../../data/ISIC_2024_Permissive_Training_Input/ISIC_0338157.jpg
melanoma_6500,1.0,../../../data/hand_filtered_dataset/malignant/mel_train/melanoma_6500.jpg
ISIC_2924942,0.0,../../../data/ISIC_2024_Permissive_Training_Input/ISIC_2924942.jpg
ISIC_5042859,1.0,../../../data/ISIC_2024_Permissive_Training_Input/ISIC_5042859.jpg
ISIC_3132048,0.0,../../../data/ISIC_2024_Permissive_Training_Input/ISIC_3132048.jpg
ISIC_5429386,0.0,../../../data/ISIC_2024_Permissive_Training_Input/ISIC_5429386.jpg
ISIC_7575093,1.0,../../../data/ISIC_2024_Permissive_Training_Input/ISIC_7575093.jpg
ISIC_3340552,0.0,../../../data/ISIC_2024_Permissive_Training_Input/ISIC_3340552.jpg
ISIC_4728967,0.0,../../../data/ISIC_2024_Permissive_Training_Input/ISIC_4728967.jpg
melanoma_8278,1.0,../../../data/hand_filtered_dataset/malignant/mel_train/melanoma_8278.jpg
melanoma_7906,1.0,../../../data/hand_filtered_dataset/malignant/mel_train/melanoma_7906.jpg
ISIC_1629898,0.0,../../../data/ISIC_2024_Permissive_Training_Input/ISIC_1629898.jpg
ISIC_5417196,0.0,../../../data/ISIC_2024_Permissive_Training_Input/ISIC_5417196.jpg
melanoma_5065,1.0,../../../data/hand_filtered_dataset/malignant/mel_train/melanoma_5065.jpg
ISIC_6477897,0.0,../../../data/ISIC_2024_Permissive_Training_Input/ISIC_6477897.jpg
melanoma_6997,1.0,../../../data/hand_filtered_dataset/malignant/mel_train/melanoma_6997.jpg
ISIC_5709867,0.0,../../../data/ISIC_2024_Permissive_Training_Input/ISIC_5709867.jpg
ISIC_8543473,0.0,../../../data/ISIC_2024_Permissive_Training_Input/ISIC_8543473.jpg
ISIC_4495479,0.0,../../../data/ISIC_2024_Permissive_Training_Input/ISIC_4495479.jpg
ISIC_8424769,0.0,../../../data/ISIC_2024_Permissive_Training_Input/ISIC_8424769.jpg
melanoma_6684,1.0,../../../data/hand_filtered_dataset/malignant/mel_train/melanoma_6684.jpg
melanoma_9588,1.0,../../../data/hand_filtered_dataset/malignant/mel_train/melanoma_9588.jpg
ISIC_1945853,0.0,../../../data/ISIC_2024_Permissive_Training_Input/ISIC_1945853.jpg
ISIC_2595014,0.0,../../../data/ISIC_2024_Permissive_Training_Input/ISIC_2595014.jpg
ISIC_5738546,0.0,../../../data/ISIC_2024_Permissive_Training_Input/ISIC_5738546.jpg
ISIC_6774431,0.0,../../../data/ISIC_2024_Permissive_Training_Input/ISIC_6774431.jpg
melanoma_5265,1.0,../../../data/hand_filtered_dataset/malignant/mel_train/melanoma_5265.jpg
melanoma_5898,1.0,../../../data/hand_filtered_dataset/malignant/mel_train/melanoma_5898.jpg
melanoma_7823,1.0,../../../data/hand_filtered_dataset/malignant/mel_train/melanoma_7823.jpg
melanoma_9321,1.0,../../../data/hand_filtered_dataset/malignant/mel_train/melanoma_9321.jpg
melanoma_9475,1.0,../../../data/hand_filtered_dataset/malignant/mel_train/melanoma_9475.jpg
melanoma_9225,1.0,../../../data/hand_filtered_dataset/malignant/mel_train/melanoma_9225.jpg
melanoma_6848,1.0,../../../data/hand_filtered_dataset/malignant/mel_train/melanoma_6848.jpg
ISIC_9493769,0.0,../../../data/ISIC_2024_Permissive_Training_Input/ISIC_9493769.jpg
melanoma_6916,1.0,../../../data/hand_filtered_dataset/malignant/mel_train/melanoma_6916.jpg
melanoma_8441,1.0,../../../data/hand_filtered_dataset/malignant/mel_train/melanoma_8441.jpg
ISIC_8106508,0.0,../../../data/ISIC_2024_Permissive_Training_Input/ISIC_8106508.jpg
ISIC_3636398,0.0,../../../data/ISIC_2024_Permissive_Training_Input/ISIC_3636398.jpg
ISIC_4026054,0.0,../../../data/ISIC_2024_Permissive_Training_Input/ISIC_4026054.jpg
ISIC_0536163,0.0,../../../data/ISIC_2024_Permissive_Training_Input/ISIC_0536163.jpg
ISIC_7893429,0.0,../../../data/ISIC_2024_Permissive_Training_Input/ISIC_7893429.jpg
ISIC_0900430,0.0,../../../data/ISIC_2024_Permissive_Training_Input/ISIC_0900430.jpg
ISIC_4027733,1.0,../../../data/ISIC_2024_Permissive_Training_Input/ISIC_4027733.jpg
ISIC_0848536,1.0,../../../data/ISIC_2024_Permissive_Training_Input/ISIC_0848536.jpg
melanoma_5028,1.0,../../../data/hand_filtered_dataset/malignant/mel_train/melanoma_5028.jpg
ISIC_9113997,0.0,../../../data/ISIC_2024_Permissive_Training_Input/ISIC_9113997.jpg
melanoma_6079,1.0,../../../data/hand_filtered_dataset/malignant/mel_train/melanoma_6079.jpg
melanoma_7561,1.0,../../../data/hand_filtered_dataset/malignant/mel_train/melanoma_7561.jpg
ISIC_9894579,0.0,../../../data/ISIC_2024_Permissive_Training_Input/ISIC_9894579.jpg
ISIC_0633793,0.0,../../../data/ISIC_2024_Permissive_Training_Input/ISIC_0633793.jpg
ISIC_2077903,0.0,../../../data/ISIC_2024_Permissive_Training_Input/ISIC_2077903.jpg
ISIC_6094612,0.0,../../../data/ISIC_2024_Permissive_Training_Input/ISIC_6094612.jpg
ISIC_5500852,0.0,../../../data/ISIC_2024_Permissive_Training_Input/ISIC_5500852.jpg
ISIC_1418476,0.0,../../../data/ISIC_2024_Permissive_Training_Input/ISIC_1418476.jpg
ISIC_8594765,0.0,../../../data/ISIC_2024_Permissive_Training_Input/ISIC_8594765.jpg
ISIC_8291816,0.0,../../../data/ISIC_2024_Permissive_Training_Input/ISIC_8291816.jpg
melanoma_7778,1.0,../../../data/hand_filtered_dataset/malignant/mel_train/melanoma_7778.jpg
melanoma_9079,1.0,../../../data/hand_filtered_dataset/malignant/mel_train/melanoma_9079.jpg
ISIC_8396371,0.0,../../../data/ISIC_2024_Permissive_Training_Input/ISIC_8396371.jpg
ISIC_3460493,0.0,../../../data/ISIC_2024_Permissive_Training_Input/ISIC_3460493.jpg
ISIC_2379057,0.0,../../../data/ISIC_2024_Permissive_Training_Input/ISIC_2379057.jpg
ISIC_8662926,0.0,../../../data/ISIC_2024_Permissive_Training_Input/ISIC_8662926.jpg
ISIC_9500527,0.0,../../../data/ISIC_2024_Permissive_Training_Input/ISIC_9500527.jpg
melanoma_9431,1.0,../../../data/hand_filtered_dataset/malignant/mel_train/melanoma_9431.jpg
ISIC_1873778,0.0,../../../data/ISIC_2024_Permissive_Training_Input/ISIC_1873778.jpg
ISIC_5628825,0.0,../../../data/ISIC_2024_Permissive_Training_Input/ISIC_5628825.jpg
melanoma_5297,1.0,../../../data/hand_filtered_dataset/malignant/mel_train/melanoma_5297.jpg
ISIC_2508846,0.0,../../../data/ISIC_2024_Permissive_Training_Input/ISIC_2508846.jpg
ISIC_6784337,1.0,../../../data/ISIC_2024_Permissive_Training_Input/ISIC_6784337.jpg
ISIC_6934342,0.0,../../../data/ISIC_2024_Permissive_Training_Input/ISIC_6934342.jpg
melanoma_6718,1.0,../../../data/hand_filtered_dataset/malignant/mel_train/melanoma_6718.jpg
ISIC_9549180,0.0,../../../data/ISIC_2024_Permissive_Training_Input/ISIC_9549180.jpg
ISIC_4817043,0.0,../../../data/ISIC_2024_Permissive_Training_Input/ISIC_4817043.jpg
ISIC_8084265,0.0,../../../data/ISIC_2024_Permissive_Training_Input/ISIC_8084265.jpg
ISIC_0134950,0.0,../../../data/ISIC_2024_Permissive_Training_Input/ISIC_0134950.jpg
ISIC_7433029,0.0,../../../data/ISIC_2024_Permissive_Training_Input/ISIC_7433029.jpg
ISIC_9036600,0.0,../../../data/ISIC_2024_Permissive_Training_Input/ISIC_9036600.jpg
melanoma_9460,1.0,../../../data/hand_filtered_dataset/malignant/mel_train/melanoma_9460.jpg
melanoma_8018,1.0,../../../data/hand_filtered_dataset/malignant/mel_train/melanoma_8018.jpg
ISIC_8558017,0.0,../../../data/ISIC_2024_Permissive_Training_Input/ISIC_8558017.jpg
ISIC_9736123,0.0,../../../data/ISIC_2024_Permissive_Training_Input/ISIC_9736123.jpg
ISIC_2223554,0.0,../../../data/ISIC_2024_Permissive_Training_Input/ISIC_2223554.jpg
ISIC_6162949,0.0,../../../data/ISIC_2024_Permissive_Training_Input/ISIC_6162949.jpg
melanoma_6391,1.0,../../../data/hand_filtered_dataset/malignant/mel_train/melanoma_6391.jpg
melanoma_8577,1.0,../../../data/hand_filtered_dataset/malignant/mel_train/melanoma_8577.jpg
melanoma_9108,1.0,../../../data/hand_filtered_dataset/malignant/mel_train/melanoma_9108.jpg
ISIC_8615183,0.0,../../../data/ISIC_2024_Permissive_Training_Input/ISIC_8615183.jpg
ISIC_6765061,0.0,../../../data/ISIC_2024_Permissive_Training_Input/ISIC_6765061.jpg
melanoma_5180,1.0,../../../data/hand_filtered_dataset/malignant/mel_train/melanoma_5180.jpg
melanoma_6429,1.0,../../../data/hand_filtered_dataset/malignant/mel_train/melanoma_6429.jpg
melanoma_5129,1.0,../../../data/hand_filtered_dataset/malignant/mel_train/melanoma_5129.jpg
ISIC_1505275,0.0,../../../data/ISIC_2024_Permissive_Training_Input/ISIC_1505275.jpg
melanoma_5390,1.0,../../../data/hand_filtered_dataset/malignant/mel_train/melanoma_5390.jpg
melanoma_7801,1.0,../../../data/hand_filtered_dataset/malignant/mel_train/melanoma_7801.jpg
ISIC_8985006,0.0,../../../data/ISIC_2024_Permissive_Training_Input/ISIC_8985006.jpg
ISIC_0542164,0.0,../../../data/ISIC_2024_Permissive_Training_Input/ISIC_0542164.jpg
ISIC_9930725,0.0,../../../data/ISIC_2024_Permissive_Training_Input/ISIC_9930725.jpg
melanoma_6678,1.0,../../../data/hand_filtered_dataset/malignant/mel_train/melanoma_6678.jpg
ISIC_1885694,1.0,../../../data/ISIC_2024_Permissive_Training_Input/ISIC_1885694.jpg
melanoma_8433,1.0,../../../data/hand_filtered_dataset/malignant/mel_train/melanoma_8433.jpg
melanoma_6891,1.0,../../../data/hand_filtered_dataset/malignant/mel_train/melanoma_6891.jpg
melanoma_8351,1.0,../../../data/hand_filtered_dataset/malignant/mel_train/melanoma_8351.jpg
ISIC_8200270,0.0,../../../data/ISIC_2024_Permissive_Training_Input/ISIC_8200270.jpg
ISIC_5896967,0.0,../../../data/ISIC_2024_Permissive_Training_Input/ISIC_5896967.jpg
ISIC_5420290,0.0,../../../data/ISIC_2024_Permissive_Training_Input/ISIC_5420290.jpg
ISIC_4582256,0.0,../../../data/ISIC_2024_Permissive_Training_Input/ISIC_4582256.jpg
ISIC_7443309,0.0,../../../data/ISIC_2024_Permissive_Training_Input/ISIC_7443309.jpg
melanoma_7590,1.0,../../../data/hand_filtered_dataset/malignant/mel_train/melanoma_7590.jpg
ISIC_6305534,0.0,../../../data/ISIC_2024_Permissive_Training_Input/ISIC_6305534.jpg
melanoma_6591,1.0,../../../data/hand_filtered_dataset/malignant/mel_train/melanoma_6591.jpg
ISIC_7209563,0.0,../../../data/ISIC_2024_Permissive_Training_Input/ISIC_7209563.jpg
ISIC_5146241,0.0,../../../data/ISIC_2024_Permissive_Training_Input/ISIC_5146241.jpg
melanoma_8374,1.0,../../../data/hand_filtered_dataset/malignant/mel_train/melanoma_8374.jpg
ISIC_7702207,0.0,../../../data/ISIC_2024_Permissive_Training_Input/ISIC_7702207.jpg
ISIC_9582136,0.0,../../../data/ISIC_2024_Permissive_Training_Input/ISIC_9582136.jpg
melanoma_5382,1.0,../../../data/hand_filtered_dataset/malignant/mel_train/melanoma_5382.jpg
ISIC_5002124,0.0,../../../data/ISIC_2024_Permissive_Training_Input/ISIC_5002124.jpg
melanoma_5422,1.0,../../../data/hand_filtered_dataset/malignant/mel_train/melanoma_5422.jpg
ISIC_1149264,0.0,../../../data/ISIC_2024_Permissive_Training_Input/ISIC_1149264.jpg
melanoma_8693,1.0,../../../data/hand_filtered_dataset/malignant/mel_train/melanoma_8693.jpg
melanoma_5097,1.0,../../../data/hand_filtered_dataset/malignant/mel_train/melanoma_5097.jpg
melanoma_7573,1.0,../../../data/hand_filtered_dataset/malignant/mel_train/melanoma_7573.jpg
melanoma_8485,1.0,../../../data/hand_filtered_dataset/malignant/mel_train/melanoma_8485.jpg
ISIC_3153265,0.0,../../../data/ISIC_2024_Permissive_Training_Input/ISIC_3153265.jpg
ISIC_0134418,0.0,../../../data/ISIC_2024_Permissive_Training_Input/ISIC_0134418.jpg
ISIC_4325706,0.0,../../../data/ISIC_2024_Permissive_Training_Input/ISIC_4325706.jpg
melanoma_5758,1.0,../../../data/hand_filtered_dataset/malignant/mel_train/melanoma_5758.jpg
ISIC_3662439,0.0,../../../data/ISIC_2024_Permissive_Training_Input/ISIC_3662439.jpg
melanoma_7837,1.0,../../../data/hand_filtered_dataset/malignant/mel_train/melanoma_7837.jpg
ISIC_7748951,0.0,../../../data/ISIC_2024_Permissive_Training_Input/ISIC_7748951.jpg
ISIC_7558718,0.0,../../../data/ISIC_2024_Permissive_Training_Input/ISIC_7558718.jpg
ISIC_1462899,0.0,../../../data/ISIC_2024_Permissive_Training_Input/ISIC_1462899.jpg
ISIC_8316859,0.0,../../../data/ISIC_2024_Permissive_Training_Input/ISIC_8316859.jpg
melanoma_6546,1.0,../../../data/hand_filtered_dataset/malignant/mel_train/melanoma_6546.jpg
melanoma_5347,1.0,../../../data/hand_filtered_dataset/malignant/mel_train/melanoma_5347.jpg
ISIC_9032482,0.0,../../../data/ISIC_2024_Permissive_Training_Input/ISIC_9032482.jpg
melanoma_5576,1.0,../../../data/hand_filtered_dataset/malignant/mel_train/melanoma_5576.jpg
ISIC_1077943,0.0,../../../data/ISIC_2024_Permissive_Training_Input/ISIC_1077943.jpg
melanoma_9553,1.0,../../../data/hand_filtered_dataset/malignant/mel_train/melanoma_9553.jpg
melanoma_8894,1.0,../../../data/hand_filtered_dataset/malignant/mel_train/melanoma_8894.jpg
melanoma_7475,1.0,../../../data/hand_filtered_dataset/malignant/mel_train/melanoma_7475.jpg
ISIC_4750368,1.0,../../../data/ISIC_2024_Permissive_Training_Input/ISIC_4750368.jpg
ISIC_3718802,0.0,../../../data/ISIC_2024_Permissive_Training_Input/ISIC_3718802.jpg
ISIC_3738850,0.0,../../../data/ISIC_2024_Permissive_Training_Input/ISIC_3738850.jpg
melanoma_6610,1.0,../../../data/hand_filtered_dataset/malignant/mel_train/melanoma_6610.jpg
ISIC_0590529,0.0,../../../data/ISIC_2024_Permissive_Training_Input/ISIC_0590529.jpg
ISIC_3560502,0.0,../../../data/ISIC_2024_Permissive_Training_Input/ISIC_3560502.jpg
ISIC_7392453,0.0,../../../data/ISIC_2024_Permissive_Training_Input/ISIC_7392453.jpg
melanoma_7040,1.0,../../../data/hand_filtered_dataset/malignant/mel_train/melanoma_7040.jpg
melanoma_5510,1.0,../../../data/hand_filtered_dataset/malignant/mel_train/melanoma_5510.jpg
ISIC_9430787,0.0,../../../data/ISIC_2024_Permissive_Training_Input/ISIC_9430787.jpg
ISIC_4995387,0.0,../../../data/ISIC_2024_Permissive_Training_Input/ISIC_4995387.jpg
ISIC_3402771,0.0,../../../data/ISIC_2024_Permissive_Training_Input/ISIC_3402771.jpg
melanoma_7556,1.0,../../../data/hand_filtered_dataset/malignant/mel_train/melanoma_7556.jpg
melanoma_5366,1.0,../../../data/hand_filtered_dataset/malignant/mel_train/melanoma_5366.jpg
ISIC_6545784,1.0,../../../data/ISIC_2024_Permissive_Training_Input/ISIC_6545784.jpg
ISIC_3079410,0.0,../../../data/ISIC_2024_Permissive_Training_Input/ISIC_3079410.jpg
ISIC_1538972,0.0,../../../data/ISIC_2024_Permissive_Training_Input/ISIC_1538972.jpg
ISIC_4226762,0.0,../../../data/ISIC_2024_Permissive_Training_Input/ISIC_4226762.jpg
ISIC_8021927,0.0,../../../data/ISIC_2024_Permissive_Training_Input/ISIC_8021927.jpg
ISIC_4544406,0.0,../../../data/ISIC_2024_Permissive_Training_Input/ISIC_4544406.jpg
melanoma_8582,1.0,../../../data/hand_filtered_dataset/malignant/mel_train/melanoma_8582.jpg
melanoma_9035,1.0,../../../data/hand_filtered_dataset/malignant/mel_train/melanoma_9035.jpg
ISIC_0913558,0.0,../../../data/ISIC_2024_Permissive_Training_Input/ISIC_0913558.jpg
melanoma_6520,1.0,../../../data/hand_filtered_dataset/malignant/mel_train/melanoma_6520.jpg
melanoma_6803,1.0,../../../data/hand_filtered_dataset/malignant/mel_train/melanoma_6803.jpg
ISIC_1980527,0.0,../../../data/ISIC_2024_Permissive_Training_Input/ISIC_1980527.jpg
ISIC_5917836,0.0,../../../data/ISIC_2024_Permissive_Training_Input/ISIC_5917836.jpg
ISIC_3201295,1.0,../../../data/ISIC_2024_Permissive_Training_Input/ISIC_3201295.jpg
ISIC_7491017,1.0,../../../data/ISIC_2024_Permissive_Training_Input/ISIC_7491017.jpg
ISIC_1519896,0.0,../../../data/ISIC_2024_Permissive_Training_Input/ISIC_1519896.jpg
melanoma_7178,1.0,../../../data/hand_filtered_dataset/malignant/mel_train/melanoma_7178.jpg
melanoma_7828,1.0,../../../data/hand_filtered_dataset/malignant/mel_train/melanoma_7828.jpg
ISIC_8948918,0.0,../../../data/ISIC_2024_Permissive_Training_Input/ISIC_8948918.jpg
ISIC_6173558,0.0,../../../data/ISIC_2024_Permissive_Training_Input/ISIC_6173558.jpg
ISIC_5332607,0.0,../../../data/ISIC_2024_Permissive_Training_Input/ISIC_5332607.jpg
ISIC_8949465,0.0,../../../data/ISIC_2024_Permissive_Training_Input/ISIC_8949465.jpg
ISIC_6255931,1.0,../../../data/ISIC_2024_Permissive_Training_Input/ISIC_6255931.jpg
melanoma_7872,1.0,../../../data/hand_filtered_dataset/malignant/mel_train/melanoma_7872.jpg
ISIC_0641059,0.0,../../../data/ISIC_2024_Permissive_Training_Input/ISIC_0641059.jpg
melanoma_7755,1.0,../../../data/hand_filtered_dataset/malignant/mel_train/melanoma_7755.jpg
ISIC_5879031,1.0,../../../data/ISIC_2024_Permissive_Training_Input/ISIC_5879031.jpg
melanoma_6802,1.0,../../../data/hand_filtered_dataset/malignant/mel_train/melanoma_6802.jpg
ISIC_2439617,1.0,../../../data/ISIC_2024_Permissive_Training_Input/ISIC_2439617.jpg
melanoma_5500,1.0,../../../data/hand_filtered_dataset/malignant/mel_train/melanoma_5500.jpg
melanoma_8486,1.0,../../../data/hand_filtered_dataset/malignant/mel_train/melanoma_8486.jpg
ISIC_4814302,0.0,../../../data/ISIC_2024_Permissive_Training_Input/ISIC_4814302.jpg
ISIC_1156551,0.0,../../../data/ISIC_2024_Permissive_Training_Input/ISIC_1156551.jpg
melanoma_8200,1.0,../../../data/hand_filtered_dataset/malignant/mel_train/melanoma_8200.jpg
melanoma_7286,1.0,../../../data/hand_filtered_dataset/malignant/mel_train/melanoma_7286.jpg
ISIC_8552275,0.0,../../../data/ISIC_2024_Permissive_Training_Input/ISIC_8552275.jpg
ISIC_5499853,0.0,../../../data/ISIC_2024_Permissive_Training_Input/ISIC_5499853.jpg
ISIC_0473650,0.0,../../../data/ISIC_2024_Permissive_Training_Input/ISIC_0473650.jpg
ISIC_2215434,0.0,../../../data/ISIC_2024_Permissive_Training_Input/ISIC_2215434.jpg
ISIC_0094596,0.0,../../../data/ISIC_2024_Permissive_Training_Input/ISIC_0094596.jpg
melanoma_9538,1.0,../../../data/hand_filtered_dataset/malignant/mel_train/melanoma_9538.jpg
melanoma_6735,1.0,../../../data/hand_filtered_dataset/malignant/mel_train/melanoma_6735.jpg
ISIC_4192411,0.0,../../../data/ISIC_2024_Permissive_Training_Input/ISIC_4192411.jpg
ISIC_7183907,0.0,../../../data/ISIC_2024_Permissive_Training_Input/ISIC_7183907.jpg
ISIC_4174300,0.0,../../../data/ISIC_2024_Permissive_Training_Input/ISIC_4174300.jpg
ISIC_6556981,0.0,../../../data/ISIC_2024_Permissive_Training_Input/ISIC_6556981.jpg
ISIC_3194665,0.0,../../../data/ISIC_2024_Permissive_Training_Input/ISIC_3194665.jpg
ISIC_6368830,0.0,../../../data/ISIC_2024_Permissive_Training_Input/ISIC_6368830.jpg
ISIC_8560611,0.0,../../../data/ISIC_2024_Permissive_Training_Input/ISIC_8560611.jpg
melanoma_7800,1.0,../../../data/hand_filtered_dataset/malignant/mel_train/melanoma_7800.jpg
ISIC_7066143,0.0,../../../data/ISIC_2024_Permissive_Training_Input/ISIC_7066143.jpg
melanoma_5287,1.0,../../../data/hand_filtered_dataset/malignant/mel_train/melanoma_5287.jpg
ISIC_0145520,0.0,../../../data/ISIC_2024_Permissive_Training_Input/ISIC_0145520.jpg
ISIC_5047217,0.0,../../../data/ISIC_2024_Permissive_Training_Input/ISIC_5047217.jpg
ISIC_2389993,0.0,../../../data/ISIC_2024_Permissive_Training_Input/ISIC_2389993.jpg
ISIC_1428091,0.0,../../../data/ISIC_2024_Permissive_Training_Input/ISIC_1428091.jpg
ISIC_4318706,0.0,../../../data/ISIC_2024_Permissive_Training_Input/ISIC_4318706.jpg
ISIC_1231192,0.0,../../../data/ISIC_2024_Permissive_Training_Input/ISIC_1231192.jpg
melanoma_8636,1.0,../../../data/hand_filtered_dataset/malignant/mel_train/melanoma_8636.jpg
ISIC_8598334,0.0,../../../data/ISIC_2024_Permissive_Training_Input/ISIC_8598334.jpg
ISIC_9542650,0.0,../../../data/ISIC_2024_Permissive_Training_Input/ISIC_9542650.jpg
ISIC_9133444,0.0,../../../data/ISIC_2024_Permissive_Training_Input/ISIC_9133444.jpg
ISIC_1734956,0.0,../../../data/ISIC_2024_Permissive_Training_Input/ISIC_1734956.jpg
ISIC_0447875,0.0,../../../data/ISIC_2024_Permissive_Training_Input/ISIC_0447875.jpg
melanoma_8249,1.0,../../../data/hand_filtered_dataset/malignant/mel_train/melanoma_8249.jpg
melanoma_7053,1.0,../../../data/hand_filtered_dataset/malignant/mel_train/melanoma_7053.jpg
melanoma_9297,1.0,../../../data/hand_filtered_dataset/malignant/mel_train/melanoma_9297.jpg
ISIC_0102296,0.0,../../../data/ISIC_2024_Permissive_Training_Input/ISIC_0102296.jpg
ISIC_7532776,0.0,../../../data/ISIC_2024_Permissive_Training_Input/ISIC_7532776.jpg
melanoma_7954,1.0,../../../data/hand_filtered_dataset/malignant/mel_train/melanoma_7954.jpg
melanoma_9531,1.0,../../../data/hand_filtered_dataset/malignant/mel_train/melanoma_9531.jpg
melanoma_9059,1.0,../../../data/hand_filtered_dataset/malignant/mel_train/melanoma_9059.jpg
melanoma_8692,1.0,../../../data/hand_filtered_dataset/malignant/mel_train/melanoma_8692.jpg
melanoma_8651,1.0,../../../data/hand_filtered_dataset/malignant/mel_train/melanoma_8651.jpg
melanoma_5602,1.0,../../../data/hand_filtered_dataset/malignant/mel_train/melanoma_5602.jpg
ISIC_7665353,0.0,../../../data/ISIC_2024_Permissive_Training_Input/ISIC_7665353.jpg
ISIC_8440077,1.0,../../../data/ISIC_2024_Permissive_Training_Input/ISIC_8440077.jpg
ISIC_2232418,0.0,../../../data/ISIC_2024_Permissive_Training_Input/ISIC_2232418.jpg
ISIC_8744560,0.0,../../../data/ISIC_2024_Permissive_Training_Input/ISIC_8744560.jpg
melanoma_8956,1.0,../../../data/hand_filtered_dataset/malignant/mel_train/melanoma_8956.jpg
ISIC_3164288,1.0,../../../data/ISIC_2024_Permissive_Training_Input/ISIC_3164288.jpg
ISIC_7872335,0.0,../../../data/ISIC_2024_Permissive_Training_Input/ISIC_7872335.jpg
ISIC_4531284,0.0,../../../data/ISIC_2024_Permissive_Training_Input/ISIC_4531284.jpg
ISIC_6307270,0.0,../../../data/ISIC_2024_Permissive_Training_Input/ISIC_6307270.jpg
melanoma_8102,1.0,../../../data/hand_filtered_dataset/malignant/mel_train/melanoma_8102.jpg
melanoma_7785,1.0,../../../data/hand_filtered_dataset/malignant/mel_train/melanoma_7785.jpg
ISIC_3043501,0.0,../../../data/ISIC_2024_Permissive_Training_Input/ISIC_3043501.jpg
ISIC_5525791,0.0,../../../data/ISIC_2024_Permissive_Training_Input/ISIC_5525791.jpg
melanoma_7765,1.0,../../../data/hand_filtered_dataset/malignant/mel_train/melanoma_7765.jpg
ISIC_6173637,0.0,../../../data/ISIC_2024_Permissive_Training_Input/ISIC_6173637.jpg
ISIC_2598798,0.0,../../../data/ISIC_2024_Permissive_Training_Input/ISIC_2598798.jpg
melanoma_7494,1.0,../../../data/hand_filtered_dataset/malignant/mel_train/melanoma_7494.jpg
melanoma_9375,1.0,../../../data/hand_filtered_dataset/malignant/mel_train/melanoma_9375.jpg
ISIC_9484201,0.0,../../../data/ISIC_2024_Permissive_Training_Input/ISIC_9484201.jpg
ISIC_9978146,0.0,../../../data/ISIC_2024_Permissive_Training_Input/ISIC_9978146.jpg
melanoma_7661,1.0,../../../data/hand_filtered_dataset/malignant/mel_train/melanoma_7661.jpg
ISIC_2379279,0.0,../../../data/ISIC_2024_Permissive_Training_Input/ISIC_2379279.jpg
melanoma_7329,1.0,../../../data/hand_filtered_dataset/malignant/mel_train/melanoma_7329.jpg
ISIC_1381700,0.0,../../../data/ISIC_2024_Permissive_Training_Input/ISIC_1381700.jpg
melanoma_6830,1.0,../../../data/hand_filtered_dataset/malignant/mel_train/melanoma_6830.jpg
ISIC_4186107,0.0,../../../data/ISIC_2024_Permissive_Training_Input/ISIC_4186107.jpg
ISIC_1312064,0.0,../../../data/ISIC_2024_Permissive_Training_Input/ISIC_1312064.jpg
ISIC_1542266,0.0,../../../data/ISIC_2024_Permissive_Training_Input/ISIC_1542266.jpg
ISIC_2839570,0.0,../../../data/ISIC_2024_Permissive_Training_Input/ISIC_2839570.jpg
melanoma_9318,1.0,../../../data/hand_filtered_dataset/malignant/mel_train/melanoma_9318.jpg
ISIC_7329890,0.0,../../../data/ISIC_2024_Permissive_Training_Input/ISIC_7329890.jpg
melanoma_5633,1.0,../../../data/hand_filtered_dataset/malignant/mel_train/melanoma_5633.jpg
ISIC_9737439,0.0,../../../data/ISIC_2024_Permissive_Training_Input/ISIC_9737439.jpg
melanoma_7260,1.0,../../../data/hand_filtered_dataset/malignant/mel_train/melanoma_7260.jpg
ISIC_6776067,1.0,../../../data/ISIC_2024_Permissive_Training_Input/ISIC_6776067.jpg
ISIC_7499766,1.0,../../../data/ISIC_2024_Permissive_Training_Input/ISIC_7499766.jpg
melanoma_8348,1.0,../../../data/hand_filtered_dataset/malignant/mel_train/melanoma_8348.jpg
ISIC_6968390,0.0,../../../data/ISIC_2024_Permissive_Training_Input/ISIC_6968390.jpg
melanoma_6419,1.0,../../../data/hand_filtered_dataset/malignant/mel_train/melanoma_6419.jpg
melanoma_9252,1.0,../../../data/hand_filtered_dataset/malignant/mel_train/melanoma_9252.jpg
ISIC_4136851,0.0,../../../data/ISIC_2024_Permissive_Training_Input/ISIC_4136851.jpg
ISIC_7844685,0.0,../../../data/ISIC_2024_Permissive_Training_Input/ISIC_7844685.jpg
melanoma_6393,1.0,../../../data/hand_filtered_dataset/malignant/mel_train/melanoma_6393.jpg
ISIC_1451286,0.0,../../../data/ISIC_2024_Permissive_Training_Input/ISIC_1451286.jpg
melanoma_9157,1.0,../../../data/hand_filtered_dataset/malignant/mel_train/melanoma_9157.jpg
ISIC_7583570,1.0,../../../data/ISIC_2024_Permissive_Training_Input/ISIC_7583570.jpg
ISIC_9251928,0.0,../../../data/ISIC_2024_Permissive_Training_Input/ISIC_9251928.jpg
ISIC_2372179,0.0,../../../data/ISIC_2024_Permissive_Training_Input/ISIC_2372179.jpg
melanoma_8150,1.0,../../../data/hand_filtered_dataset/malignant/mel_train/melanoma_8150.jpg
melanoma_8035,1.0,../../../data/hand_filtered_dataset/malignant/mel_train/melanoma_8035.jpg
melanoma_5340,1.0,../../../data/hand_filtered_dataset/malignant/mel_train/melanoma_5340.jpg
ISIC_1571371,0.0,../../../data/ISIC_2024_Permissive_Training_Input/ISIC_1571371.jpg
melanoma_6738,1.0,../../../data/hand_filtered_dataset/malignant/mel_train/melanoma_6738.jpg
melanoma_5227,1.0,../../../data/hand_filtered_dataset/malignant/mel_train/melanoma_5227.jpg
melanoma_7845,1.0,../../../data/hand_filtered_dataset/malignant/mel_train/melanoma_7845.jpg
ISIC_6794831,0.0,../../../data/ISIC_2024_Permissive_Training_Input/ISIC_6794831.jpg
melanoma_5418,1.0,../../../data/hand_filtered_dataset/malignant/mel_train/melanoma_5418.jpg
ISIC_0449965,0.0,../../../data/ISIC_2024_Permissive_Training_Input/ISIC_0449965.jpg
melanoma_6999,1.0,../../../data/hand_filtered_dataset/malignant/mel_train/melanoma_6999.jpg
melanoma_6241,1.0,../../../data/hand_filtered_dataset/malignant/mel_train/melanoma_6241.jpg
melanoma_8256,1.0,../../../data/hand_filtered_dataset/malignant/mel_train/melanoma_8256.jpg
ISIC_4913336,0.0,../../../data/ISIC_2024_Permissive_Training_Input/ISIC_4913336.jpg
melanoma_9340,1.0,../../../data/hand_filtered_dataset/malignant/mel_train/melanoma_9340.jpg
ISIC_9136678,0.0,../../../data/ISIC_2024_Permissive_Training_Input/ISIC_9136678.jpg
ISIC_3280713,0.0,../../../data/ISIC_2024_Permissive_Training_Input/ISIC_3280713.jpg
ISIC_8250660,0.0,../../../data/ISIC_2024_Permissive_Training_Input/ISIC_8250660.jpg
ISIC_0563137,0.0,../../../data/ISIC_2024_Permissive_Training_Input/ISIC_0563137.jpg
melanoma_9489,1.0,../../../data/hand_filtered_dataset/malignant/mel_train/melanoma_9489.jpg
ISIC_6670947,0.0,../../../data/ISIC_2024_Permissive_Training_Input/ISIC_6670947.jpg
ISIC_0565419,0.0,../../../data/ISIC_2024_Permissive_Training_Input/ISIC_0565419.jpg
ISIC_2246383,0.0,../../../data/ISIC_2024_Permissive_Training_Input/ISIC_2246383.jpg
ISIC_8471961,0.0,../../../data/ISIC_2024_Permissive_Training_Input/ISIC_8471961.jpg
melanoma_5983,1.0,../../../data/hand_filtered_dataset/malignant/mel_train/melanoma_5983.jpg
ISIC_9811484,0.0,../../../data/ISIC_2024_Permissive_Training_Input/ISIC_9811484.jpg
ISIC_0902313,0.0,../../../data/ISIC_2024_Permissive_Training_Input/ISIC_0902313.jpg
ISIC_4845843,0.0,../../../data/ISIC_2024_Permissive_Training_Input/ISIC_4845843.jpg
ISIC_1030017,0.0,../../../data/ISIC_2024_Permissive_Training_Input/ISIC_1030017.jpg
melanoma_7559,1.0,../../../data/hand_filtered_dataset/malignant/mel_train/melanoma_7559.jpg
melanoma_8724,1.0,../../../data/hand_filtered_dataset/malignant/mel_train/melanoma_8724.jpg
melanoma_5651,1.0,../../../data/hand_filtered_dataset/malignant/mel_train/melanoma_5651.jpg
melanoma_9370,1.0,../../../data/hand_filtered_dataset/malignant/mel_train/melanoma_9370.jpg
melanoma_5552,1.0,../../../data/hand_filtered_dataset/malignant/mel_train/melanoma_5552.jpg
melanoma_8725,1.0,../../../data/hand_filtered_dataset/malignant/mel_train/melanoma_8725.jpg
ISIC_7650862,0.0,../../../data/ISIC_2024_Permissive_Training_Input/ISIC_7650862.jpg
ISIC_8655339,0.0,../../../data/ISIC_2024_Permissive_Training_Input/ISIC_8655339.jpg
melanoma_8898,1.0,../../../data/hand_filtered_dataset/malignant/mel_train/melanoma_8898.jpg
ISIC_1268132,0.0,../../../data/ISIC_2024_Permissive_Training_Input/ISIC_1268132.jpg
melanoma_5206,1.0,../../../data/hand_filtered_dataset/malignant/mel_train/melanoma_5206.jpg
melanoma_9065,1.0,../../../data/hand_filtered_dataset/malignant/mel_train/melanoma_9065.jpg
ISIC_7372142,0.0,../../../data/ISIC_2024_Permissive_Training_Input/ISIC_7372142.jpg
ISIC_0210929,0.0,../../../data/ISIC_2024_Permissive_Training_Input/ISIC_0210929.jpg
ISIC_5143259,0.0,../../../data/ISIC_2024_Permissive_Training_Input/ISIC_5143259.jpg
ISIC_9445376,0.0,../../../data/ISIC_2024_Permissive_Training_Input/ISIC_9445376.jpg
ISIC_7492828,0.0,../../../data/ISIC_2024_Permissive_Training_Input/ISIC_7492828.jpg
ISIC_8653458,0.0,../../../data/ISIC_2024_Permissive_Training_Input/ISIC_8653458.jpg
melanoma_9579,1.0,../../../data/hand_filtered_dataset/malignant/mel_train/melanoma_9579.jpg
ISIC_1230726,0.0,../../../data/ISIC_2024_Permissive_Training_Input/ISIC_1230726.jpg
ISIC_9966777,0.0,../../../data/ISIC_2024_Permissive_Training_Input/ISIC_9966777.jpg
melanoma_6989,1.0,../../../data/hand_filtered_dataset/malignant/mel_train/melanoma_6989.jpg
melanoma_5564,1.0,../../../data/hand_filtered_dataset/malignant/mel_train/melanoma_5564.jpg
melanoma_9137,1.0,../../../data/hand_filtered_dataset/malignant/mel_train/melanoma_9137.jpg
ISIC_9602451,0.0,../../../data/ISIC_2024_Permissive_Training_Input/ISIC_9602451.jpg
ISIC_3767221,0.0,../../../data/ISIC_2024_Permissive_Training_Input/ISIC_3767221.jpg
melanoma_9086,1.0,../../../data/hand_filtered_dataset/malignant/mel_train/melanoma_9086.jpg
melanoma_5489,1.0,../../../data/hand_filtered_dataset/malignant/mel_train/melanoma_5489.jpg
ISIC_6801949,0.0,../../../data/ISIC_2024_Permissive_Training_Input/ISIC_6801949.jpg
ISIC_2814433,0.0,../../../data/ISIC_2024_Permissive_Training_Input/ISIC_2814433.jpg
melanoma_6568,1.0,../../../data/hand_filtered_dataset/malignant/mel_train/melanoma_6568.jpg
melanoma_6717,1.0,../../../data/hand_filtered_dataset/malignant/mel_train/melanoma_6717.jpg
melanoma_9388,1.0,../../../data/hand_filtered_dataset/malignant/mel_train/melanoma_9388.jpg
ISIC_0511714,0.0,../../../data/ISIC_2024_Permissive_Training_Input/ISIC_0511714.jpg
ISIC_7344624,0.0,../../../data/ISIC_2024_Permissive_Training_Input/ISIC_7344624.jpg
ISIC_3536330,0.0,../../../data/ISIC_2024_Permissive_Training_Input/ISIC_3536330.jpg
melanoma_5096,1.0,../../../data/hand_filtered_dataset/malignant/mel_train/melanoma_5096.jpg
melanoma_6497,1.0,../../../data/hand_filtered_dataset/malignant/mel_train/melanoma_6497.jpg
ISIC_6746977,0.0,../../../data/ISIC_2024_Permissive_Training_Input/ISIC_6746977.jpg
ISIC_9564898,0.0,../../../data/ISIC_2024_Permissive_Training_Input/ISIC_9564898.jpg
melanoma_6038,1.0,../../../data/hand_filtered_dataset/malignant/mel_train/melanoma_6038.jpg
ISIC_6244259,0.0,../../../data/ISIC_2024_Permissive_Training_Input/ISIC_6244259.jpg
melanoma_8004,1.0,../../../data/hand_filtered_dataset/malignant/mel_train/melanoma_8004.jpg
melanoma_6244,1.0,../../../data/hand_filtered_dataset/malignant/mel_train/melanoma_6244.jpg
melanoma_9255,1.0,../../../data/hand_filtered_dataset/malignant/mel_train/melanoma_9255.jpg
melanoma_6245,1.0,../../../data/hand_filtered_dataset/malignant/mel_train/melanoma_6245.jpg
ISIC_9465005,0.0,../../../data/ISIC_2024_Permissive_Training_Input/ISIC_9465005.jpg
melanoma_8427,1.0,../../../data/hand_filtered_dataset/malignant/mel_train/melanoma_8427.jpg
ISIC_7800702,1.0,../../../data/ISIC_2024_Permissive_Training_Input/ISIC_7800702.jpg
ISIC_5322831,0.0,../../../data/ISIC_2024_Permissive_Training_Input/ISIC_5322831.jpg
ISIC_2857997,0.0,../../../data/ISIC_2024_Permissive_Training_Input/ISIC_2857997.jpg
melanoma_7577,1.0,../../../data/hand_filtered_dataset/malignant/mel_train/melanoma_7577.jpg
ISIC_0793445,1.0,../../../data/ISIC_2024_Permissive_Training_Input/ISIC_0793445.jpg
ISIC_5755831,0.0,../../../data/ISIC_2024_Permissive_Training_Input/ISIC_5755831.jpg
melanoma_7664,1.0,../../../data/hand_filtered_dataset/malignant/mel_train/melanoma_7664.jpg
ISIC_6127350,0.0,../../../data/ISIC_2024_Permissive_Training_Input/ISIC_6127350.jpg
melanoma_7423,1.0,../../../data/hand_filtered_dataset/malignant/mel_train/melanoma_7423.jpg
ISIC_9165319,0.0,../../../data/ISIC_2024_Permissive_Training_Input/ISIC_9165319.jpg
melanoma_7066,1.0,../../../data/hand_filtered_dataset/malignant/mel_train/melanoma_7066.jpg
melanoma_5095,1.0,../../../data/hand_filtered_dataset/malignant/mel_train/melanoma_5095.jpg
melanoma_6348,1.0,../../../data/hand_filtered_dataset/malignant/mel_train/melanoma_6348.jpg
melanoma_6845,1.0,../../../data/hand_filtered_dataset/malignant/mel_train/melanoma_6845.jpg
ISIC_8569576,1.0,../../../data/ISIC_2024_Permissive_Training_Input/ISIC_8569576.jpg
melanoma_7720,1.0,../../../data/hand_filtered_dataset/malignant/mel_train/melanoma_7720.jpg
melanoma_5118,1.0,../../../data/hand_filtered_dataset/malignant/mel_train/melanoma_5118.jpg
melanoma_5809,1.0,../../../data/hand_filtered_dataset/malignant/mel_train/melanoma_5809.jpg
ISIC_9710981,0.0,../../../data/ISIC_2024_Permissive_Training_Input/ISIC_9710981.jpg
ISIC_2122714,0.0,../../../data/ISIC_2024_Permissive_Training_Input/ISIC_2122714.jpg
melanoma_9141,1.0,../../../data/hand_filtered_dataset/malignant/mel_train/melanoma_9141.jpg
ISIC_3234023,0.0,../../../data/ISIC_2024_Permissive_Training_Input/ISIC_3234023.jpg
melanoma_5634,1.0,../../../data/hand_filtered_dataset/malignant/mel_train/melanoma_5634.jpg
melanoma_5684,1.0,../../../data/hand_filtered_dataset/malignant/mel_train/melanoma_5684.jpg
melanoma_7246,1.0,../../../data/hand_filtered_dataset/malignant/mel_train/melanoma_7246.jpg
melanoma_5210,1.0,../../../data/hand_filtered_dataset/malignant/mel_train/melanoma_5210.jpg
ISIC_8770525,0.0,../../../data/ISIC_2024_Permissive_Training_Input/ISIC_8770525.jpg
melanoma_8234,1.0,../../../data/hand_filtered_dataset/malignant/mel_train/melanoma_8234.jpg
melanoma_6055,1.0,../../../data/hand_filtered_dataset/malignant/mel_train/melanoma_6055.jpg
ISIC_5371053,0.0,../../../data/ISIC_2024_Permissive_Training_Input/ISIC_5371053.jpg
ISIC_3301789,0.0,../../../data/ISIC_2024_Permissive_Training_Input/ISIC_3301789.jpg
melanoma_6711,1.0,../../../data/hand_filtered_dataset/malignant/mel_train/melanoma_6711.jpg
ISIC_4307012,0.0,../../../data/ISIC_2024_Permissive_Training_Input/ISIC_4307012.jpg
ISIC_3406953,0.0,../../../data/ISIC_2024_Permissive_Training_Input/ISIC_3406953.jpg
melanoma_9508,1.0,../../../data/hand_filtered_dataset/malignant/mel_train/melanoma_9508.jpg
melanoma_7901,1.0,../../../data/hand_filtered_dataset/malignant/mel_train/melanoma_7901.jpg
ISIC_1301663,0.0,../../../data/ISIC_2024_Permissive_Training_Input/ISIC_1301663.jpg
ISIC_0263919,0.0,../../../data/ISIC_2024_Permissive_Training_Input/ISIC_0263919.jpg
ISIC_0081966,0.0,../../../data/ISIC_2024_Permissive_Training_Input/ISIC_0081966.jpg
melanoma_8330,1.0,../../../data/hand_filtered_dataset/malignant/mel_train/melanoma_8330.jpg
ISIC_4368726,0.0,../../../data/ISIC_2024_Permissive_Training_Input/ISIC_4368726.jpg
ISIC_1105887,1.0,../../../data/ISIC_2024_Permissive_Training_Input/ISIC_1105887.jpg
ISIC_4882116,1.0,../../../data/ISIC_2024_Permissive_Training_Input/ISIC_4882116.jpg
melanoma_5232,1.0,../../../data/hand_filtered_dataset/malignant/mel_train/melanoma_5232.jpg
melanoma_5256,1.0,../../../data/hand_filtered_dataset/malignant/mel_train/melanoma_5256.jpg
ISIC_4431497,0.0,../../../data/ISIC_2024_Permissive_Training_Input/ISIC_4431497.jpg
ISIC_6826956,0.0,../../../data/ISIC_2024_Permissive_Training_Input/ISIC_6826956.jpg
melanoma_5039,1.0,../../../data/hand_filtered_dataset/malignant/mel_train/melanoma_5039.jpg
melanoma_8070,1.0,../../../data/hand_filtered_dataset/malignant/mel_train/melanoma_8070.jpg
melanoma_5722,1.0,../../../data/hand_filtered_dataset/malignant/mel_train/melanoma_5722.jpg
ISIC_7703236,1.0,../../../data/ISIC_2024_Permissive_Training_Input/ISIC_7703236.jpg
melanoma_8117,1.0,../../../data/hand_filtered_dataset/malignant/mel_train/melanoma_8117.jpg
ISIC_3883375,0.0,../../../data/ISIC_2024_Permissive_Training_Input/ISIC_3883375.jpg
melanoma_5630,1.0,../../../data/hand_filtered_dataset/malignant/mel_train/melanoma_5630.jpg
melanoma_5534,1.0,../../../data/hand_filtered_dataset/malignant/mel_train/melanoma_5534.jpg
melanoma_7005,1.0,../../../data/hand_filtered_dataset/malignant/mel_train/melanoma_7005.jpg
melanoma_8884,1.0,../../../data/hand_filtered_dataset/malignant/mel_train/melanoma_8884.jpg
ISIC_9739543,0.0,../../../data/ISIC_2024_Permissive_Training_Input/ISIC_9739543.jpg
melanoma_9603,1.0,../../../data/hand_filtered_dataset/malignant/mel_train/melanoma_9603.jpg
melanoma_7247,1.0,../../../data/hand_filtered_dataset/malignant/mel_train/melanoma_7247.jpg
melanoma_5320,1.0,../../../data/hand_filtered_dataset/malignant/mel_train/melanoma_5320.jpg
ISIC_0403390,0.0,../../../data/ISIC_2024_Permissive_Training_Input/ISIC_0403390.jpg
ISIC_2596998,0.0,../../../data/ISIC_2024_Permissive_Training_Input/ISIC_2596998.jpg
ISIC_4586629,1.0,../../../data/ISIC_2024_Permissive_Training_Input/ISIC_4586629.jpg
ISIC_0680362,0.0,../../../data/ISIC_2024_Permissive_Training_Input/ISIC_0680362.jpg
ISIC_0752340,0.0,../../../data/ISIC_2024_Permissive_Training_Input/ISIC_0752340.jpg
melanoma_8576,1.0,../../../data/hand_filtered_dataset/malignant/mel_train/melanoma_8576.jpg
melanoma_9345,1.0,../../../data/hand_filtered_dataset/malignant/mel_train/melanoma_9345.jpg
ISIC_9175348,0.0,../../../data/ISIC_2024_Permissive_Training_Input/ISIC_9175348.jpg
ISIC_0767234,0.0,../../../data/ISIC_2024_Permissive_Training_Input/ISIC_0767234.jpg
melanoma_9379,1.0,../../../data/hand_filtered_dataset/malignant/mel_train/melanoma_9379.jpg
ISIC_4397963,0.0,../../../data/ISIC_2024_Permissive_Training_Input/ISIC_4397963.jpg
melanoma_9587,1.0,../../../data/hand_filtered_dataset/malignant/mel_train/melanoma_9587.jpg
melanoma_5302,1.0,../../../data/hand_filtered_dataset/malignant/mel_train/melanoma_5302.jpg
melanoma_9410,1.0,../../../data/hand_filtered_dataset/malignant/mel_train/melanoma_9410.jpg
melanoma_7426,1.0,../../../data/hand_filtered_dataset/malignant/mel_train/melanoma_7426.jpg
ISIC_4565362,0.0,../../../data/ISIC_2024_Permissive_Training_Input/ISIC_4565362.jpg
melanoma_7226,1.0,../../../data/hand_filtered_dataset/malignant/mel_train/melanoma_7226.jpg
ISIC_8243577,0.0,../../../data/ISIC_2024_Permissive_Training_Input/ISIC_8243577.jpg
melanoma_6343,1.0,../../../data/hand_filtered_dataset/malignant/mel_train/melanoma_6343.jpg
ISIC_7928750,0.0,../../../data/ISIC_2024_Permissive_Training_Input/ISIC_7928750.jpg
melanoma_9584,1.0,../../../data/hand_filtered_dataset/malignant/mel_train/melanoma_9584.jpg
ISIC_0554252,1.0,../../../data/ISIC_2024_Permissive_Training_Input/ISIC_0554252.jpg
ISIC_8545575,0.0,../../../data/ISIC_2024_Permissive_Training_Input/ISIC_8545575.jpg
melanoma_7430,1.0,../../../data/hand_filtered_dataset/malignant/mel_train/melanoma_7430.jpg
melanoma_6314,1.0,../../../data/hand_filtered_dataset/malignant/mel_train/melanoma_6314.jpg
melanoma_9294,1.0,../../../data/hand_filtered_dataset/malignant/mel_train/melanoma_9294.jpg
melanoma_9262,1.0,../../../data/hand_filtered_dataset/malignant/mel_train/melanoma_9262.jpg
melanoma_7134,1.0,../../../data/hand_filtered_dataset/malignant/mel_train/melanoma_7134.jpg
melanoma_6118,1.0,../../../data/hand_filtered_dataset/malignant/mel_train/melanoma_6118.jpg
ISIC_2917968,0.0,../../../data/ISIC_2024_Permissive_Training_Input/ISIC_2917968.jpg
melanoma_9316,1.0,../../../data/hand_filtered_dataset/malignant/mel_train/melanoma_9316.jpg
melanoma_8575,1.0,../../../data/hand_filtered_dataset/malignant/mel_train/melanoma_8575.jpg
ISIC_8611491,0.0,../../../data/ISIC_2024_Permissive_Training_Input/ISIC_8611491.jpg
ISIC_3069593,0.0,../../../data/ISIC_2024_Permissive_Training_Input/ISIC_3069593.jpg
ISIC_9828955,0.0,../../../data/ISIC_2024_Permissive_Training_Input/ISIC_9828955.jpg
melanoma_8567,1.0,../../../data/hand_filtered_dataset/malignant/mel_train/melanoma_8567.jpg
melanoma_9300,1.0,../../../data/hand_filtered_dataset/malignant/mel_train/melanoma_9300.jpg
melanoma_8584,1.0,../../../data/hand_filtered_dataset/malignant/mel_train/melanoma_8584.jpg
ISIC_8267786,0.0,../../../data/ISIC_2024_Permissive_Training_Input/ISIC_8267786.jpg
melanoma_7276,1.0,../../../data/hand_filtered_dataset/malignant/mel_train/melanoma_7276.jpg
ISIC_8200624,0.0,../../../data/ISIC_2024_Permissive_Training_Input/ISIC_8200624.jpg
ISIC_6514152,0.0,../../../data/ISIC_2024_Permissive_Training_Input/ISIC_6514152.jpg
ISIC_3564796,0.0,../../../data/ISIC_2024_Permissive_Training_Input/ISIC_3564796.jpg
ISIC_0081857,0.0,../../../data/ISIC_2024_Permissive_Training_Input/ISIC_0081857.jpg
ISIC_7531330,0.0,../../../data/ISIC_2024_Permissive_Training_Input/ISIC_7531330.jpg
ISIC_1643218,0.0,../../../data/ISIC_2024_Permissive_Training_Input/ISIC_1643218.jpg
melanoma_8514,1.0,../../../data/hand_filtered_dataset/malignant/mel_train/melanoma_8514.jpg
ISIC_0842367,0.0,../../../data/ISIC_2024_Permissive_Training_Input/ISIC_0842367.jpg
ISIC_3693992,0.0,../../../data/ISIC_2024_Permissive_Training_Input/ISIC_3693992.jpg
melanoma_9109,1.0,../../../data/hand_filtered_dataset/malignant/mel_train/melanoma_9109.jpg
melanoma_5908,1.0,../../../data/hand_filtered_dataset/malignant/mel_train/melanoma_5908.jpg
ISIC_6797115,0.0,../../../data/ISIC_2024_Permissive_Training_Input/ISIC_6797115.jpg
ISIC_4843109,0.0,../../../data/ISIC_2024_Permissive_Training_Input/ISIC_4843109.jpg
melanoma_9411,1.0,../../../data/hand_filtered_dataset/malignant/mel_train/melanoma_9411.jpg
ISIC_8546843,1.0,../../../data/ISIC_2024_Permissive_Training_Input/ISIC_8546843.jpg
ISIC_1826705,0.0,../../../data/ISIC_2024_Permissive_Training_Input/ISIC_1826705.jpg
melanoma_7891,1.0,../../../data/hand_filtered_dataset/malignant/mel_train/melanoma_7891.jpg
ISIC_3268172,0.0,../../../data/ISIC_2024_Permissive_Training_Input/ISIC_3268172.jpg
ISIC_5627742,0.0,../../../data/ISIC_2024_Permissive_Training_Input/ISIC_5627742.jpg
ISIC_7484113,0.0,../../../data/ISIC_2024_Permissive_Training_Input/ISIC_7484113.jpg
ISIC_6307649,1.0,../../../data/ISIC_2024_Permissive_Training_Input/ISIC_6307649.jpg
melanoma_5607,1.0,../../../data/hand_filtered_dataset/malignant/mel_train/melanoma_5607.jpg
melanoma_7586,1.0,../../../data/hand_filtered_dataset/malignant/mel_train/melanoma_7586.jpg
melanoma_6952,1.0,../../../data/hand_filtered_dataset/malignant/mel_train/melanoma_6952.jpg
melanoma_9180,1.0,../../../data/hand_filtered_dataset/malignant/mel_train/melanoma_9180.jpg
ISIC_3978404,0.0,../../../data/ISIC_2024_Permissive_Training_Input/ISIC_3978404.jpg
ISIC_5147918,0.0,../../../data/ISIC_2024_Permissive_Training_Input/ISIC_5147918.jpg
melanoma_7648,1.0,../../../data/hand_filtered_dataset/malignant/mel_train/melanoma_7648.jpg
ISIC_5152731,0.0,../../../data/ISIC_2024_Permissive_Training_Input/ISIC_5152731.jpg
melanoma_8174,1.0,../../../data/hand_filtered_dataset/malignant/mel_train/melanoma_8174.jpg
melanoma_7422,1.0,../../../data/hand_filtered_dataset/malignant/mel_train/melanoma_7422.jpg
melanoma_6562,1.0,../../../data/hand_filtered_dataset/malignant/mel_train/melanoma_6562.jpg
ISIC_5749725,0.0,../../../data/ISIC_2024_Permissive_Training_Input/ISIC_5749725.jpg
ISIC_3740428,0.0,../../../data/ISIC_2024_Permissive_Training_Input/ISIC_3740428.jpg
melanoma_8988,1.0,../../../data/hand_filtered_dataset/malignant/mel_train/melanoma_8988.jpg
ISIC_5429277,0.0,../../../data/ISIC_2024_Permissive_Training_Input/ISIC_5429277.jpg
ISIC_3070870,0.0,../../../data/ISIC_2024_Permissive_Training_Input/ISIC_3070870.jpg
melanoma_7860,1.0,../../../data/hand_filtered_dataset/malignant/mel_train/melanoma_7860.jpg
melanoma_6421,1.0,../../../data/hand_filtered_dataset/malignant/mel_train/melanoma_6421.jpg
melanoma_9374,1.0,../../../data/hand_filtered_dataset/malignant/mel_train/melanoma_9374.jpg
melanoma_8363,1.0,../../../data/hand_filtered_dataset/malignant/mel_train/melanoma_8363.jpg
melanoma_8568,1.0,../../../data/hand_filtered_dataset/malignant/mel_train/melanoma_8568.jpg
melanoma_6256,1.0,../../../data/hand_filtered_dataset/malignant/mel_train/melanoma_6256.jpg
ISIC_3262821,0.0,../../../data/ISIC_2024_Permissive_Training_Input/ISIC_3262821.jpg
melanoma_9278,1.0,../../../data/hand_filtered_dataset/malignant/mel_train/melanoma_9278.jpg
ISIC_3297798,0.0,../../../data/ISIC_2024_Permissive_Training_Input/ISIC_3297798.jpg
ISIC_8699284,0.0,../../../data/ISIC_2024_Permissive_Training_Input/ISIC_8699284.jpg
melanoma_7666,1.0,../../../data/hand_filtered_dataset/malignant/mel_train/melanoma_7666.jpg
melanoma_6731,1.0,../../../data/hand_filtered_dataset/malignant/mel_train/melanoma_6731.jpg
melanoma_5105,1.0,../../../data/hand_filtered_dataset/malignant/mel_train/melanoma_5105.jpg
ISIC_0974310,0.0,../../../data/ISIC_2024_Permissive_Training_Input/ISIC_0974310.jpg
melanoma_5746,1.0,../../../data/hand_filtered_dataset/malignant/mel_train/melanoma_5746.jpg
ISIC_0912505,0.0,../../../data/ISIC_2024_Permissive_Training_Input/ISIC_0912505.jpg
melanoma_8406,1.0,../../../data/hand_filtered_dataset/malignant/mel_train/melanoma_8406.jpg
ISIC_8154293,0.0,../../../data/ISIC_2024_Permissive_Training_Input/ISIC_8154293.jpg
ISIC_4927574,1.0,../../../data/ISIC_2024_Permissive_Training_Input/ISIC_4927574.jpg
ISIC_0712880,0.0,../../../data/ISIC_2024_Permissive_Training_Input/ISIC_0712880.jpg
ISIC_6608075,1.0,../../../data/ISIC_2024_Permissive_Training_Input/ISIC_6608075.jpg
ISIC_4416759,1.0,../../../data/ISIC_2024_Permissive_Training_Input/ISIC_4416759.jpg
melanoma_5195,1.0,../../../data/hand_filtered_dataset/malignant/mel_train/melanoma_5195.jpg
melanoma_8347,1.0,../../../data/hand_filtered_dataset/malignant/mel_train/melanoma_8347.jpg
ISIC_7252136,0.0,../../../data/ISIC_2024_Permissive_Training_Input/ISIC_7252136.jpg
ISIC_9592173,0.0,../../../data/ISIC_2024_Permissive_Training_Input/ISIC_9592173.jpg
ISIC_3188612,0.0,../../../data/ISIC_2024_Permissive_Training_Input/ISIC_3188612.jpg
ISIC_6461446,0.0,../../../data/ISIC_2024_Permissive_Training_Input/ISIC_6461446.jpg
ISIC_7369982,0.0,../../../data/ISIC_2024_Permissive_Training_Input/ISIC_7369982.jpg
melanoma_7819,1.0,../../../data/hand_filtered_dataset/malignant/mel_train/melanoma_7819.jpg
melanoma_7905,1.0,../../../data/hand_filtered_dataset/malignant/mel_train/melanoma_7905.jpg
melanoma_5402,1.0,../../../data/hand_filtered_dataset/malignant/mel_train/melanoma_5402.jpg
melanoma_9121,1.0,../../../data/hand_filtered_dataset/malignant/mel_train/melanoma_9121.jpg
ISIC_6387376,0.0,../../../data/ISIC_2024_Permissive_Training_Input/ISIC_6387376.jpg
ISIC_3840987,0.0,../../../data/ISIC_2024_Permissive_Training_Input/ISIC_3840987.jpg
ISIC_6794034,0.0,../../../data/ISIC_2024_Permissive_Training_Input/ISIC_6794034.jpg
ISIC_9969893,0.0,../../../data/ISIC_2024_Permissive_Training_Input/ISIC_9969893.jpg
ISIC_0226602,0.0,../../../data/ISIC_2024_Permissive_Training_Input/ISIC_0226602.jpg
melanoma_8610,1.0,../../../data/hand_filtered_dataset/malignant/mel_train/melanoma_8610.jpg
ISIC_5752717,0.0,../../../data/ISIC_2024_Permissive_Training_Input/ISIC_5752717.jpg
melanoma_6642,1.0,../../../data/hand_filtered_dataset/malignant/mel_train/melanoma_6642.jpg
ISIC_7914947,0.0,../../../data/ISIC_2024_Permissive_Training_Input/ISIC_7914947.jpg
melanoma_9399,1.0,../../../data/hand_filtered_dataset/malignant/mel_train/melanoma_9399.jpg
melanoma_5807,1.0,../../../data/hand_filtered_dataset/malignant/mel_train/melanoma_5807.jpg
ISIC_8637574,0.0,../../../data/ISIC_2024_Permissive_Training_Input/ISIC_8637574.jpg
melanoma_5734,1.0,../../../data/hand_filtered_dataset/malignant/mel_train/melanoma_5734.jpg
ISIC_9726753,1.0,../../../data/ISIC_2024_Permissive_Training_Input/ISIC_9726753.jpg
ISIC_8142912,0.0,../../../data/ISIC_2024_Permissive_Training_Input/ISIC_8142912.jpg
melanoma_7563,1.0,../../../data/hand_filtered_dataset/malignant/mel_train/melanoma_7563.jpg
ISIC_5411471,0.0,../../../data/ISIC_2024_Permissive_Training_Input/ISIC_5411471.jpg
ISIC_9872243,0.0,../../../data/ISIC_2024_Permissive_Training_Input/ISIC_9872243.jpg
ISIC_2506689,0.0,../../../data/ISIC_2024_Permissive_Training_Input/ISIC_2506689.jpg
melanoma_9281,1.0,../../../data/hand_filtered_dataset/malignant/mel_train/melanoma_9281.jpg
ISIC_5661802,0.0,../../../data/ISIC_2024_Permissive_Training_Input/ISIC_5661802.jpg
melanoma_7878,1.0,../../../data/hand_filtered_dataset/malignant/mel_train/melanoma_7878.jpg
ISIC_1370856,0.0,../../../data/ISIC_2024_Permissive_Training_Input/ISIC_1370856.jpg
ISIC_4741978,0.0,../../../data/ISIC_2024_Permissive_Training_Input/ISIC_4741978.jpg
melanoma_6652,1.0,../../../data/hand_filtered_dataset/malignant/mel_train/melanoma_6652.jpg
ISIC_3005303,1.0,../../../data/ISIC_2024_Permissive_Training_Input/ISIC_3005303.jpg
ISIC_7356214,0.0,../../../data/ISIC_2024_Permissive_Training_Input/ISIC_7356214.jpg
melanoma_6901,1.0,../../../data/hand_filtered_dataset/malignant/mel_train/melanoma_6901.jpg
ISIC_7298820,0.0,../../../data/ISIC_2024_Permissive_Training_Input/ISIC_7298820.jpg
ISIC_4089968,0.0,../../../data/ISIC_2024_Permissive_Training_Input/ISIC_4089968.jpg
melanoma_7288,1.0,../../../data/hand_filtered_dataset/malignant/mel_train/melanoma_7288.jpg
ISIC_7033179,0.0,../../../data/ISIC_2024_Permissive_Training_Input/ISIC_7033179.jpg
melanoma_9416,1.0,../../../data/hand_filtered_dataset/malignant/mel_train/melanoma_9416.jpg
melanoma_7989,1.0,../../../data/hand_filtered_dataset/malignant/mel_train/melanoma_7989.jpg
ISIC_8621070,0.0,../../../data/ISIC_2024_Permissive_Training_Input/ISIC_8621070.jpg
ISIC_5756817,0.0,../../../data/ISIC_2024_Permissive_Training_Input/ISIC_5756817.jpg
melanoma_8606,1.0,../../../data/hand_filtered_dataset/malignant/mel_train/melanoma_8606.jpg
ISIC_4133635,0.0,../../../data/ISIC_2024_Permissive_Training_Input/ISIC_4133635.jpg
ISIC_6909415,0.0,../../../data/ISIC_2024_Permissive_Training_Input/ISIC_6909415.jpg
melanoma_9135,1.0,../../../data/hand_filtered_dataset/malignant/mel_train/melanoma_9135.jpg
ISIC_7405712,0.0,../../../data/ISIC_2024_Permissive_Training_Input/ISIC_7405712.jpg
melanoma_5811,1.0,../../../data/hand_filtered_dataset/malignant/mel_train/melanoma_5811.jpg
melanoma_8290,1.0,../../../data/hand_filtered_dataset/malignant/mel_train/melanoma_8290.jpg
melanoma_8015,1.0,../../../data/hand_filtered_dataset/malignant/mel_train/melanoma_8015.jpg
melanoma_5587,1.0,../../../data/hand_filtered_dataset/malignant/mel_train/melanoma_5587.jpg
melanoma_7928,1.0,../../../data/hand_filtered_dataset/malignant/mel_train/melanoma_7928.jpg
ISIC_2669759,0.0,../../../data/ISIC_2024_Permissive_Training_Input/ISIC_2669759.jpg
ISIC_2915238,0.0,../../../data/ISIC_2024_Permissive_Training_Input/ISIC_2915238.jpg
melanoma_7566,1.0,../../../data/hand_filtered_dataset/malignant/mel_train/melanoma_7566.jpg
ISIC_1640109,1.0,../../../data/ISIC_2024_Permissive_Training_Input/ISIC_1640109.jpg
ISIC_0908065,0.0,../../../data/ISIC_2024_Permissive_Training_Input/ISIC_0908065.jpg
melanoma_9409,1.0,../../../data/hand_filtered_dataset/malignant/mel_train/melanoma_9409.jpg
melanoma_5080,1.0,../../../data/hand_filtered_dataset/malignant/mel_train/melanoma_5080.jpg
ISIC_8428842,0.0,../../../data/ISIC_2024_Permissive_Training_Input/ISIC_8428842.jpg
ISIC_7582830,0.0,../../../data/ISIC_2024_Permissive_Training_Input/ISIC_7582830.jpg
melanoma_6603,1.0,../../../data/hand_filtered_dataset/malignant/mel_train/melanoma_6603.jpg
ISIC_0179391,0.0,../../../data/ISIC_2024_Permissive_Training_Input/ISIC_0179391.jpg
melanoma_7467,1.0,../../../data/hand_filtered_dataset/malignant/mel_train/melanoma_7467.jpg
ISIC_3050282,0.0,../../../data/ISIC_2024_Permissive_Training_Input/ISIC_3050282.jpg
ISIC_7130708,0.0,../../../data/ISIC_2024_Permissive_Training_Input/ISIC_7130708.jpg
ISIC_1176549,0.0,../../../data/ISIC_2024_Permissive_Training_Input/ISIC_1176549.jpg
ISIC_6798316,1.0,../../../data/ISIC_2024_Permissive_Training_Input/ISIC_6798316.jpg
ISIC_2746481,0.0,../../../data/ISIC_2024_Permissive_Training_Input/ISIC_2746481.jpg
melanoma_9068,1.0,../../../data/hand_filtered_dataset/malignant/mel_train/melanoma_9068.jpg
ISIC_5190198,1.0,../../../data/ISIC_2024_Permissive_Training_Input/ISIC_5190198.jpg
ISIC_6553846,1.0,../../../data/ISIC_2024_Permissive_Training_Input/ISIC_6553846.jpg
ISIC_0073511,0.0,../../../data/ISIC_2024_Permissive_Training_Input/ISIC_0073511.jpg
melanoma_7439,1.0,../../../data/hand_filtered_dataset/malignant/mel_train/melanoma_7439.jpg
melanoma_6016,1.0,../../../data/hand_filtered_dataset/malignant/mel_train/melanoma_6016.jpg
ISIC_5673434,0.0,../../../data/ISIC_2024_Permissive_Training_Input/ISIC_5673434.jpg
ISIC_2469724,0.0,../../../data/ISIC_2024_Permissive_Training_Input/ISIC_2469724.jpg
melanoma_9473,1.0,../../../data/hand_filtered_dataset/malignant/mel_train/melanoma_9473.jpg
melanoma_6169,1.0,../../../data/hand_filtered_dataset/malignant/mel_train/melanoma_6169.jpg
ISIC_6012795,0.0,../../../data/ISIC_2024_Permissive_Training_Input/ISIC_6012795.jpg
melanoma_9440,1.0,../../../data/hand_filtered_dataset/malignant/mel_train/melanoma_9440.jpg
melanoma_9287,1.0,../../../data/hand_filtered_dataset/malignant/mel_train/melanoma_9287.jpg
ISIC_6670966,0.0,../../../data/ISIC_2024_Permissive_Training_Input/ISIC_6670966.jpg
melanoma_6882,1.0,../../../data/hand_filtered_dataset/malignant/mel_train/melanoma_6882.jpg
ISIC_2927922,0.0,../../../data/ISIC_2024_Permissive_Training_Input/ISIC_2927922.jpg
ISIC_0753010,0.0,../../../data/ISIC_2024_Permissive_Training_Input/ISIC_0753010.jpg
ISIC_8476439,0.0,../../../data/ISIC_2024_Permissive_Training_Input/ISIC_8476439.jpg
melanoma_7967,1.0,../../../data/hand_filtered_dataset/malignant/mel_train/melanoma_7967.jpg
melanoma_5259,1.0,../../../data/hand_filtered_dataset/malignant/mel_train/melanoma_5259.jpg
ISIC_3957757,0.0,../../../data/ISIC_2024_Permissive_Training_Input/ISIC_3957757.jpg
ISIC_8612170,0.0,../../../data/ISIC_2024_Permissive_Training_Input/ISIC_8612170.jpg
ISIC_1020723,0.0,../../../data/ISIC_2024_Permissive_Training_Input/ISIC_1020723.jpg
ISIC_2396582,1.0,../../../data/ISIC_2024_Permissive_Training_Input/ISIC_2396582.jpg
ISIC_8253238,0.0,../../../data/ISIC_2024_Permissive_Training_Input/ISIC_8253238.jpg
ISIC_3246306,0.0,../../../data/ISIC_2024_Permissive_Training_Input/ISIC_3246306.jpg
melanoma_5625,1.0,../../../data/hand_filtered_dataset/malignant/mel_train/melanoma_5625.jpg
ISIC_0279372,1.0,../../../data/ISIC_2024_Permissive_Training_Input/ISIC_0279372.jpg
melanoma_8123,1.0,../../../data/hand_filtered_dataset/malignant/mel_train/melanoma_8123.jpg
ISIC_9121896,0.0,../../../data/ISIC_2024_Permissive_Training_Input/ISIC_9121896.jpg
melanoma_9540,1.0,../../../data/hand_filtered_dataset/malignant/mel_train/melanoma_9540.jpg
ISIC_8622129,0.0,../../../data/ISIC_2024_Permissive_Training_Input/ISIC_8622129.jpg
melanoma_5553,1.0,../../../data/hand_filtered_dataset/malignant/mel_train/melanoma_5553.jpg
ISIC_4491768,0.0,../../../data/ISIC_2024_Permissive_Training_Input/ISIC_4491768.jpg
ISIC_0241818,0.0,../../../data/ISIC_2024_Permissive_Training_Input/ISIC_0241818.jpg
melanoma_9023,1.0,../../../data/hand_filtered_dataset/malignant/mel_train/melanoma_9023.jpg
melanoma_9459,1.0,../../../data/hand_filtered_dataset/malignant/mel_train/melanoma_9459.jpg
melanoma_5626,1.0,../../../data/hand_filtered_dataset/malignant/mel_train/melanoma_5626.jpg
ISIC_6619559,0.0,../../../data/ISIC_2024_Permissive_Training_Input/ISIC_6619559.jpg
melanoma_6188,1.0,../../../data/hand_filtered_dataset/malignant/mel_train/melanoma_6188.jpg
melanoma_7691,1.0,../../../data/hand_filtered_dataset/malignant/mel_train/melanoma_7691.jpg
ISIC_4168839,0.0,../../../data/ISIC_2024_Permissive_Training_Input/ISIC_4168839.jpg
melanoma_7838,1.0,../../../data/hand_filtered_dataset/malignant/mel_train/melanoma_7838.jpg
ISIC_0911424,0.0,../../../data/ISIC_2024_Permissive_Training_Input/ISIC_0911424.jpg
melanoma_7614,1.0,../../../data/hand_filtered_dataset/malignant/mel_train/melanoma_7614.jpg
ISIC_4206209,0.0,../../../data/ISIC_2024_Permissive_Training_Input/ISIC_4206209.jpg
melanoma_6956,1.0,../../../data/hand_filtered_dataset/malignant/mel_train/melanoma_6956.jpg
ISIC_4471268,0.0,../../../data/ISIC_2024_Permissive_Training_Input/ISIC_4471268.jpg
ISIC_8080250,1.0,../../../data/ISIC_2024_Permissive_Training_Input/ISIC_8080250.jpg
ISIC_2248989,0.0,../../../data/ISIC_2024_Permissive_Training_Input/ISIC_2248989.jpg
ISIC_7677866,0.0,../../../data/ISIC_2024_Permissive_Training_Input/ISIC_7677866.jpg
melanoma_5972,1.0,../../../data/hand_filtered_dataset/malignant/mel_train/melanoma_5972.jpg
melanoma_9515,1.0,../../../data/hand_filtered_dataset/malignant/mel_train/melanoma_9515.jpg
melanoma_5613,1.0,../../../data/hand_filtered_dataset/malignant/mel_train/melanoma_5613.jpg
ISIC_3488813,0.0,../../../data/ISIC_2024_Permissive_Training_Input/ISIC_3488813.jpg
melanoma_7346,1.0,../../../data/hand_filtered_dataset/malignant/mel_train/melanoma_7346.jpg
melanoma_6375,1.0,../../../data/hand_filtered_dataset/malignant/mel_train/melanoma_6375.jpg
ISIC_3064325,0.0,../../../data/ISIC_2024_Permissive_Training_Input/ISIC_3064325.jpg
ISIC_7492173,0.0,../../../data/ISIC_2024_Permissive_Training_Input/ISIC_7492173.jpg
melanoma_6528,1.0,../../../data/hand_filtered_dataset/malignant/mel_train/melanoma_6528.jpg
melanoma_5583,1.0,../../../data/hand_filtered_dataset/malignant/mel_train/melanoma_5583.jpg
melanoma_5485,1.0,../../../data/hand_filtered_dataset/malignant/mel_train/melanoma_5485.jpg
melanoma_8555,1.0,../../../data/hand_filtered_dataset/malignant/mel_train/melanoma_8555.jpg
melanoma_7988,1.0,../../../data/hand_filtered_dataset/malignant/mel_train/melanoma_7988.jpg
ISIC_1544426,0.0,../../../data/ISIC_2024_Permissive_Training_Input/ISIC_1544426.jpg
ISIC_8320857,0.0,../../../data/ISIC_2024_Permissive_Training_Input/ISIC_8320857.jpg
melanoma_8175,1.0,../../../data/hand_filtered_dataset/malignant/mel_train/melanoma_8175.jpg
melanoma_7144,1.0,../../../data/hand_filtered_dataset/malignant/mel_train/melanoma_7144.jpg
ISIC_3933613,0.0,../../../data/ISIC_2024_Permissive_Training_Input/ISIC_3933613.jpg
ISIC_5185097,0.0,../../../data/ISIC_2024_Permissive_Training_Input/ISIC_5185097.jpg
melanoma_8284,1.0,../../../data/hand_filtered_dataset/malignant/mel_train/melanoma_8284.jpg
melanoma_6833,1.0,../../../data/hand_filtered_dataset/malignant/mel_train/melanoma_6833.jpg
ISIC_7678691,0.0,../../../data/ISIC_2024_Permissive_Training_Input/ISIC_7678691.jpg
ISIC_8150758,0.0,../../../data/ISIC_2024_Permissive_Training_Input/ISIC_8150758.jpg
melanoma_6381,1.0,../../../data/hand_filtered_dataset/malignant/mel_train/melanoma_6381.jpg
ISIC_2829134,0.0,../../../data/ISIC_2024_Permissive_Training_Input/ISIC_2829134.jpg
ISIC_0141984,0.0,../../../data/ISIC_2024_Permissive_Training_Input/ISIC_0141984.jpg
ISIC_2474395,0.0,../../../data/ISIC_2024_Permissive_Training_Input/ISIC_2474395.jpg
melanoma_5609,1.0,../../../data/hand_filtered_dataset/malignant/mel_train/melanoma_5609.jpg
melanoma_5221,1.0,../../../data/hand_filtered_dataset/malignant/mel_train/melanoma_5221.jpg
melanoma_9477,1.0,../../../data/hand_filtered_dataset/malignant/mel_train/melanoma_9477.jpg
melanoma_5715,1.0,../../../data/hand_filtered_dataset/malignant/mel_train/melanoma_5715.jpg
melanoma_9563,1.0,../../../data/hand_filtered_dataset/malignant/mel_train/melanoma_9563.jpg
ISIC_9497526,0.0,../../../data/ISIC_2024_Permissive_Training_Input/ISIC_9497526.jpg
melanoma_6400,1.0,../../../data/hand_filtered_dataset/malignant/mel_train/melanoma_6400.jpg
melanoma_7523,1.0,../../../data/hand_filtered_dataset/malignant/mel_train/melanoma_7523.jpg
melanoma_8393,1.0,../../../data/hand_filtered_dataset/malignant/mel_train/melanoma_8393.jpg
melanoma_6053,1.0,../../../data/hand_filtered_dataset/malignant/mel_train/melanoma_6053.jpg
ISIC_8646967,0.0,../../../data/ISIC_2024_Permissive_Training_Input/ISIC_8646967.jpg
ISIC_0746173,0.0,../../../data/ISIC_2024_Permissive_Training_Input/ISIC_0746173.jpg
melanoma_5853,1.0,../../../data/hand_filtered_dataset/malignant/mel_train/melanoma_5853.jpg
ISIC_1036495,0.0,../../../data/ISIC_2024_Permissive_Training_Input/ISIC_1036495.jpg
ISIC_0611051,0.0,../../../data/ISIC_2024_Permissive_Training_Input/ISIC_0611051.jpg
melanoma_9471,1.0,../../../data/hand_filtered_dataset/malignant/mel_train/melanoma_9471.jpg
ISIC_3948111,0.0,../../../data/ISIC_2024_Permissive_Training_Input/ISIC_3948111.jpg
ISIC_4425681,1.0,../../../data/ISIC_2024_Permissive_Training_Input/ISIC_4425681.jpg
ISIC_2961165,0.0,../../../data/ISIC_2024_Permissive_Training_Input/ISIC_2961165.jpg
ISIC_1883665,0.0,../../../data/ISIC_2024_Permissive_Training_Input/ISIC_1883665.jpg
ISIC_0197271,0.0,../../../data/ISIC_2024_Permissive_Training_Input/ISIC_0197271.jpg
melanoma_6037,1.0,../../../data/hand_filtered_dataset/malignant/mel_train/melanoma_6037.jpg
ISIC_6776488,0.0,../../../data/ISIC_2024_Permissive_Training_Input/ISIC_6776488.jpg
melanoma_7420,1.0,../../../data/hand_filtered_dataset/malignant/mel_train/melanoma_7420.jpg
ISIC_4805538,0.0,../../../data/ISIC_2024_Permissive_Training_Input/ISIC_4805538.jpg
ISIC_1106725,0.0,../../../data/ISIC_2024_Permissive_Training_Input/ISIC_1106725.jpg
melanoma_9509,1.0,../../../data/hand_filtered_dataset/malignant/mel_train/melanoma_9509.jpg
melanoma_5615,1.0,../../../data/hand_filtered_dataset/malignant/mel_train/melanoma_5615.jpg
ISIC_1000452,0.0,../../../data/ISIC_2024_Permissive_Training_Input/ISIC_1000452.jpg
ISIC_9521124,1.0,../../../data/ISIC_2024_Permissive_Training_Input/ISIC_9521124.jpg
ISIC_1262710,1.0,../../../data/ISIC_2024_Permissive_Training_Input/ISIC_1262710.jpg
ISIC_0845295,0.0,../../../data/ISIC_2024_Permissive_Training_Input/ISIC_0845295.jpg
melanoma_8811,1.0,../../../data/hand_filtered_dataset/malignant/mel_train/melanoma_8811.jpg
melanoma_5275,1.0,../../../data/hand_filtered_dataset/malignant/mel_train/melanoma_5275.jpg
ISIC_6507199,1.0,../../../data/ISIC_2024_Permissive_Training_Input/ISIC_6507199.jpg
ISIC_9623473,0.0,../../../data/ISIC_2024_Permissive_Training_Input/ISIC_9623473.jpg
melanoma_7663,1.0,../../../data/hand_filtered_dataset/malignant/mel_train/melanoma_7663.jpg
ISIC_5391009,0.0,../../../data/ISIC_2024_Permissive_Training_Input/ISIC_5391009.jpg
melanoma_7618,1.0,../../../data/hand_filtered_dataset/malignant/mel_train/melanoma_7618.jpg
melanoma_8065,1.0,../../../data/hand_filtered_dataset/malignant/mel_train/melanoma_8065.jpg
melanoma_5361,1.0,../../../data/hand_filtered_dataset/malignant/mel_train/melanoma_5361.jpg
ISIC_2579626,0.0,../../../data/ISIC_2024_Permissive_Training_Input/ISIC_2579626.jpg
ISIC_5547598,0.0,../../../data/ISIC_2024_Permissive_Training_Input/ISIC_5547598.jpg
melanoma_5459,1.0,../../../data/hand_filtered_dataset/malignant/mel_train/melanoma_5459.jpg
ISIC_7650108,0.0,../../../data/ISIC_2024_Permissive_Training_Input/ISIC_7650108.jpg
melanoma_6915,1.0,../../../data/hand_filtered_dataset/malignant/mel_train/melanoma_6915.jpg
ISIC_7089087,0.0,../../../data/ISIC_2024_Permissive_Training_Input/ISIC_7089087.jpg
melanoma_7221,1.0,../../../data/hand_filtered_dataset/malignant/mel_train/melanoma_7221.jpg
ISIC_6154208,0.0,../../../data/ISIC_2024_Permissive_Training_Input/ISIC_6154208.jpg
ISIC_6158687,0.0,../../../data/ISIC_2024_Permissive_Training_Input/ISIC_6158687.jpg
ISIC_7439562,0.0,../../../data/ISIC_2024_Permissive_Training_Input/ISIC_7439562.jpg
melanoma_8334,1.0,../../../data/hand_filtered_dataset/malignant/mel_train/melanoma_8334.jpg
ISIC_4289707,0.0,../../../data/ISIC_2024_Permissive_Training_Input/ISIC_4289707.jpg
ISIC_3495900,0.0,../../../data/ISIC_2024_Permissive_Training_Input/ISIC_3495900.jpg
ISIC_4686196,0.0,../../../data/ISIC_2024_Permissive_Training_Input/ISIC_4686196.jpg
ISIC_1807596,0.0,../../../data/ISIC_2024_Permissive_Training_Input/ISIC_1807596.jpg
ISIC_9350394,0.0,../../../data/ISIC_2024_Permissive_Training_Input/ISIC_9350394.jpg
melanoma_7933,1.0,../../../data/hand_filtered_dataset/malignant/mel_train/melanoma_7933.jpg
melanoma_8038,1.0,../../../data/hand_filtered_dataset/malignant/mel_train/melanoma_8038.jpg
melanoma_7124,1.0,../../../data/hand_filtered_dataset/malignant/mel_train/melanoma_7124.jpg
ISIC_4849597,0.0,../../../data/ISIC_2024_Permissive_Training_Input/ISIC_4849597.jpg
ISIC_8793099,0.0,../../../data/ISIC_2024_Permissive_Training_Input/ISIC_8793099.jpg
melanoma_9216,1.0,../../../data/hand_filtered_dataset/malignant/mel_train/melanoma_9216.jpg
ISIC_1543493,0.0,../../../data/ISIC_2024_Permissive_Training_Input/ISIC_1543493.jpg
ISIC_2540062,0.0,../../../data/ISIC_2024_Permissive_Training_Input/ISIC_2540062.jpg
ISIC_2742835,1.0,../../../data/ISIC_2024_Permissive_Training_Input/ISIC_2742835.jpg
melanoma_5410,1.0,../../../data/hand_filtered_dataset/malignant/mel_train/melanoma_5410.jpg
melanoma_6235,1.0,../../../data/hand_filtered_dataset/malignant/mel_train/melanoma_6235.jpg
ISIC_7274833,0.0,../../../data/ISIC_2024_Permissive_Training_Input/ISIC_7274833.jpg
melanoma_5823,1.0,../../../data/hand_filtered_dataset/malignant/mel_train/melanoma_5823.jpg
melanoma_8003,1.0,../../../data/hand_filtered_dataset/malignant/mel_train/melanoma_8003.jpg
ISIC_4938371,0.0,../../../data/ISIC_2024_Permissive_Training_Input/ISIC_4938371.jpg
ISIC_5172685,0.0,../../../data/ISIC_2024_Permissive_Training_Input/ISIC_5172685.jpg
melanoma_7046,1.0,../../../data/hand_filtered_dataset/malignant/mel_train/melanoma_7046.jpg
ISIC_6044511,0.0,../../../data/ISIC_2024_Permissive_Training_Input/ISIC_6044511.jpg
melanoma_9075,1.0,../../../data/hand_filtered_dataset/malignant/mel_train/melanoma_9075.jpg
ISIC_5222100,0.0,../../../data/ISIC_2024_Permissive_Training_Input/ISIC_5222100.jpg
melanoma_7254,1.0,../../../data/hand_filtered_dataset/malignant/mel_train/melanoma_7254.jpg
ISIC_9491677,0.0,../../../data/ISIC_2024_Permissive_Training_Input/ISIC_9491677.jpg
ISIC_9733716,0.0,../../../data/ISIC_2024_Permissive_Training_Input/ISIC_9733716.jpg
melanoma_7713,1.0,../../../data/hand_filtered_dataset/malignant/mel_train/melanoma_7713.jpg
melanoma_8471,1.0,../../../data/hand_filtered_dataset/malignant/mel_train/melanoma_8471.jpg
ISIC_7952664,0.0,../../../data/ISIC_2024_Permissive_Training_Input/ISIC_7952664.jpg
ISIC_4340320,0.0,../../../data/ISIC_2024_Permissive_Training_Input/ISIC_4340320.jpg
ISIC_0339707,0.0,../../../data/ISIC_2024_Permissive_Training_Input/ISIC_0339707.jpg
ISIC_7676691,1.0,../../../data/ISIC_2024_Permissive_Training_Input/ISIC_7676691.jpg
ISIC_9209036,0.0,../../../data/ISIC_2024_Permissive_Training_Input/ISIC_9209036.jpg
melanoma_5440,1.0,../../../data/hand_filtered_dataset/malignant/mel_train/melanoma_5440.jpg
melanoma_6291,1.0,../../../data/hand_filtered_dataset/malignant/mel_train/melanoma_6291.jpg
ISIC_0287382,0.0,../../../data/ISIC_2024_Permissive_Training_Input/ISIC_0287382.jpg
melanoma_5560,1.0,../../../data/hand_filtered_dataset/malignant/mel_train/melanoma_5560.jpg
melanoma_6440,1.0,../../../data/hand_filtered_dataset/malignant/mel_train/melanoma_6440.jpg
ISIC_0968965,1.0,../../../data/ISIC_2024_Permissive_Training_Input/ISIC_0968965.jpg
ISIC_7965584,0.0,../../../data/ISIC_2024_Permissive_Training_Input/ISIC_7965584.jpg
ISIC_0917996,0.0,../../../data/ISIC_2024_Permissive_Training_Input/ISIC_0917996.jpg
ISIC_2644939,0.0,../../../data/ISIC_2024_Permissive_Training_Input/ISIC_2644939.jpg
melanoma_5329,1.0,../../../data/hand_filtered_dataset/malignant/mel_train/melanoma_5329.jpg
melanoma_5378,1.0,../../../data/hand_filtered_dataset/malignant/mel_train/melanoma_5378.jpg
ISIC_4451629,0.0,../../../data/ISIC_2024_Permissive_Training_Input/ISIC_4451629.jpg
ISIC_9577607,0.0,../../../data/ISIC_2024_Permissive_Training_Input/ISIC_9577607.jpg
ISIC_3760757,0.0,../../../data/ISIC_2024_Permissive_Training_Input/ISIC_3760757.jpg
melanoma_7702,1.0,../../../data/hand_filtered_dataset/malignant/mel_train/melanoma_7702.jpg
ISIC_4342748,0.0,../../../data/ISIC_2024_Permissive_Training_Input/ISIC_4342748.jpg
ISIC_5193169,1.0,../../../data/ISIC_2024_Permissive_Training_Input/ISIC_5193169.jpg
ISIC_4686161,0.0,../../../data/ISIC_2024_Permissive_Training_Input/ISIC_4686161.jpg
ISIC_6540488,0.0,../../../data/ISIC_2024_Permissive_Training_Input/ISIC_6540488.jpg
melanoma_7224,1.0,../../../data/hand_filtered_dataset/malignant/mel_train/melanoma_7224.jpg
melanoma_7803,1.0,../../../data/hand_filtered_dataset/malignant/mel_train/melanoma_7803.jpg
melanoma_8055,1.0,../../../data/hand_filtered_dataset/malignant/mel_train/melanoma_8055.jpg
melanoma_7676,1.0,../../../data/hand_filtered_dataset/malignant/mel_train/melanoma_7676.jpg
ISIC_5089569,0.0,../../../data/ISIC_2024_Permissive_Training_Input/ISIC_5089569.jpg
melanoma_8394,1.0,../../../data/hand_filtered_dataset/malignant/mel_train/melanoma_8394.jpg
ISIC_5225958,1.0,../../../data/ISIC_2024_Permissive_Training_Input/ISIC_5225958.jpg
ISIC_6658007,0.0,../../../data/ISIC_2024_Permissive_Training_Input/ISIC_6658007.jpg
ISIC_4213720,0.0,../../../data/ISIC_2024_Permissive_Training_Input/ISIC_4213720.jpg
ISIC_8040080,0.0,../../../data/ISIC_2024_Permissive_Training_Input/ISIC_8040080.jpg
ISIC_7231436,1.0,../../../data/ISIC_2024_Permissive_Training_Input/ISIC_7231436.jpg
melanoma_7533,1.0,../../../data/hand_filtered_dataset/malignant/mel_train/melanoma_7533.jpg
melanoma_8387,1.0,../../../data/hand_filtered_dataset/malignant/mel_train/melanoma_8387.jpg
melanoma_5093,1.0,../../../data/hand_filtered_dataset/malignant/mel_train/melanoma_5093.jpg
ISIC_1491297,0.0,../../../data/ISIC_2024_Permissive_Training_Input/ISIC_1491297.jpg
melanoma_7268,1.0,../../../data/hand_filtered_dataset/malignant/mel_train/melanoma_7268.jpg
melanoma_5319,1.0,../../../data/hand_filtered_dataset/malignant/mel_train/melanoma_5319.jpg
ISIC_0738220,0.0,../../../data/ISIC_2024_Permissive_Training_Input/ISIC_0738220.jpg
